source,source_name,target,target_name,relation,entity_type,comment_role,sentiment,confidence,evidence,weight
place:B02F50YS3U,三山森林公园,entity:9ac595910fa83695,摄影打卡,评论呈现体验,体验主题,核心识别,正向,0.95,不少摄影发烧友在捕捉疾驰的列车,1
place:B02F50YS3U,三山森林公园,entity:0d11cbf52b2a1d83,空间景观,评论呈现体验,体验主题,核心识别,正向,0.92,可以俯视山下的高速公路、跨江大桥，以及几条交汇的高铁线,1
place:B02F503R4G,中央电视台南海影视城,entity:2c8cbc347841b61b,太平天国,评论识别历史,历史记忆谱系,核心识别,正向,0.95,是以明清、民国时期文化为背景的仿古建筑群,1
place:B02F503R4G,中央电视台南海影视城,entity:83389f179322c7ee,明清,评论识别历史,历史记忆谱系,背景提及,中性,0.92,是以明清、民国时期文化为背景的仿古建筑群,1
place:B02F503R4G,中央电视台南海影视城,entity:72e587404c506a9f,民国,评论识别历史,历史记忆谱系,背景提及,中性,0.92,是以明清、民国时期文化为背景的仿古建筑群,1
place:B02F503R4G,中央电视台南海影视城,entity:70ccc20459231d3d,江南水乡,评论识别地方性,岭南地方性谱系,核心识别,正向,0.88,一定会以为这就是真实的江南水乡的生活,1
place:B02F503R4G,中央电视台南海影视城,entity:7d972f1eb0b68491,皇宫,评论识别空间,文化空间谱系,伴随识别,正向,0.85,金碧辉煌的皇宫，也让我感觉到惊叹不已,1
place:B02F503R4G,中央电视台南海影视城,entity:0355978eb9ee0252,洪秀全,评论识别人物,人物谱系,背景提及,中性,0.9,天王洪秀全、东王杨秀清的交通工具道具,1
place:B02F503R4G,中央电视台南海影视城,entity:99c93a619965d2bd,杨秀清,评论识别人物,人物谱系,背景提及,中性,0.9,天王洪秀全、东王杨秀清的交通工具道具,1
place:B02F503R4G,中央电视台南海影视城,entity:ab8701b31372a995,三国演义,评论识别历史,历史记忆谱系,背景提及,中性,0.88,据说在这里拍摄过《三国演义》和《太平天国》等电视剧,1
place:B02F503R4G,中央电视台南海影视城,entity:9df947870b8cfa3c,苏东坡,评论识别人物,人物谱系,背景提及,中性,0.85,也是《倩女幽魂》、《三国》、《少年包青天》、《苏东坡》等影视剧的取景地,1
place:B02F503R4G,中央电视台南海影视城,entity:f2652d6660d65686,岭南,评论识别地方性,岭南地方性谱系,伴随识别,正向,0.87,具有岭南特色的香港街区,1
place:B02F503R4G,中央电视台南海影视城,entity:1a230084a9ba2ac8,马术表演,评论呈现体验,体验主题,体验主题,正向,0.93,近距离的观看马术表演也是非常难得的,1
place:B02F503R4G,中央电视台南海影视城,entity:98a8e782ef9e501b,古风摄影,评论呈现体验,体验主题,体验主题,正向,0.91,集古风摄影、娱乐演出、亲子遛娃、观景摄影于一体,1
place:B02F507872,中心广场(玉器街),entity:0d11cbf52b2a1d83,空间景观,评论呈现体验,体验主题,体验主题,正向,0.95,广场以蓝带（水景）、绿带（花草树木）、光带（夜景）为主题,1
place:B02F507872,中心广场(玉器街),entity:9ac595910fa83695,摄影打卡,评论呈现体验,体验主题,体验主题,正向,0.92,可以看看啊拍拍照,1
place:B02F507872,中心广场(玉器街),entity:26d70bea753d5fee,年味,评论呈现体验,体验主题,体验主题,正向,0.88,浓浓的年味,1
place:B02F508KA7,九江双蒸博物馆,entity:cd61d97883fe95e4,米酒文化,评论识别地方性,岭南地方性谱系,核心识别,正向,0.95,九江双蒸博物馆对了解双蒸解和米酒文化有很好的了解,1
place:B02F508KA7,九江双蒸博物馆,entity:68dd9b6cde9f2be5,九江双蒸,评论识别地方性,岭南地方性谱系,核心识别,正向,0.93,使我们了解九江双蒸米酒的百年的历史过程,1
place:B02F508KA7,九江双蒸博物馆,entity:c6ae15aaa64ba4e6,酒文化,评论识别地方性,岭南地方性谱系,核心识别,正向,0.9,一个有关酒文化的主题博物馆,1
place:B02F508KA7,九江双蒸博物馆,entity:0e7346b358a3d59d,青梅酒,评论识别地方性,岭南地方性谱系,伴随识别,正向,0.88,采购平价青梅酒,1
place:B02F508KA7,九江双蒸博物馆,entity:56f5180222f5f3ea,酒酿入菜,评论识别地方性,岭南地方性谱系,伴随识别,正向,0.87,品尝美味酒酿入菜佳餚,1
place:B02F508KA7,九江双蒸博物馆,entity:d2d0aa14df0b005d,醉酒小屋,评论呈现体验,体验主题,体验主题,正向,0.92,醉酒小屋很有意思，值得体验,1
place:B02F508KA7,九江双蒸博物馆,entity:a2034238c6c98731,展陈讲解,评论呈现体验,体验主题,体验主题,正向,0.94,讲解员姐姐很友爱，根据小朋友的情况生动讲解,1
place:B02F508KA7,九江双蒸博物馆,entity:defef074503c8b98,全酒宴,评论呈现体验,体验主题,体验主题,正向,0.89,还有全酒宴的呢,1
place:B0HDDK8M6O,九龙岩,entity:7f2e53566fc4be33,湛子,评论识别人物,人物谱系,背景提及,中性,0.85,附近还有湛子讲学的遗址，随意看看啦,1
place:B0HDDK8M6O,九龙岩,entity:9f74ea5d20178fc9,讲学遗址,评论识别空间,文化空间谱系,背景提及,中性,0.82,附近还有湛子讲学的遗址，随意看看啦,1
place:B0HDDK8M6O,九龙岩,entity:0d11cbf52b2a1d83,空间景观,评论呈现体验,体验主题,核心识别,正向,0.95,景色以峡谷自然风光为主,1
place:B0HDDK8M6O,九龙岩,entity:9ac595910fa83695,摄影打卡,评论呈现体验,体验主题,伴随识别,正向,0.9,拍照看景大约一小时吧,1
place:B0FFGM4O2F,仙湖度假区,entity:0d11cbf52b2a1d83,空间景观,评论呈现体验,体验主题,核心识别,正向,0.95,湖畔修了很多栈道，也有单车道,1
place:B0FFGM4O2F,仙湖度假区,entity:3f726c49dc70760b,商业消费,评论呈现体验,体验主题,伴随识别,正向,0.9,入住一次最高级那家度假酒店,1
place:B0JGYHX5I0,佛山市岭南金融博物馆(新馆),entity:712ccd6504e9df07,清代货币,评论识别历史,历史记忆谱系,核心识别,正向,0.95,涵盖了古钱、古钞、清代货币、民国各类货币,1
place:B0JGYHX5I0,佛山市岭南金融博物馆(新馆),entity:72e587404c506a9f,民国,评论识别历史,历史记忆谱系,核心识别,中性,0.92,聚焦于民国时期的金融动荡与变革,1
place:B0JGYHX5I0,佛山市岭南金融博物馆(新馆),entity:931bb77438128d5e,红色货币,评论识别历史,历史记忆谱系,核心识别,正向,0.93,通过红色货币的展示，让人们了解了革命时期的金融斗争,1
place:B0JGYHX5I0,佛山市岭南金融博物馆(新馆),entity:bee50dfa2f2f66e3,广东货币,评论识别地方性,岭南地方性谱系,核心识别,正向,0.88,专门展示了广东地区的金融发展历程,1
place:B0JGYHX5I0,佛山市岭南金融博物馆(新馆),entity:f2652d6660d65686,岭南,评论识别地方性,岭南地方性谱系,伴随识别,正向,0.85,更是岭南地区金融文化的生动写照,1
place:B0JGYHX5I0,佛山市岭南金融博物馆(新馆),entity:e4664c4f4854ee3c,庐江书院,评论识别空间,文化空间谱系,背景提及,中性,0.7,岭南金融博物馆选址为广州市越秀区教育路流水井 29 号庐江书院,1
place:B0JGYHX5I0,佛山市岭南金融博物馆(新馆),entity:3d7d0ab000b1755d,南越王,评论识别人物,人物谱系,背景提及,中性,0.75,最早追溯至南越王先祖政权建制之时,1
place:B0JGYHX5I0,佛山市岭南金融博物馆(新馆),entity:da705d72fad12e44,古代青铜器,评论识别非遗,非遗民俗谱系,伴随识别,正向,0.82,馆内藏有精美绝伦的古代青铜器、铜镜、陶器,1
place:B0JGYHX5I0,佛山市岭南金融博物馆(新馆),entity:a2034238c6c98731,展陈讲解,评论呈现体验,体验主题,体验主题,正向,0.9,不仅有专业的讲解员为你答疑解惑,1
place:B0JGYHX5I0,佛山市岭南金融博物馆(新馆),entity:b596e8027196e19c,文化认知,评论呈现体验,体验主题,体验主题,正向,0.88,让人在欣赏文物的同时，也对中国金融史有了更深入的了解,1
place:B0FFF0FDHE,佛山植物园,entity:0d11cbf52b2a1d83,空间景观,评论呈现体验,体验主题,核心识别,正向,0.95,进入佛山植物园犹如坠入一片绿海，所见之处林木莽莽,1
place:B0FFF0FDHE,佛山植物园,entity:b596e8027196e19c,文化认知,评论呈现体验,体验主题,核心识别,正向,0.92,仔细慢慢看树上挂着的标牌，能够学到很多关于植物方面的知识,1
place:B0FFF0FDHE,佛山植物园,entity:9ac595910fa83695,摄影打卡,评论呈现体验,体验主题,伴随识别,中性,0.85,适合喜欢安静的情侣拍拖,1
place:B02F506TYO,千灯湖,entity:f2652d6660d65686,岭南,评论识别地方性,岭南地方性谱系,背景提及,中性,0.85,还有岭南金融博物馆可以参观,1
place:B02F506TYO,千灯湖,entity:47be23c7bd41723d,博物馆,评论识别空间,文化空间谱系,核心识别,正向,0.92,岭南金融博物馆可以参观,1
place:B02F506TYO,千灯湖,entity:bf255e398b374940,大观博物馆,评论识别空间,文化空间谱系,核心识别,正向,0.95,如大观博物馆，为游客提供了深入了解当地文化历史的机会,1
place:B02F506TYO,千灯湖,entity:6fd2212c3d0b2b67,公共读书驿站,评论识别空间,文化空间谱系,伴随识别,正向,0.88,公园内设有公共读书驿站，提供了一个充满书香气息的环境,1
place:B02F506TYO,千灯湖,entity:73616be3350b183a,历史观测塔,评论识别空间,文化空间谱系,伴随识别,正向,0.82,如历史观测塔、水上茶亭、柏树茶店等,1
place:B02F506TYO,千灯湖,entity:c54657f785e2c0cf,水上茶亭,评论识别空间,文化空间谱系,伴随识别,正向,0.82,如历史观测塔、水上茶亭、柏树茶店等,1
place:B02F506TYO,千灯湖,entity:1d6aec441cdc92cb,石灯,评论识别空间,文化空间谱系,伴随识别,正向,0.78,我看到了许多造型各异的石灯，它们或高或矮，或古朴或精致,1
place:B02F506TYO,千灯湖,entity:eb040022542e1fb6,亭子,评论识别空间,文化空间谱系,伴随识别,正向,0.75,一座古色古香的亭子映入眼帘,1
place:B02F506TYO,千灯湖,entity:3028ea837990285a,礌岗塔,评论识别空间,文化空间谱系,背景提及,中性,0.8,也可走到礌岗塔（连通）,1
place:B02F506TYO,千灯湖,entity:bc166890b4840984,粤式茶点,评论识别地方性,岭南地方性谱系,核心识别,正向,0.9,集合在千灯食通天来过粤式茶点饱饱在去游湖,1
place:B02F506TYO,千灯湖,entity:dd633d765eb9311a,灯光秀,评论呈现体验,体验主题,核心识别,正向,0.93,千灯湖的灯光秀更是一大亮点,1
place:B02F506TYO,千灯湖,entity:b596e8027196e19c,文化认知,评论呈现体验,体验主题,核心识别,正向,0.89,为游客提供了深入了解当地文化历史的机会,1
place:B02F506TYO,千灯湖公园,entity:842bf04e4a40cd06,南国水乡特色,评论识别地方性,岭南地方性谱系,背景提及,正向,0.85,体现了水网纵横的南国水乡特色与传统历史风韵,1
place:B02F506TYO,千灯湖公园,entity:760d33614f5701c9,水上光影表演,评论呈现体验,体验主题,核心识别,正向,0.95,8 点和 9 点还有水上光影表演看，效果挺不错的,1
place:B02F506TYO,千灯湖公园,entity:ff1cf737abec2bb7,喷泉表演,评论呈现体验,体验主题,核心识别,中性,0.92,查好星期五，六的喷泉表演位置和時間,1
place:B02F506TYO,千灯湖公园,entity:0d11cbf52b2a1d83,空间景观,评论呈现体验,体验主题,伴随识别,正向,0.88,白天与黑夜完全是不同的感觉...华灯初上，成百上千盏灯同时将湖景照亮,1
place:B02F506TYO,千灯湖公园,entity:9ac595910fa83695,摄影打卡,评论呈现体验,体验主题,伴随识别,正向,0.9,摄影爱好者想拍夜景此处不错,1
place:B0HRVR1I92,千灯湖公园-南区,entity:1004067320a166dc,书画展,评论呈现体验,体验主题,伴随识别,正向,0.85,公园也经常举办各种文化活动，如书画展、音乐会等,1
place:B0HRVR1I92,千灯湖公园-南区,entity:1cb0a4929545ef82,音乐会,评论呈现体验,体验主题,伴随识别,正向,0.85,公园也经常举办各种文化活动，如书画展、音乐会等,1
place:B0HRVR1I92,千灯湖公园-南区,entity:34c1496b37b6d471,公共读书驿站,评论呈现体验,体验主题,背景提及,正向,0.78,公园内的公共读书驿站，为游客提供了一个静谧的阅读环境,1
place:B0FFIUK5ZQ,千灯湖公园北区,entity:2d4ac0e32dfcd911,岭南文化,评论识别地方性,岭南地方性谱系,背景提及,正向,0.65,让游客在游玩的同时领略到了岭南文化的独特魅力,1
place:B0FFIUK5ZQ,千灯湖公园北区,entity:8370508c2eba9643,金融博物馆,评论识别空间,文化空间谱系,背景提及,中性,0.85,还有这边的金融博物馆也是坐落在北区旁边,1
place:B0FFIUK5ZQ,千灯湖公园北区,entity:88dde9d4db470b02,大红灯笼,评论识别非遗,非遗民俗谱系,伴随识别,正向,0.75,大红灯笼已经高高挂起,1
place:B0FFIUK5ZQ,千灯湖公园北区,entity:c99a1548b7fdad28,太极拳,评论识别非遗,非遗民俗谱系,伴随识别,正向,0.8,你会看到一位大爷在练习太极拳,1
place:B0FFIUK5ZQ,千灯湖公园北区,entity:0d11cbf52b2a1d83,空间景观,评论呈现体验,体验主题,核心识别,正向,0.95,湖面上数千盏灯光渐次亮起...营造出一种梦幻般的氛围,1
place:B0FFIUK5ZQ,千灯湖公园北区,entity:9ac595910fa83695,摄影打卡,评论呈现体验,体验主题,核心识别,正向,0.9,虽然早上都陆陆续续有人黎打卡,1
place:9c67c9031c96,千灯湖创投特色小镇,entity:0d11cbf52b2a1d83,空间景观,评论呈现体验,体验主题,核心识别,正向,0.95,高楼林立间，校园风独栋低层办公楼错落有致，与周围的湖景和河景交相辉映,1
place:9c67c9031c96,千灯湖创投特色小镇,entity:9ac595910fa83695,摄影打卡,评论呈现体验,体验主题,核心识别,正向,0.92,吸引 d 人黎打卡,1
place:9c67c9031c96,千灯湖创投特色小镇,entity:dd633d765eb9311a,灯光秀,评论呈现体验,体验主题,核心识别,中性,0.88,听闻千灯湖创投小镇晚上有灯光骚,1
place:B0FFG4B8C9,南国桃园,entity:f2652d6660d65686,岭南,评论识别地方性,岭南地方性谱系,背景提及,正向,0.85,一处充满岭南风情的旅游胜地,1
place:B0FFG4B8C9,南国桃园,entity:c8fc16275f6c5fcf,南海观音寺,评论识别空间,文化空间谱系,核心识别,正向,0.95,南海观音寺。门票 10 元，当然也不能错过啦,1
place:B0FFG4B8C9,南国桃园,entity:4b4d1342137b53e5,古建筑,评论识别空间,文化空间谱系,伴随识别,正向,0.88,古建筑、雕塑、碑刻等艺术珍品遍布其间,1
place:B0FFG4B8C9,南国桃园,entity:cd195578fc0f18ca,碑刻,评论识别空间,文化空间谱系,伴随识别,正向,0.88,古建筑、雕塑、碑刻等艺术珍品遍布其间,1
place:B0FFG4B8C9,南国桃园,entity:fcd7b82d2aa5d210,南海影视城,评论识别空间,文化空间谱系,核心识别,中性,0.92,旁边还有个景点，南海影视城,1
place:B0FFG4B8C9,南国桃园,entity:dabb1758e2b9fa7a,汉服,评论识别地方性,岭南地方性谱系,体验主题,正向,0.8,穿汉服来拍照的小姐姐美到窒息,1
place:B0FFG4B8C9,南国桃园,entity:9e010edbb3d6d9db,珠江三角洲,评论识别地方性,岭南地方性谱系,背景提及,正向,0.75,这里是珠江三角洲内自然条件尚末受到人为破环、污染的地区之一,1
place:B0FFF3NK66,南海博物馆,entity:857a6f631c51480b,石景宜,评论识别人物,人物谱系,核心识别,正向,0.95,这个博物馆主要是介绍石景宜的事迹和他收藏的藏品,1
place:B0FFF3NK66,南海博物馆,entity:c9c36e4600677fe7,贝叶经,评论识别非遗,非遗民俗谱系,伴随识别,中性,0.88,有贝叶经、书画作品、工艺品等等,1
place:B0FFF3NK66,南海博物馆,entity:b1082eba5991aa19,南海记忆,评论识别历史,历史记忆谱系,核心识别,正向,0.92,博物馆方面的展览主要有南海记忆，这是介绍南海历史的,1
place:B0FFF3NK66,南海博物馆,entity:ce5c96ee96c900f2,非物质文化遗产,评论识别非遗,非遗民俗谱系,背景提及,中性,0.85,还有一个书画展览、名人展和非物质文化遗产的展览,1
place:B0FFF3NK66,南海博物馆,entity:f2652d6660d65686,岭南,评论识别地方性,岭南地方性谱系,背景提及,正向,0.75,南海人杰地灵,1
place:B0FFF3NK66,南海博物馆,entity:a2034238c6c98731,展陈讲解,评论呈现体验,体验主题,体验主题,正向,0.9,主要的展览在二楼...参观起来还是比较顺畅的,1
place:B0FFF3NK66,南海博物馆,entity:9ac595910fa83695,摄影打卡,评论呈现体验,体验主题,体验主题,正向,0.88,散散步拍拍照,1
place:B0FFF3NK66,南海博物馆,entity:b596e8027196e19c,文化认知,评论呈现体验,体验主题,体验主题,正向,0.91,可以了解到南海的历史,1
place:B02F50YH2H,南海湾森林生态园,entity:f2652d6660d65686,岭南,评论识别地方性,岭南地方性谱系,背景提及,正向,0.85,有着沁人心脾的原生态自然气息，不愧是南海人的避世佳境,1
place:B02F50YH2H,南海湾森林生态园,entity:907aefd2013ecd62,庆云洞,评论识别空间,文化空间谱系,核心识别,正向,0.95,岭南道场一绝庆云洞,1
place:B02F50YH2H,南海湾森林生态园,entity:816121a12731b673,接源桥,评论识别空间,文化空间谱系,伴随识别,正向,0.92,最具魅力古建筑 - 接源桥,1
place:B02F50YH2H,南海湾森林生态园,entity:7a4ca60efc9bcfeb,吕祖棋盘,评论识别历史,历史记忆谱系,伴随识别,中性,0.88,神仙圣地 - 吕祖棋盘,1
place:B02F50YH2H,南海湾森林生态园,entity:ebba1e02157565c6,康熙天下第一“福”字,评论识别历史,历史记忆谱系,伴随识别,中性,0.9,康熙天下第一“福”字等等,1
place:B02F50YH2H,南海湾森林生态园,entity:4b55dface0e9550a,庆云道观,评论识别空间,文化空间谱系,核心识别,正向,0.94,就像庆云道观旁边的牌匾上写的“最具魅力古建筑”,1
place:B02F50YH2H,南海湾森林生态园,entity:3a9a213b84d51749,道教文化,评论识别非遗,非遗民俗谱系,背景提及,正向,0.87,百年庆云洞道观祈福,1
place:B02F50YH2H,南海湾森林生态园,entity:0d11cbf52b2a1d83,空间景观,评论呈现体验,体验主题,体验主题,正向,0.96,溪水清澈，瀑布层叠，夏季清凉吸氧绝佳,1
place:B02F50YH2H,南海湾森林生态园,entity:9ac595910fa83695,摄影打卡,评论呈现体验,体验主题,体验主题,正向,0.93,拍照也是小清新的日系风,1
place:B02F503PVG,南海湿地主题公园,entity:0af3d39585d878d6,毛利土著文化,评论识别地方性,岭南地方性谱系,伴随识别,中性,0.85,展示了湿地生态资源和毛利土著文化,1
place:B02F503PVG,南海湿地主题公园,entity:5f2a592e4e447143,原始人的舞蹈表演,评论呈现体验,体验主题,核心识别,中性,0.9,还有原始人的舞蹈表演,1
place:a4bf812bb343,南海湿地公园,entity:0d11cbf52b2a1d83,空间景观,评论呈现体验,体验主题,核心识别,正向,0.95,沿途的风景很美，意境优美，对着江边挺舒服,1
place:a4bf812bb343,南海湿地公园,entity:9ac595910fa83695,摄影打卡,评论呈现体验,体验主题,伴随识别,正向,0.92,一路聊天，一路拍照,1
place:a4bf812bb343,南海湿地公园,entity:3f726c49dc70760b,商业消费,评论呈现体验,体验主题,伴随识别,正向,0.88,儿童游乐设施多，机动游戏玩，烧烤场，骑马,1
place:B0FFH42HYC,南海神庙,entity:5c3854c24a08df9e,祝融,评论识别人物,人物谱系,核心识别,正向,0.95,除海神祝融外，庙内珍藏着大量帝王祭碑,1
place:B0FFH42HYC,南海神庙,entity:e49adb13a672694a,韩愈,评论识别人物,人物谱系,伴随识别,正向,0.92,包括唐朝的韩愈碑,1
place:B0FFH42HYC,南海神庙,entity:9df947870b8cfa3c,苏东坡,评论识别人物,人物谱系,伴随识别,正向,0.92,因韩愈苏东坡到此并留诗而成扶胥浴日盛景,1
place:B0FFH42HYC,南海神庙,entity:a0dcea74b6cb88f0,明顺夫人,评论识别人物,人物谱系,背景提及,中性,0.88,宋朝的时候，还给南海神封了一位海神夫人～明顺夫人,1
place:B0FFH42HYC,南海神庙,entity:91dc7453f4f2461f,舞狮,评论识别非遗,非遗民俗谱系,伴随识别,正向,0.9,民风醇厚，舞狮龙舟等非遗文化得以保存,1
place:B0FFH42HYC,南海神庙,entity:541c3bd901268080,龙舟,评论识别非遗,非遗民俗谱系,伴随识别,正向,0.9,民风醇厚，舞狮龙舟等非遗文化得以保存,1
place:B0FFH42HYC,南海神庙,entity:1c0a428b06bee7df,波罗诞,评论识别非遗,非遗民俗谱系,核心识别,正向,0.96,每年农历二月十一至十三号，这里会举行南海神诞，又叫波罗诞,1
place:B0FFH42HYC,南海神庙,entity:daf8c7547d148e6a,浴日亭,评论识别空间,文化空间谱系,核心识别,正向,0.94,此地还有浴日亭，因韩愈苏东坡到此并留诗而成扶胥浴日盛景,1
place:B0FFH42HYC,南海神庙,entity:cd195578fc0f18ca,碑刻,评论识别空间,文化空间谱系,核心识别,正向,0.93,庙内珍藏着大量帝王祭碑和名人碑刻,1
place:B0FFH42HYC,南海神庙,entity:4c1247673d79f4d2,海事博物馆,评论识别空间,文化空间谱系,伴随识别,中性,0.85,附近新开了一座海事博物馆,1
place:B0FFH42HYC,南海神庙,entity:30e58243ac6b39dc,隋唐,评论识别历史,历史记忆谱系,背景提及,中性,0.91,始建于隋（公元 594 年）,1
place:B0FFH42HYC,南海神庙,entity:8b82788f67f37087,海上丝绸之路,评论识别历史,历史记忆谱系,核心识别,正向,0.94,见证了海上丝绸之路的起点,1
place:B0FFH42HYC,南海神庙,entity:dddfa5d67e22cfb5,祭海,评论识别历史,历史记忆谱系,核心识别,中性,0.92,古代皇帝祭海地,1
place:B0FFH42HYC,南海神庙,entity:f2652d6660d65686,岭南,评论识别地方性,岭南地方性谱系,伴随识别,正向,0.89,除此还有岭南风情的的建筑风格展示,1
place:B0FFH42HYC,南海神庙,entity:e4ff5cf43efee5a2,广府,评论识别地方性,岭南地方性谱系,背景提及,中性,0.75,是个广州的古地方,1
place:B0FFH42HYC,南海神庙,entity:a2034238c6c98731,展陈讲解,评论呈现体验,体验主题,体验主题,正向,0.88,船模展和出土文物展，让人惊叹于古代劳动人民的聪明才智,1
place:B0FFH42HYC,南海神庙,entity:0d11cbf52b2a1d83,空间景观,评论呈现体验,体验主题,体验主题,正向,0.9,绿树成荫，空气清新，遮天蔽日，蝉噪鸟鸣，林静庙幽,1
place:B0FFH42HYC,南海神庙,entity:b596e8027196e19c,文化认知,评论呈现体验,体验主题,体验主题,正向,0.87,让更多人了解南海社庙的历史,1
place:B0FFH22EBA,南海花卉博览园,entity:9ac595910fa83695,摄影打卡,评论呈现体验,体验主题,体验主题,正向,0.85,长得像各式各样各种色彩搭配的蝴蝶,1
place:B0FFH22EBA,南海花卉博览园,entity:0d11cbf52b2a1d83,空间景观,评论呈现体验,体验主题,体验主题,正向,0.88,整个过程非常过瘾,1
place:B0FFG0YUHE,南海观音寺,entity:dad5151b8c19d600,拜佛许愿还愿,评论识别非遗,非遗民俗谱系,核心识别,中性,0.95,听我姐说拜佛是一拜拜三年的，不然你之前拜佛许的愿都落空了，拜佛许愿是需要还愿的,1
place:B0FFG0YUHE,南海观音寺,entity:7076fd50f48d4d34,观音开库,评论识别非遗,非遗民俗谱系,核心识别,正向,0.98,每年农历正月二十六日为观音开库（亦即观音寺庙日）参拜的信徒达数万之众,1
place:B0FFG0YUHE,南海观音寺,entity:6c987551a65579ae,宫殿式寺宇,评论识别空间,文化空间谱系,伴随识别,正向,0.92,观音寺是属于宫殿式寺宇，安有上御道与龙雕,1
place:B0FFG0YUHE,南海观音寺,entity:5159eb3f8c45e16f,御道,评论识别空间,文化空间谱系,伴随识别,正向,0.9,观音寺的中轴线上有汉白玉九龙朝阳及莲花浮雕，名为御道,1
place:B0FFG0YUHE,南海观音寺,entity:65447d3e14f4625d,宋太宗淳化五年,评论识别历史,历史记忆谱系,背景提及,中性,0.88,南海观音寺建于公元 990 年（即宋太宗淳化五年），距今已有一千年历史,1
place:B0FFG0YUHE,南海观音寺,entity:51a6bcd467143988,佛家禅意,评论识别地方性,岭南地方性谱系,体验主题,正向,0.85,深的佛家禅意,1
place:B0FFG0YUHE,南海观音寺,entity:412efaf8f7127c19,烧香拜佛,评论识别非遗,非遗民俗谱系,核心识别,负向,0.93,我觉得烧香拜佛是自愿的，不能这样强迫客户消费,1
place:B0FFG0YUHE,南海观音寺,entity:9ac595910fa83695,摄影打卡,评论呈现体验,体验主题,体验主题,正向,0.8,做为佛山网红打卡点，是一个你来了就不想走的地方,1
place:B0LA2ULNM1,南海鹿尔花园,entity:0d11cbf52b2a1d83,空间景观,评论呈现体验,体验主题,体验主题,正向,0.95,环境不错，绿植也比较多,1
place:B0LA2ULNM1,南海鹿尔花园,entity:3f726c49dc70760b,商业消费,评论呈现体验,体验主题,体验主题,负向,0.92,门票比较贵,1
place:B0LA2ULNM1,南海鹿尔花园,entity:9004d3d5de467265,表演活动,评论呈现体验,体验主题,体验主题,中性,0.88,4D 电影,1
place:B0FFLEX7DN,叠滘水乡,entity:541c3bd901268080,龙舟,评论识别非遗,非遗民俗谱系,核心识别,正向,0.98,除了鼎鼎大名的龙舟比赛外,1
place:B0FFLEX7DN,叠滘水乡,entity:ce82cd4f5e6e56d8,水乡,评论识别地方性,岭南地方性谱系,伴随识别,正向,0.85,这里很有江南水乡的感觉,1
place:B0FFLEX7DN,叠滘水乡,entity:7683004613ab1aba,龙船漂移,评论识别非遗,非遗民俗谱系,核心识别,正向,0.96,尋根龍船漂移,1
place:B0FFLEX7DN,叠滘水乡,entity:423bef186a527645,河道,评论识别空间,文化空间谱系,伴随识别,正向,0.82,發現還有很多有意思的河道,1
place:B0FFLEX7DN,叠滘水乡,entity:34e0f9b0e03245cc,龙船文创,评论识别非遗,非遗民俗谱系,体验主题,正向,0.88,中國郵政的龍船文創店,1
place:B0FFLEX7DN,叠滘水乡,entity:9ac595910fa83695,摄影打卡,评论呈现体验,体验主题,体验主题,正向,0.9,打卡拍照好出片,1
place:B0FFLEX7DN,叠滘水乡,entity:f84017bdf5bad67e,画展,评论呈现体验,体验主题,体验主题,正向,0.85,还有画展,1
place:B02F50UTH5,叶问宗师馆,entity:64d266e76ec289ae,叶问,评论识别人物,人物谱系,核心识别,正向,0.98,因为叶问，咏春拳走向了全世界,1
place:B02F50UTH5,叶问宗师馆,entity:96e6271e1dd8484d,黄飞鸿,评论识别人物,人物谱系,伴随识别,正向,0.95,起初对佛山的全面印象，则来之于黄飞鸿,1
place:B02F50UTH5,叶问宗师馆,entity:2b94265b534d9972,咏春拳,评论识别非遗,非遗民俗谱系,核心识别,正向,0.96,了解咏春的文化,1
place:B02F50UTH5,叶问宗师馆,entity:8136453f5bc01264,祖屋,评论识别空间,文化空间谱系,核心识别,正向,0.92,叶问，祖屋,1
place:B02F50UTH5,叶问宗师馆,entity:1d1abd36471f17dd,传统粤式民居,评论识别空间,文化空间谱系,伴随识别,正向,0.91,很有意思，传统粤式民居,1
place:B02F50UTH5,叶问宗师馆,entity:f2652d6660d65686,岭南,评论识别地方性,岭南地方性谱系,背景提及,正向,0.89,非常具有岭南特色的功夫大师建筑物,1
place:B02F50UTH5,叶问宗师馆,entity:04fba69b45894b51,中国功夫,评论识别非遗,非遗民俗谱系,背景提及,正向,0.85,历史沉淀，叶问纪念馆，中国功夫,1
place:B02F50UTH5,叶问宗师馆,entity:b596e8027196e19c,文化认知,评论呈现体验,体验主题,体验主题,正向,0.93,第一次在真实世界里走进了两位大侠的生平事迹,1
place:B0FFFV3BG0,听音广场,entity:a74f7eadb634f4c9,康有为,评论识别人物,人物谱系,背景提及,中性,0.95,历史上留有康有为、詹天佑、黄飞鸿、董必武、郭沫若、霍韬、湛若水等名人足迹,1
place:B0FFFV3BG0,听音广场,entity:450e1440c68614a3,詹天佑,评论识别人物,人物谱系,背景提及,中性,0.95,历史上留有康有为、詹天佑、黄飞鸿、董必武、郭沫若、霍韬、湛若水等名人足迹,1
place:B0FFFV3BG0,听音广场,entity:96e6271e1dd8484d,黄飞鸿,评论识别人物,人物谱系,背景提及,中性,0.95,历史上留有康有为、詹天佑、黄飞鸿、董必武、郭沫若、霍韬、湛若水等名人足迹,1
place:B0FFFV3BG0,听音广场,entity:e6a16adc0c22ecde,珠江文明,评论识别历史,历史记忆谱系,背景提及,中性,0.88,是广东四大名山之一、珠江文明的发源地,1
place:B0FFFV3BG0,听音广场,entity:3424c856de070c9c,音乐的演唱活动,评论呈现体验,体验主题,核心识别,正向,0.92,在这边还会搞一些音乐的演唱活动,1
place:B0FFFV3BG0,听音广场,entity:1cb0a4929545ef82,音乐会,评论呈现体验,体验主题,核心识别,正向,0.9,在这边搞个音乐会，其实还是可以的,1
place:B0FFFV3BG0,听音广场,entity:9ac595910fa83695,摄影打卡,评论呈现体验,体验主题,伴随识别,正向,0.85,拍照很出片,1
place:B0FFFV3BG0,听音广场,entity:0d11cbf52b2a1d83,空间景观,评论呈现体验,体验主题,核心识别,正向,0.88,夜景很美很漂亮,1
place:37ad4e63c7e0,听音湖,entity:a74f7eadb634f4c9,康有为,评论识别人物,人物谱系,背景提及,中性,0.95,历史上留有康有为、詹天佑、黄飞鸿、董必武、郭沫若、霍韬、湛若水等名人足迹,1
place:37ad4e63c7e0,听音湖,entity:450e1440c68614a3,詹天佑,评论识别人物,人物谱系,背景提及,中性,0.95,历史上留有康有为、詹天佑、黄飞鸿、董必武、郭沫若、霍韬、湛若水等名人足迹,1
place:37ad4e63c7e0,听音湖,entity:96e6271e1dd8484d,黄飞鸿,评论识别人物,人物谱系,背景提及,中性,0.95,历史上留有康有为、詹天佑、黄飞鸿、董必武、郭沫若、霍韬、湛若水等名人足迹,1
place:37ad4e63c7e0,听音湖,entity:e6a16adc0c22ecde,珠江文明,评论识别历史,历史记忆谱系,背景提及,正向,0.88,是广东四大名山之一、珠江文明的发源地,1
place:37ad4e63c7e0,听音湖,entity:f2652d6660d65686,岭南,评论识别地方性,岭南地方性谱系,伴随识别,正向,0.85,核心体验：仙境瀑布 + 岭南美学,1
place:37ad4e63c7e0,听音湖,entity:5114a477d458cabb,汉服,评论识别非遗,非遗民俗谱系,体验主题,正向,0.92,穿汉服拍剪影秒出大片,1
place:37ad4e63c7e0,听音湖,entity:94f705d34456fa32,早茶,评论识别地方性,岭南地方性谱系,伴随识别,正向,0.9,这里的早茶，午餐花式新颖,1
place:37ad4e63c7e0,听音湖,entity:47d8611505448c03,樵山文化中心,评论识别空间,文化空间谱系,核心识别,正向,0.94,樵山文化中心是听音湖的地标性建筑,1
place:37ad4e63c7e0,听音湖,entity:9aac0cce86cb3c0b,观心小镇,评论识别空间,文化空间谱系,核心识别,中性,0.91,来到对岸的观心小镇,1
place:37ad4e63c7e0,听音湖,entity:5d807ccb6cdb8297,草地音乐会,评论呈现体验,体验主题,核心识别,正向,0.93,草地音乐会真的是相当的不错,1
place:37ad4e63c7e0,听音湖,entity:10699386a145f8e6,夜景灯光,评论呈现体验,体验主题,核心识别,正向,0.89,灯光变幻下宛如流动的彩缎,1
place:B0FFG4RUQU,吴家大院,entity:f6f29bce7c697c2a,清末光绪年间,评论识别历史,历史记忆谱系,核心识别,中性,0.95,始建于清末光绪年间的吴家大院,1
place:B0FFG4RUQU,吴家大院,entity:cb3dc569b033165f,中西合壁的大宅,评论识别空间,文化空间谱系,核心识别,正向,0.92,中西合壁的大宅,1
place:B0FFG4RUQU,吴家大院,entity:c2294e8a45365cd7,南海区侨乡博物馆,评论识别空间,文化空间谱系,核心识别,中性,0.98,现在是南海区侨乡博物馆,1
place:B0FFG4RUQU,吴家大院,entity:fea3a2695346be20,侨乡,评论识别地方性,岭南地方性谱系,核心识别,中性,0.94,九江是侨乡,1
place:B0FFG4RUQU,吴家大院,entity:96c2f691a5aa43c7,吴氏族人,评论识别人物,人物谱系,伴随识别,中性,0.88,吴氏族人从海外淘金归来后所建,1
place:B0FFG4RUQU,吴家大院,entity:6320c06d68fcdfbe,吴庚南,评论识别人物,人物谱系,核心识别,中性,0.96,由越南华侨吴庚南及畅如兄弟始建于清末光绪年间,1
place:B0FFG4RUQU,吴家大院,entity:ddfb0e40ef6d607d,吴慎德堂,评论识别空间,文化空间谱系,背景提及,中性,0.9,后改为“吴慎德堂”,1
place:B0FFG4RUQU,吴家大院,entity:12379015e6ea9aeb,双耳屋,评论识别空间,文化空间谱系,核心识别,正向,0.93,保存比较完整的双耳屋,1
place:B0FFG4RUQU,吴家大院,entity:dbc1aa1dc7f51c0a,家族记忆,评论识别历史,历史记忆谱系,核心识别,正向,0.91,展示九江镇吴姓家族的故事,1
place:B0FFG4RUQU,吴家大院,entity:48eb2e341e37163e,古色古香,评论呈现体验,体验主题,体验主题,正向,0.85,喜欢古色古香的朋友可以来看看,1
place:B0FFG4RUQU,吴家大院,entity:fbafaf970c9a8bc1,九江历史文化展映,评论呈现体验,体验主题,体验主题,中性,0.89,里面陈设了九江历史文化展映,1
place:B0FFG24UH1,基督教盐步堂,entity:9ac595910fa83695,摄影打卡,评论呈现体验,体验主题,核心识别,正向,0.95,喜欢拍照的朋友去吧,1
place:B0FFG24UH1,基督教盐步堂,entity:0d11cbf52b2a1d83,空间景观,评论呈现体验,体验主题,核心识别,正向,0.92,洁白如画 天高云淡,1
place:B0FFG24UH1,基督教盐步堂,entity:b596e8027196e19c,文化认知,评论呈现体验,体验主题,伴随识别,正向,0.85,每次都有不一样的感悟，永生之道，复活在望,1
place:B0H0J7XPQC,夏漖粮园·喜文化创意基地,entity:4da43eb53ab88ebb,百年老粮仓,评论识别空间,文化空间谱系,核心识别,正向,0.95,这里由百年老粮仓改造而成,1
place:B0H0J7XPQC,夏漖粮园·喜文化创意基地,entity:eb4aeab3cb45e012,岭南水乡,评论识别地方性,岭南地方性谱系,伴随识别,正向,0.88,完美融合了岭南水乡的静谧与文艺气息,1
place:B0H0J7XPQC,夏漖粮园·喜文化创意基地,entity:87f55e30c437224b,红砖碧瓦,评论识别空间,文化空间谱系,背景提及,正向,0.75,小桥流水、红砖碧瓦,1
place:B0H0J7XPQC,夏漖粮园·喜文化创意基地,entity:6c389752a363d242,米仓艺术空间,评论识别空间,文化空间谱系,核心识别,正向,0.82,米仓艺术空间 怀旧电影感拿捏了,1
place:B0H0J7XPQC,夏漖粮园·喜文化创意基地,entity:b8e9bd6e716a311b,西瓜小姐环球梦之旅展览,评论呈现体验,体验主题,核心识别,正向,0.9,恰逢夏漖粮园园区内正有西瓜小姐的展览,1
place:B0H0J7XPQC,夏漖粮园·喜文化创意基地,entity:5b76dbc343a34f91,3D 画互动,评论呈现体验,体验主题,核心识别,正向,0.85,可以沉浸式与 3D 画互动,1
place:B0H0J7XPQC,夏漖粮园·喜文化创意基地,entity:6c1e2013f287ba7d,香纂茶道,评论呈现体验,体验主题,伴随识别,正向,0.78,体验香纂茶道 静心练字超治愈,1
place:B0FFIR4D6W,大观博物馆,entity:8d92abc6d688a86e,青铜镜,评论识别非遗,非遗民俗谱系,核心识别,正向,0.95,成为了青铜镜艺术的殿堂,1
place:B0FFIR4D6W,大观博物馆,entity:e06c448b447961ba,经幢碑刻,评论识别空间,文化空间谱系,伴随识别,中性,0.88,收藏了古代青铜器、汉唐陶器、琉璃古珠、经幢碑刻,1
place:B0FFIR4D6W,大观博物馆,entity:aaa03fa384f4bad6,宋徽宗,评论识别人物,人物谱系,背景提及,中性,0.92,博物馆以金石收藏大家宋徽宗的年号“大观”命名,1
place:B0FFIR4D6W,大观博物馆,entity:6acd7bb2a97a14ee,丁方忠,评论识别人物,人物谱系,背景提及,中性,0.9,由民营企业家丁方忠及其弟弟丁芳桂创建,1
place:B0FFIR4D6W,大观博物馆,entity:f2652d6660d65686,岭南,评论识别地方性,岭南地方性谱系,背景提及,中性,0.85,原来大观与岭南金融博物馆是一家,1
place:B0FFIR4D6W,大观博物馆,entity:a2034238c6c98731,展陈讲解,评论呈现体验,体验主题,体验主题,正向,0.93,不仅以其丰富的藏品和独特的展览吸引着无数历史与艺术爱好者,1
place:B0FFIR4D6W,大观博物馆,entity:b596e8027196e19c,文化认知,评论呈现体验,体验主题,体验主题,正向,0.91,让人仿佛穿越了时空，回到了那个辉煌灿烂的时代,1
place:B0FFHJ45NL,天湖公园,entity:96e6271e1dd8484d,黄飞鸿,评论识别人物,人物谱系,核心识别,正向,0.95,意外收获：'2010 年‘黄飞鸿杯’华人醒狮邀请赛——水上擂台’正在上演,2
place:B0FFHJ45NL,天湖公园,entity:1d7c1a1f3acdd8a3,醒狮,评论识别非遗,非遗民俗谱系,核心识别,正向,0.96,从小看舞狮，第一次看见在水上打擂,1
place:B0FFHJ45NL,天湖公园,entity:91dc7453f4f2461f,舞狮,评论识别非遗,非遗民俗谱系,伴随识别,正向,0.93,国庆在这里还有舞狮竞赛,1
place:B0FFHJ45NL,天湖公园,entity:b0bbcaf0f5347e0c,黄飞鸿醒狮的看台,评论识别空间,文化空间谱系,背景提及,中性,0.88,那边还有一个黄飞鸿醒狮的看台，每年都有比赛看的,1
place:B0FFHJ45NL,天湖公园,entity:74e3a252bf370988,水上擂台,评论呈现体验,体验主题,体验主题,正向,0.91,第一次看见在水上打擂，有点小刺激,1
place:B0FFHJ45NL,天湖公园,entity:9ac595910fa83695,摄影打卡,评论呈现体验,体验主题,体验主题,正向,0.85,非常适合拍照,2
place:B0FFHJ45NL,天湖公园,entity:0d11cbf52b2a1d83,空间景观,评论呈现体验,体验主题,体验主题,正向,0.82,沿着天湖边走的，很舒服,1
place:B0FFF4FNIM,孝德湖公园,entity:e908f777917e6426,孝德文化,评论识别历史,历史记忆谱系,核心识别,中性,0.95,系一个主题公园——孝德文化宣传,1
place:B0FFF4FNIM,孝德湖公园,entity:64d266e76ec289ae,叶问,评论识别人物,人物谱系,伴随识别,中性,0.92,主要景点有...叶问广场,1
place:B0FFF4FNIM,孝德湖公园,entity:287fe7f122a85dd6,孔子,评论识别人物,人物谱系,伴随识别,中性,0.92,主要景点有...孔子广场,1
place:B0FFF4FNIM,孝德湖公园,entity:87f12d449a8b84a1,镬耳屋,评论识别地方性,岭南地方性谱系,伴随识别,中性,0.88,孝德桥用左南方镬耳屋风格,1
place:B0FFF4FNIM,孝德湖公园,entity:fa838aaea03f50ab,烧番塔,评论识别非遗,非遗民俗谱系,背景提及,中性,0.85,主要景点有...烧番塔,1
place:B0FFF4FNIM,孝德湖公园,entity:0d11cbf52b2a1d83,空间景观,评论呈现体验,体验主题,体验主题,正向,0.9,夏天的荷花很好看，四季常绿，有不同的时花,1
place:B0FFF4FNIM,孝德湖公园,entity:9ac595910fa83695,摄影打卡,评论呈现体验,体验主题,体验主题,正向,0.88,#孝德湖打卡 很美的一个地方,1
place:B0FFKUREHD,展旗峰生态公园,entity:a50c6783840486ea,姚大宁,评论识别人物,人物谱系,核心识别,正向,0.95,为数不多的文武双全的状元姚大宁,1
place:B0FFKUREHD,展旗峰生态公园,entity:a99a258a78ca9a7c,佛山里水威水史,评论识别历史,历史记忆谱系,核心识别,中性,0.88,一楼这边的就是佛山里水威水史,1
place:B0FFKUREHD,展旗峰生态公园,entity:91dc7453f4f2461f,舞狮,评论识别非遗,非遗民俗谱系,伴随识别,正向,0.92,楼上就是一些佛山舞狮,1
place:B0FFKUREHD,展旗峰生态公园,entity:541c3bd901268080,龙舟,评论识别非遗,非遗民俗谱系,伴随识别,正向,0.92,还有龙舟展示,1
place:B0FFKUREHD,展旗峰生态公园,entity:4a7da6c8a9a84b81,民俗民风,评论识别地方性,岭南地方性谱系,背景提及,正向,0.85,大多数是关于佛山里水这边的一些民俗民风,1
place:B0FFKUREHD,展旗峰生态公园,entity:9df1e206b5227266,古风唐建筑风格,评论识别空间,文化空间谱系,体验主题,正向,0.8,遵循的是古风唐建筑的风格,1
place:B0FFKUREHD,展旗峰生态公园,entity:dabb1758e2b9fa7a,汉服,评论识别地方性,岭南地方性谱系,体验主题,正向,0.88,可以穿一套汉服过来，非常的好出片,1
place:B0FFKUREHD,展旗峰生态公园,entity:a2034238c6c98731,展陈讲解,评论呈现体验,体验主题,体验主题,正向,0.75,每个层楼都有不同的展示,1
place:B0FFKUREHD,展旗峰生态公园,entity:9ac595910fa83695,摄影打卡,评论呈现体验,体验主题,体验主题,正向,0.9,挺适合打卡拍照的，很有千与千寻的那画风,1
place:B02F50XHK7,市民广场,entity:0d11cbf52b2a1d83,空间景观,评论呈现体验,体验主题,体验主题,正向,0.95,有花有水。。石桥小亭,1
place:B02F50XHK7,市民广场,entity:3f726c49dc70760b,商业消费,评论呈现体验,体验主题,体验主题,中性,0.88,旁边还有希尔顿酒店,1
place:B02F5076NF,庆云洞,entity:840e2989a4d069ff,清光绪十九年,评论识别历史,历史记忆谱系,背景提及,中性,0.95,庆云洞始建于清光绪十九年（1894 年）,1
place:B02F5076NF,庆云洞,entity:e8bd9651f6745bcf,善信道长,评论识别人物,人物谱系,背景提及,中性,0.88,由善信道长遵循祖师之命而建,1
place:B02F5076NF,庆云洞,entity:9f942850741111e9,抗日战争,评论识别历史,历史记忆谱系,背景提及,中性,0.92,抗日战争和解放战争时期，中共粤中纵队第六支队的指挥部便在庆云洞中,1
place:B02F5076NF,庆云洞,entity:ecb02ec3b41cdc9d,中共粤中纵队第六支队,评论识别历史,历史记忆谱系,背景提及,中性,0.9,中共粤中纵队第六支队的指挥部便在庆云洞中,1
place:B02F5076NF,庆云洞,entity:f2652d6660d65686,岭南,评论识别地方性,岭南地方性谱系,伴随识别,正向,0.85,被誉为“南海十景”之一、“岭南道场一绝”,1
place:B02F5076NF,庆云洞,entity:ca1f4e2c7df1b4e6,道观,评论识别空间,文化空间谱系,核心识别,正向,0.93,是依山而建的中型道观,1
place:B02F5076NF,庆云洞,entity:660346f225b26039,纯阳宝典,评论识别空间,文化空间谱系,伴随识别,中性,0.82,道观主殿纯阳宝典和慈帝殿,1
place:B02F5076NF,庆云洞,entity:d7c4024f773a0e89,慈帝殿,评论识别空间,文化空间谱系,伴随识别,中性,0.82,道观主殿纯阳宝典和慈帝殿,1
place:B02F5076NF,庆云洞,entity:f0a593864b9b8534,吕祖殿,评论识别空间,文化空间谱系,伴随识别,中性,0.8,配有吕祖殿、三清殿、藏经阁等建筑,1
place:B02F5076NF,庆云洞,entity:1f501258e2746a7e,三清殿,评论识别空间,文化空间谱系,伴随识别,中性,0.8,配有吕祖殿、三清殿、藏经阁等建筑,1
place:B02F5076NF,庆云洞,entity:49f52b56216b192a,藏经阁,评论识别空间,文化空间谱系,伴随识别,中性,0.8,配有吕祖殿、三清殿、藏经阁等建筑,1
place:B02F5076NF,庆云洞,entity:59986c36733341a1,元辰殿,评论识别空间,文化空间谱系,伴随识别,中性,0.78,道观外一侧高台上的元辰殿和财神殿是现代所建,1
place:B02F5076NF,庆云洞,entity:34c3ebf9978b1d65,财神殿,评论识别空间,文化空间谱系,伴随识别,中性,0.78,道观外一侧高台上的元辰殿和财神殿是现代所建,1
place:B02F5076NF,庆云洞,entity:e7b97d3f446ef203,南天福地牌坊,评论识别空间,文化空间谱系,伴随识别,中性,0.85,南天福地牌坊：3 洞石牌坊，匾额“南天福地”,1
place:B02F5076NF,庆云洞,entity:0d07bfd0f4e76035,土地公,评论识别非遗,非遗民俗谱系,伴随识别,中性,0.83,土地公：主祀土地公的路边小佛龛,1
place:B02F5076NF,庆云洞,entity:765e839b0b738552,永固亭,评论识别空间,文化空间谱系,伴随识别,中性,0.75,永固亭：四角亭,1
place:B02F5076NF,庆云洞,entity:9ac595910fa83695,摄影打卡,评论呈现体验,体验主题,体验主题,正向,0.9,是登山健身、观景摄影、徒步探险的好去处,1
place:B02F5076NF,庆云洞,entity:0d11cbf52b2a1d83,空间景观,评论呈现体验,体验主题,体验主题,正向,0.92,风景秀丽、空气清新...三流飞泻的瀑布,1
place:B02F5076NF,庆云洞,entity:3f726c49dc70760b,商业消费,评论呈现体验,体验主题,体验主题,负向,0.95,收费很坑人...门票又贵,1
place:B02F5076XZ,康有为故居(东南门),entity:a74f7eadb634f4c9,康有为,评论识别人物,人物谱系,核心识别,正向,0.98,康有为先生作为佛山乃至广东在全国和世界极具影响力的历史名人之一,1
place:B02F5076XZ,康有为故居(东南门),entity:51eeeb26b96f5d19,维新,评论识别历史,历史记忆谱系,核心识别,正向,0.95,在这里初步形成了维新思想体系,1
place:B02F5076XZ,康有为故居(东南门),entity:d06313124b842fdf,百日维新,评论识别历史,历史记忆谱系,伴随识别,中性,0.92,康有为又称康南海，百日维新的代表人物,1
place:B02F5076XZ,康有为故居(东南门),entity:be509bea1a571be4,大同书,评论识别历史,历史记忆谱系,伴随识别,正向,0.94,撰写了著名的论著《大同书》初稿,1
place:B02F5076XZ,康有为故居(东南门),entity:87f12d449a8b84a1,镬耳屋,评论识别地方性,岭南地方性谱系,核心识别,中性,0.91,康大师的故居就是一间不算大的岭南传统的老式镬耳屋,1
place:B02F5076XZ,康有为故居(东南门),entity:a580e4dc046d981c,三间两廊,评论识别地方性,岭南地方性谱系,伴随识别,中性,0.89,这是一间岭南特色的屋，三间两廊的建筑结构,1
place:B02F5076XZ,康有为故居(东南门),entity:a0670c3ecc298896,康氏宗祠,评论识别空间,文化空间谱系,伴随识别,中性,0.88,由康有为纪念馆、康有为故居、康氏宗祠...等主要建筑组成,1
place:B02F5076XZ,康有为故居(东南门),entity:e4f3fb8b12d7b060,澹如楼,评论识别空间,文化空间谱系,背景提及,中性,0.85,康有为故居由...澹如楼、松轩、荷塘等主要建筑和景区组成,1
place:B02F5076XZ,康有为故居(东南门),entity:a2c4a70173e87929,延香古屋,评论识别空间,文化空间谱系,核心识别,正向,0.93,康有为故居又名延香古屋,1
place:B02F5076XZ,康有为故居(东南门),entity:d83c87b53c45861a,清代民宅,评论识别历史,历史记忆谱系,伴随识别,中性,0.87,是珠江三角洲典型的清代民宅,1
place:B02F5076XZ,康有为故居(东南门),entity:5720fff3b112ff31,百年旧宅,评论识别历史,历史记忆谱系,背景提及,中性,0.86,康有为称之为百年旧宅,1
place:B02F5076XZ,康有为故居(东南门),entity:3e675591ec46d659,康园,评论识别空间,文化空间谱系,伴随识别,中性,0.88,看到这边有个庭院写着康园，是古式小庭院,1
place:B02F5076XZ,康有为故居(东南门),entity:cbba4bec3f779a12,巨人的肩膀,评论识别空间,文化空间谱系,背景提及,中性,0.84,还有一座很大的康有为的半身雕像，雕像作品名叫巨人的肩膀,1
place:B02F5076XZ,康有为故居(东南门),entity:a2034238c6c98731,展陈讲解,评论呈现体验,体验主题,体验主题,正向,0.9,通过文物、场景、成像、交互媒体等，再现康有为的生平经历,1
place:B02F5076XZ,康有为故居(东南门),entity:b596e8027196e19c,文化认知,评论呈现体验,体验主题,体验主题,正向,0.89,让我们了解历史，具有很好的观赏和研究价值,1
place:B02F508PZ5,怡海公园,entity:0d11cbf52b2a1d83,空间景观,评论呈现体验,体验主题,核心识别,正向,0.95,沿湖步道平坦好走，散步、慢跑都很舒服,1
place:B02F508PZ5,怡海公园,entity:9ac595910fa83695,摄影打卡,评论呈现体验,体验主题,伴随识别,正向,0.92,湖心亭和廊桥设计雅致，拍照很出片,1
place:B0LD3SFR5N,敦根水上龙舟乐园,entity:541c3bd901268080,龙舟,评论识别非遗,非遗民俗谱系,核心识别,正向,0.95,体验一次划龙舟还是挺好玩的,1
place:B0LD3SFR5N,敦根水上龙舟乐园,entity:ac0d5f12a2e0a795,非遗项目,评论识别非遗,非遗民俗谱系,背景提及,中性,0.88,景区里有非遗项目,1
place:B0LD3SFR5N,敦根水上龙舟乐园,entity:5f5e360e2ccba011,划龙舟体验,评论呈现体验,体验主题,体验主题,正向,0.92,体验一次划龙舟还是挺好玩的，很有意义,1
place:B0FFGI15WQ,文翰湖公园,entity:0d11cbf52b2a1d83,空间景观,评论呈现体验,体验主题,核心识别,正向,0.95,外江内湖，一堤两景是它的风景特色,1
place:B0FFGI15WQ,文翰湖公园,entity:9ac595910fa83695,摄影打卡,评论呈现体验,体验主题,核心识别,正向,0.92,来文翰湖公园必须打卡的地方，“水月凤凰”观赏台,1
place:B0FFGI15WQ,文翰湖公园,entity:3f726c49dc70760b,商业消费,评论呈现体验,体验主题,伴随识别,正向,0.85,酒店有山地自行车和双人脚踏车出借,1
place:B0JRRYOSNV,星沐森林·昆虫自然博物馆,entity:e3702972835b3fd4,认识和亲近昆虫,评论呈现体验,体验主题,核心识别,正向,0.95,让小朋友认识和亲近昆虫,1
place:B0JRRYOSNV,星沐森林·昆虫自然博物馆,entity:0457c5eceb50088b,观察蚂蚁洞穴规律,评论呈现体验,体验主题,核心识别,正向,0.92,可以从切面看蚂蚁洞穴的规律,1
place:B02F50WJ4R,映月湖公园,entity:f6599462b7907351,花灯节,评论呈现体验,体验主题,核心识别,正向,0.85,特定节日还有灯展,1
place:B02F50WJ4R,映月湖公园,entity:7fabfeaae750b291,灯饰,评论呈现体验,体验主题,核心识别,正向,0.9,晚上加上灯饰更漂亮,1
place:B02F5079WX,桂城儿童公园,entity:803bf3f4087eae35,湿地科普,评论呈现体验,体验主题,体验主题,中性,0.95,湿地科普区,1
place:B02F5079WX,桂城儿童公园,entity:0bd622bb062ff14b,晨练,评论呈现体验,体验主题,体验主题,正向,0.92,早上起来晨练还是比较好的选择,1
place:B0HKCS5YZI,桂花岛,entity:9ac595910fa83695,摄影打卡,评论呈现体验,体验主题,体验主题,中性,0.65,半天就可以玩完了,1
place:B0FFIWPSPF,桃花湖,entity:9ac595910fa83695,摄影打卡,评论呈现体验,体验主题,核心识别,正向,0.95,附近的民宿很多，推荐选择湖景 C 位...最美的拍照在大坝上,1
place:B0FFIWPSPF,桃花湖,entity:0d11cbf52b2a1d83,空间景观,评论呈现体验,体验主题,核心识别,正向,0.92,湖水明净如镜，四周群峰林立，是典型的喀斯特地貌,1
place:B0FFIWPSPF,桃花湖,entity:3f726c49dc70760b,商业消费,评论呈现体验,体验主题,伴随识别,正向,0.88,我们来到湖畔饭店吃午饭...推荐选择湖景 C 位,1
place:B0LGTX12VB,梁氏大宗祠,entity:4638e164d9c1ac3b,梁姓,评论识别历史,历史记忆谱系,核心识别,中性,0.95,顺德大都村有一半的村民姓梁,1
place:B0LGTX12VB,梁氏大宗祠,entity:5940ff53024b7fb1,祠堂,评论识别空间,文化空间谱系,核心识别,正向,0.98,村里的四座梁姓祠堂中，梁氏大宗祠为最大,1
place:B0LGTX12VB,梁氏大宗祠,entity:eb0e6b39a1116fda,六百年前,评论识别历史,历史记忆谱系,背景提及,中性,0.92,这座祠堂初建于六百年前,1
place:B0LGTX12VB,梁氏大宗祠,entity:311b45356db2c9d0,重修,评论识别历史,历史记忆谱系,背景提及,正向,0.88,二十年前经过一次重修,1
place:B0FFJ2UYP8,梦里水乡景区,entity:faa928bb0f8eb11f,打铁花,评论识别非遗,非遗民俗谱系,核心识别,正向,0.95,有打铁花,1
place:B0FFJ2UYP8,梦里水乡景区,entity:2451c674c4ec3491,篝火舞,评论识别非遗,非遗民俗谱系,核心识别,正向,0.88,千人篝火舞让大家玩的不亦乐乎,1
place:B0FFJ2UYP8,梦里水乡景区,entity:214e1546e10db16c,夜间游乐体验,评论呈现体验,体验主题,体验主题,正向,0.92,晚上也好热闹...有玩不完的项目,1
place:B0FFJ2UYP8,梦里水乡景区,entity:b867dfc0c3b0e10f,夜景观赏,评论呈现体验,体验主题,体验主题,正向,0.9,晚上风景很好,1
place:B0FFHF702W,梦里水乡百花园,entity:64c5fc7dd9d5d404,岭南水乡风情,评论识别地方性,岭南地方性谱系,背景提及,正向,0.85,揽郁水园、富寿园、龙情园、书香园之岭南水乡风情,1
place:B0FFHF702W,梦里水乡百花园,entity:bc816c379a3abcfb,三英战吕布,评论识别历史,历史记忆谱系,体验主题,中性,0.92,个大型实景历史马战表演三英战吕布,1
place:B0FFHF702W,梦里水乡百花园,entity:5d611e3ba996f390,丝竹管乐,评论识别非遗,非遗民俗谱系,背景提及,正向,0.78,艺术河畔，抚丝竹管乐,1
place:B0FFHF702W,梦里水乡百花园,entity:f0a300149ff886df,琴棋对弈,评论识别地方性,岭南地方性谱系,背景提及,正向,0.75,观琴棋对弈,1
place:B0HUVZ29A5,樵山文化中心A区,entity:51b0ab32bcec6328,烟花爆竹,评论呈现体验,体验主题,体验主题,中性,0.95,我自己去樵山文化中心 A 区烟花爆竹,1
place:B02F50UENU,沙溪公园,entity:0d11cbf52b2a1d83,空间景观,评论呈现体验,体验主题,核心识别,正向,0.95,大片葱郁绿植包围，空气清新得仿佛天然氧吧,1
place:B02F50UENU,沙溪公园,entity:9ac595910fa83695,摄影打卡,评论呈现体验,体验主题,伴随识别,正向,0.88,夕阳洒在凉亭与蜿蜒小径上，氛围感拉满,1
place:B02F50WYWN,海寿岛,entity:85654e01b35ad6fa,南海西樵太平沙渔民,评论识别历史,历史记忆谱系,核心识别,中性,0.95,村民都是 150 多年前从南海西樵太平沙过来的渔民,1
place:B02F50WYWN,海寿岛,entity:ce82cd4f5e6e56d8,水乡,评论识别地方性,岭南地方性谱系,伴随识别,正向,0.88,在鱼塘养鱼在江里捕虾,1
place:B02F50WYWN,海寿岛,entity:897b873e7b1d1762,粤式生活,评论识别地方性,岭南地方性谱系,核心识别,正向,0.91,与世无争的生活如田园诗一样悠闲、像田园画一样明快,1
place:B02F50WYWN,海寿岛,entity:f17b0b22241bfe6f,地方饮食,评论识别地方性,岭南地方性谱系,核心识别,中性,0.85,一个是虾，一个是狗，当然这名气也是吃出来的,1
place:B02F50WYWN,海寿岛,entity:0d11cbf52b2a1d83,空间景观,评论呈现体验,体验主题,体验主题,正向,0.93,遇到一些美丽的乡村小屋,1
place:B0FFJYGJTV,烟桥古村,entity:28c94ff760e28e0b,明朝正统年间,评论识别历史,历史记忆谱系,核心识别,中性,0.95,建村于明朝的正统年间，至今已有近六百年的历史了,1
place:B0FFJYGJTV,烟桥古村,entity:ff331764d4ff2434,清朝乾隆年间,评论识别历史,历史记忆谱系,核心识别,中性,0.95,到了清朝的乾隆年间，有学问的人便把里海村更名为烟桥村,1
place:B0FFJYGJTV,烟桥古村,entity:9e010edbb3d6d9db,珠江三角洲,评论识别地方性,岭南地方性谱系,背景提及,中性,0.88,类似这样规模的小村落，放在珠江三角洲地带,1
place:B0FFJYGJTV,烟桥古村,entity:ee4cc488399b413d,岭南古村,评论识别地方性,岭南地方性谱系,核心识别,正向,0.92,传统岭南古村,1
place:B0FFJYGJTV,烟桥古村,entity:33f7e94704e1dd57,清代建筑,评论识别空间,文化空间谱系,核心识别,正向,0.9,大部分的建筑还是保留清代时期的,1
place:B0FFJYGJTV,烟桥古村,entity:4ca6e866e343184c,旗杆夹,评论识别空间,文化空间谱系,伴随识别,正向,0.85,保留着石板路，旗杆夹，古牌坊,1
place:B0FFJYGJTV,烟桥古村,entity:37c41749c05eb6fb,古牌坊,评论识别空间,文化空间谱系,伴随识别,正向,0.85,保留着石板路，旗杆夹，古牌坊,1
place:B0FFJYGJTV,烟桥古村,entity:4e08e09419fa1f22,书社,评论识别空间,文化空间谱系,伴随识别,正向,0.85,古牌坊，书社，大榕树,1
place:B0FFJYGJTV,烟桥古村,entity:ab96d96e044843bf,何氏家族,评论识别历史,历史记忆谱系,伴随识别,中性,0.8,这条村的村民基本都是姓何的,1
place:B0FFJYGJTV,烟桥古村,entity:0d11cbf52b2a1d83,空间景观,评论呈现体验,体验主题,体验主题,正向,0.93,景色之优美，让人叹之,1
place:B0FFJYGJTV,烟桥古村,entity:b596e8027196e19c,文化认知,评论呈现体验,体验主题,体验主题,正向,0.88,随便走走参观一下古建筑，怀旧一下,1
place:B0FFH49S2C,玉虚宫,entity:61272b12a338aab8,明清时期建筑风格,评论识别历史,历史记忆谱系,核心识别,正向,0.95,至今仍保留明清时期建筑风格,1
place:B0FFH49S2C,玉虚宫,entity:f9b6295527c2b262,道教宫观,评论识别空间,文化空间谱系,核心识别,中性,0.92,这座玉虚宫是一座是道教宫观,1
place:B0FFH49S2C,玉虚宫,entity:d71fb183eb091e8b,姚氏和李氏家族宗祠,评论识别空间,文化空间谱系,伴随识别,中性,0.88,这里还是姚氏和李氏家族宗祠的所在地,1
place:B0FFH49S2C,玉虚宫,entity:3ca593cbfe3052cb,岭南建筑,评论识别地方性,岭南地方性谱系,核心识别,正向,0.91,在屋檐上面也是比较传统的岭南建筑,1
place:B0FFH49S2C,玉虚宫,entity:ca3d2ac1c285affc,古迹,评论识别空间,文化空间谱系,核心识别,正向,0.85,玉虚宫是村内唯一古迹,1
place:B0FFH49S2C,玉虚宫,entity:14ef5dd98bb64f7d,浮雕艺术,评论识别非遗,非遗民俗谱系,伴随识别,正向,0.89,古朴艺术结合浮雕艺术，可以看出匠人技艺超群,1
place:B0FFH49S2C,玉虚宫,entity:e4dd09cdabef875d,怀古,评论呈现体验,体验主题,体验主题,正向,0.82,怀古，就来这里找寻灵感吧,1
place:B0FFH49S2C,玉虚宫,entity:0ac48d694e3492db,传统历史建筑,评论识别空间,文化空间谱系,背景提及,正向,0.78,但也保留了传统历史建筑,1
place:B02F5076NL,璜矶鹭鸟天堂,entity:0d11cbf52b2a1d83,空间景观,评论呈现体验,体验主题,核心识别,正向,0.95,很隐蔽的地方！要从一个小池塘边走过去才能进去竹林,1
place:B02F5076NL,璜矶鹭鸟天堂,entity:3f726c49dc70760b,商业消费,评论呈现体验,体验主题,伴随识别,正向,0.92,璜矶松皮棚美食农庄，来这里游玩，值得推介你们去附近这家农家菜,1
place:65433cbd5b5c,畅乐水上乐园,entity:d52e117d18f4342a,亲子周边游,评论呈现体验,体验主题,体验主题,正向,0.95,推荐亲子周边游,1
place:65433cbd5b5c,畅乐水上乐园,entity:d136518f6172e560,玩水,评论呈现体验,体验主题,体验主题,中性,0.9,单是玩水的话,1
place:65433cbd5b5c,畅乐水上乐园,entity:1d1a3a61135c8957,游乐设施,评论呈现体验,体验主题,体验主题,负向,0.88,游乐设施比较少,1
place:B0FFGB50JA,盐步老龙,entity:eb4aeab3cb45e012,岭南水乡,评论识别地方性,岭南地方性谱系,核心识别,正向,0.95,岭南水乡,1
place:B0FFGB50JA,盐步老龙,entity:541c3bd901268080,龙舟,评论识别非遗,非遗民俗谱系,核心识别,正向,0.96,龙舟有特色,1
place:B0FFGB50JA,盐步老龙,entity:ab37bcc118747abe,端午,评论识别非遗,非遗民俗谱系,伴随识别,中性,0.93,每年一到端午就有赛龙舟,1
place:B0FFGB50JA,盐步老龙,entity:b54e2cbecdb258e8,赛龙舟,评论呈现体验,体验主题,体验主题,正向,0.91,每年一到端午就有赛龙舟,1
place:B0J1F79OGZ,瞧溪谷西樵山亲水溪谷,entity:65ec2b0529a4249d,亲子游,评论呈现体验,体验主题,核心识别,正向,0.95,适合亲子游，团建,1
place:B0J1F79OGZ,瞧溪谷西樵山亲水溪谷,entity:dd62715941c435ea,露营烧烤,评论呈现体验,体验主题,核心识别,正向,0.93,露营 烧烤好去处,1
place:B0J1F79OGZ,瞧溪谷西樵山亲水溪谷,entity:56a31c5afa484869,水上项目,评论呈现体验,体验主题,核心识别,正向,0.91,水上项目很过瘾,1
place:B0FFF365DR,碧玉洞,entity:a74f7eadb634f4c9,康有为,评论识别人物,人物谱系,背景提及,中性,0.95,历史上留有康有为、詹天佑、黄飞鸿、董必武、郭沫若、霍韬、湛若水等名人足迹,1
place:B0FFF365DR,碧玉洞,entity:450e1440c68614a3,詹天佑,评论识别人物,人物谱系,背景提及,中性,0.95,历史上留有康有为、詹天佑、黄飞鸿、董必武、郭沫若、霍韬、湛若水等名人足迹,1
place:B0FFF365DR,碧玉洞,entity:96e6271e1dd8484d,黄飞鸿,评论识别人物,人物谱系,背景提及,中性,0.95,历史上留有康有为、詹天佑、黄飞鸿、董必武、郭沫若、霍韬、湛若水等名人足迹,1
place:B0FFF365DR,碧玉洞,entity:13d5554a848411d4,霍韬,评论识别人物,人物谱系,核心识别,中性,0.92,相传是明代中期礼部尚书霍韬的重孙霍尚守所建,1
place:B0FFF365DR,碧玉洞,entity:493d85e8458e30db,曹松,评论识别人物,人物谱系,核心识别,正向,0.93,由晚唐诗人、校书郎曹松开辟，他在此教当地人种茶,1
place:B0FFF365DR,碧玉洞,entity:e6a16adc0c22ecde,珠江文明,评论识别历史,历史记忆谱系,背景提及,中性,0.88,是广东四大名山之一、珠江文明的发源地,1
place:B0FFF365DR,碧玉洞,entity:b36579d1976ba7ef,岭南第一个产茶区,评论识别历史,历史记忆谱系,核心识别,正向,0.91,成为岭南第一个产茶区,1
place:B0FFF365DR,碧玉洞,entity:b1757880a0b55b3d,茶仙,评论识别历史,历史记忆谱系,核心识别,中性,0.89,北归后被当地奉为茶仙,1
place:B0FFF365DR,碧玉洞,entity:b605cee5b78a02b7,遇仙桥典故,评论识别历史,历史记忆谱系,核心识别,中性,0.9,以纪念他年轻时在此遇到仙妇点拨，后于此隐居著书,1
place:B0FFF365DR,碧玉洞,entity:83389f179322c7ee,明清,评论识别历史,历史记忆谱系,背景提及,中性,0.85,明清两代有“百步梯”石路直通山,1
place:B0FFF365DR,碧玉洞,entity:580b36c4bc72f94a,玉岩题刻,评论识别空间,文化空间谱系,伴随识别,中性,0.87,“玉岩”题刻下的石洞,1
place:B0FFF365DR,碧玉洞,entity:2bd3fb647cfb0b31,翠微石室,评论识别空间,文化空间谱系,伴随识别,中性,0.86,沿途有：①翠微石室,1
place:B0FFF365DR,碧玉洞,entity:91f940cdd52a9bb1,遇仙桥,评论识别空间,文化空间谱系,伴随识别,中性,0.86,③遇仙桥：长 4 米的简易平板桥,1
place:B0FFF365DR,碧玉洞,entity:50f2c203ca3a63b0,飞玉台,评论识别空间,文化空间谱系,伴随识别,中性,0.84,⑤飞玉台：山崖边的,1
place:B0FFF365DR,碧玉洞,entity:248be40290dbf2eb,百步梯,评论识别空间,文化空间谱系,背景提及,中性,0.85,明清两代有“百步梯”石路直通山,1
place:B0FFF365DR,碧玉洞,entity:f2652d6660d65686,岭南,评论识别地方性,岭南地方性谱系,背景提及,中性,0.88,成为岭南第一个产茶区,1
place:B0FFF365DR,碧玉洞,entity:3d7f02d7068a4852,观景摄影,评论呈现体验,体验主题,体验主题,正向,0.94,是集观景摄影、登山健身、赏花游湖、拜佛祈福于一体的登山类景区,1
place:B0FFF365DR,碧玉洞,entity:f1d4574701c6fa89,登山健身,评论呈现体验,体验主题,体验主题,正向,0.94,是集观景摄影、登山健身、赏花游湖、拜佛祈福于一体的登山类景区,1
place:B0FFF365DR,碧玉洞,entity:e6dadfc97628f439,拜佛祈福,评论呈现体验,体验主题,体验主题,正向,0.93,是集观景摄影、登山健身、赏花游湖、拜佛祈福于一体的登山类景区,1
place:B0FFF365DR,碧玉洞,entity:fcb7ebd408592eca,纳凉散步,评论呈现体验,体验主题,体验主题,正向,0.96,很多人晚上吃了饭过来散步，乘凉,1
place:B0H1KD15OJ,碰碰车,entity:ce6ec174560b3208,亲子体验,评论呈现体验,体验主题,核心识别,正向,0.95,带着小朋友还是来玩了很幼稚的碰碰车啊,1
place:B0H1KD15OJ,碰碰车,entity:0d11cbf52b2a1d83,空间景观,评论呈现体验,体验主题,伴随识别,正向,0.88,紧张刺激，而又其乐无穷,1
place:B02F505476,礌岗公园(北门),entity:34194652794c8a0f,魁星阁,评论识别空间,文化空间谱系,核心识别,正向,0.95,特别是魁星阁，这座仿古塔楼以其独特的岭南风格和 60 米的高度，成为了公园的标志性建筑,1
place:B02F505476,礌岗公园(北门),entity:b6654b2afe5112b2,岭南风格,评论识别地方性,岭南地方性谱系,伴随识别,正向,0.88,以其独特的岭南风格和 60 米的高度,1
place:B02F505476,礌岗公园(北门),entity:44f970b127042660,佛山历史文化,评论识别历史,历史记忆谱系,背景提及,中性,0.75,展示了佛山的历史文化和风土人情,1
place:B02F505476,礌岗公园(北门),entity:1a89f09a1f0cd892,南海地区文化展览,评论呈现体验,体验主题,体验主题,正向,0.82,楼阁每层都有南海地区文化展览,1
place:B02F505476,礌岗公园(北门),entity:4b718b3e5cb3385b,砖雕,评论识别非遗,非遗民俗谱系,伴随识别,正向,0.85,围栏外墙有砖雕，每幅都有古仔讲架,1
place:B02F505476,礌岗公园(北门),entity:9ac595910fa83695,摄影打卡,评论呈现体验,体验主题,体验主题,正向,0.9,是摄影爱好者的绝佳拍摄点,1
place:B02F50YCH3,罗村中心广场,entity:a196c901ea461eea,拍拍照,评论呈现体验,体验主题,体验主题,正向,0.95,拍拍照，惬意、舒适,1
place:B02F50YCH3,罗村中心广场,entity:eb91cb21aef2b268,跳舞打球,评论呈现体验,体验主题,体验主题,中性,0.92,晚上好多人跳舞打球,1
place:4a82536b0c4b,翠岩,entity:a74f7eadb634f4c9,康有为,评论识别人物,人物谱系,背景提及,中性,0.95,历史上留有康有为、詹天佑、黄飞鸿、董必武、郭沫若、霍韬、湛若水等名人足迹,1
place:4a82536b0c4b,翠岩,entity:450e1440c68614a3,詹天佑,评论识别人物,人物谱系,背景提及,中性,0.95,历史上留有康有为、詹天佑、黄飞鸿、董必武、郭沫若、霍韬、湛若水等名人足迹,1
place:4a82536b0c4b,翠岩,entity:96e6271e1dd8484d,黄飞鸿,评论识别人物,人物谱系,背景提及,中性,0.95,历史上留有康有为、詹天佑、黄飞鸿、董必武、郭沫若、霍韬、湛若水等名人足迹,1
place:4a82536b0c4b,翠岩,entity:edb487db03fc1554,石泉书院,评论识别空间,文化空间谱系,伴随识别,中性,0.92,石泉书院：由明代中期礼部尚书方献夫建于明正德十一年,1
place:4a82536b0c4b,翠岩,entity:fc5b37406a43fefb,御书楼,评论识别空间,文化空间谱系,背景提及,中性,0.88,嘉靖十三年（1534 年）扩建御书楼以珍藏御赐书籍,1
place:4a82536b0c4b,翠岩,entity:632f586539b8bd62,张居正,评论识别人物,人物谱系,背景提及,中性,0.9,在明万历七年（1579 年）张居正诏毁天下书院运动时后逐渐荒废,1
place:4a82536b0c4b,翠岩,entity:0bfeb64d1f3b1ebb,胜利亭,评论识别空间,文化空间谱系,伴随识别,正向,0.91,胜利亭：建于民国三十六年（1947 年）的四角亭，以纪念抗日战争胜利,1
place:4a82536b0c4b,翠岩,entity:9f942850741111e9,抗日战争,评论识别历史,历史记忆谱系,背景提及,中性,0.93,以纪念抗日战争胜利,1
place:4a82536b0c4b,翠岩,entity:8ae6d9e2fa2641b4,蟹眼泉,评论识别空间,文化空间谱系,核心识别,正向,0.89,蟹眼泉：因 2 个泉眼似螃蟹眼睛转动而得名，半月形石堤建于清代,1
place:4a82536b0c4b,翠岩,entity:6c470b84f0184ca1,珠江文明,评论识别地方性,岭南地方性谱系,背景提及,中性,0.85,是广东四大名山之一、珠江文明的发源地,1
place:4a82536b0c4b,翠岩,entity:f1d4574701c6fa89,登山健身,评论呈现体验,体验主题,体验主题,正向,0.96,是集观景摄影、登山健身、赏花游湖、拜佛祈福于一体的登山类景区,1
place:4a82536b0c4b,翠岩,entity:3d7f02d7068a4852,观景摄影,评论呈现体验,体验主题,体验主题,正向,0.96,是集观景摄影、登山健身、赏花游湖、拜佛祈福于一体的登山类景区,1
place:B0FFI30V9U,翰林湖农业公园,entity:b99792d0a190ab87,耕读田园,评论呈现体验,体验主题,背景提及,中性,0.85,公园以“耕读田园”为主题,1
place:B0FFI30V9U,翰林湖农业公园,entity:4e502d58efe18c09,沙水古村,评论识别空间,文化空间谱系,伴随识别,中性,0.78,有沙水古村，有湿地，有大片的花圃,1
place:B0FFI30V9U,翰林湖农业公园,entity:9ac595910fa83695,摄影打卡,评论呈现体验,体验主题,核心识别,正向,0.95,非常值得去打卡；在这里各种的拍照也是很好看的；早晚特别能出好照片,1
place:B0FFI30V9U,翰林湖农业公园,entity:0d11cbf52b2a1d83,空间景观,评论呈现体验,体验主题,核心识别,正向,0.92,黄色的波斯菊娇艳绽放；粉黛草如梦幻云雾；金黄的稻田,1
place:B0FFG27DFD,蝴蝶谷,entity:50628bda15033127,孙中山,评论识别人物,人物谱系,背景提及,中性,0.85,历史上留有孙中山、宋庆龄等名人足迹,1
place:B0FFG27DFD,蝴蝶谷,entity:3756d60a56afb0bd,宋庆龄,评论识别人物,人物谱系,背景提及,中性,0.85,历史上留有孙中山、宋庆龄等名人足迹,1
place:B0FFG27DFD,蝴蝶谷,entity:feee2d150fc4a54e,中国蝶翅第一画,评论呈现体验,体验主题,核心识别,正向,0.92,"设有包含 85 种蝴蝶的蝴蝶园和 38 米长的""中国蝶翅第一画""画廊",1
place:B0FFG27DFD,蝴蝶谷,entity:42d715264f96201c,羽化奇观,评论呈现体验,体验主题,核心识别,正向,0.9,"春夏季节（4 月至 10 月）可观赏蝴蝶破茧成蝶的""羽化奇观""",1
place:B0FFG27DFD,蝴蝶谷,entity:8bc14298df4d38ba,悬索桥,评论呈现体验,体验主题,核心识别,正向,0.88,悬索桥成为网红打卡点,1
place:B0G1DAE4LO,西樵山国家地质公园,entity:0d11cbf52b2a1d83,空间景观,评论呈现体验,体验主题,核心识别,中性,0.95,爬山的景色一般,1
place:B0G1DAE4LO,西樵山国家地质公园,entity:b596e8027196e19c,文化认知,评论呈现体验,体验主题,伴随识别,正向,0.88,探寻百年古树的秘密,1
place:B0FFFOVW3H,西樵山国艺影视城,entity:72e587404c506a9f,民国,评论识别历史,历史记忆谱系,核心识别,中性,0.95,主打近现代民国的部分,1
place:B0FFFOVW3H,西樵山国艺影视城,entity:83389f179322c7ee,明清,评论识别历史,历史记忆谱系,伴随识别,中性,0.92,仿古建筑，如明清皇宫,1
place:B0FFFOVW3H,西樵山国艺影视城,entity:5d691426f9eebcfd,粤语,评论识别地方性,岭南地方性谱系,伴随识别,中性,0.88,整场对白都是粤语,1
place:B0FFFOVW3H,西樵山国艺影视城,entity:168fad6c4836129f,西关大屋,评论识别空间,文化空间谱系,核心识别,正向,0.94,仿造了西关大屋建筑群,1
place:B0FFFOVW3H,西樵山国艺影视城,entity:08854a3ea7771462,九龙城寨,评论识别空间,文化空间谱系,伴随识别,中性,0.9,分清宫、九龙城寨...等部分,1
place:B0FFFOVW3H,西樵山国艺影视城,entity:ebc86a43879f5544,抗战,评论识别历史,历史记忆谱系,背景提及,中性,0.85,刚好 有剧组在拍抗战戏,1
place:B0FFFOVW3H,西樵山国艺影视城,entity:0aa6d5217e06a754,岭南地区,评论识别地方性,岭南地方性谱系,背景提及,正向,0.87,了解到近代岭南地区的发展历程,1
place:B0FFFOVW3H,西樵山国艺影视城,entity:9004d3d5de467265,表演活动,评论呈现体验,体验主题,体验主题,正向,0.91,拳脚功夫算式实打实的，演员们也很卖力,1
place:B0FFFOVW3H,西樵山国艺影视城,entity:9ac595910fa83695,摄影打卡,评论呈现体验,体验主题,体验主题,正向,0.96,适合喜欢取景拍照或者带孩子去溜溜的,1
place:B0FFFOVW3H,西樵山国艺影视城,entity:0d11cbf52b2a1d83,空间景观,评论呈现体验,体验主题,体验主题,正向,0.89,重现了五六十年代旧香港的怀旧风情,1
place:B02F50YSSQ,西樵山宝峰寺,entity:c0620d0596497fef,明朝,评论识别历史,历史记忆谱系,背景提及,中性,0.95,始建于明朝,1
place:B02F50YSSQ,西樵山宝峰寺,entity:f249935dd9687527,南粤四大名寺,评论识别空间,文化空间谱系,核心识别,正向,0.88,为南粤四大名寺之一,1
place:B02F50YSSQ,西樵山宝峰寺,entity:6ae25f9569d432dd,明代建筑风格,评论识别空间,文化空间谱系,伴随识别,正向,0.9,以 61.9 米高的南海观音铜像和明代建筑风格著称,1
place:B0J2B1UNZC,西樵山森吧飞越树上探险乐园,entity:bd96a5b47fb9e224,南海观音文化苑,评论识别空间,文化空间谱系,背景提及,正向,0.95,接著，我們將參觀南海觀音文化苑，讓孩子們感受傳統文化的神聖與寧靜,1
place:B0J2B1UNZC,西樵山森吧飞越树上探险乐园,entity:42ff5c46e9c2f299,西樵山,评论识别历史,历史记忆谱系,背景提及,正向,0.85,這座擁有豐富自然與歷史的名山，將成為我們親子遊的最佳背景,1
place:B0J2B1UNZC,西樵山森吧飞越树上探险乐园,entity:0d11cbf52b2a1d83,空间景观,评论呈现体验,体验主题,核心识别,正向,0.92,穿行在綠意盎然的山間小路，感受清新空氣; 风景很美,1
place:B0J2B1UNZC,西樵山森吧飞越树上探险乐园,entity:9ac595910fa83695,摄影打卡,评论呈现体验,体验主题,伴随识别,正向,0.88,創造難忘的回憶; 玩得很开心,1
place:B02F5076F0,西樵山风景名胜区,entity:96e6271e1dd8484d,黄飞鸿,评论识别人物,人物谱系,核心识别,正向,0.95,还有黄飞鸿舞狮表演,1
place:B02F5076F0,西樵山风景名胜区,entity:1d7c1a1f3acdd8a3,醒狮,评论识别非遗,非遗民俗谱系,核心识别,正向,0.93,每天有定时三次的醒狮表演,1
place:B02F5076F0,西樵山风景名胜区,entity:0f30286cdcd5720c,南海观音,评论识别空间,文化空间谱系,核心识别,正向,0.94,礼佛的那尊南海观音很有气势,1
place:B02F5076F0,西樵山风景名胜区,entity:bc337baaac21c424,宝峰寺,评论识别空间,文化空间谱系,伴随识别,负向,0.88,我首先去看了南海观音和宝峰寺,1
place:B02F5076F0,西樵山风景名胜区,entity:e10abef12041b82d,书院,评论识别空间,文化空间谱系,背景提及,中性,0.85,有庙、南海观音、道观、书院,1
place:B02F5076F0,西樵山风景名胜区,entity:7167843899478aee,明清采石场,评论识别历史,历史记忆谱系,伴随识别,中性,0.9,后山是明清时候的采石场,1
place:B02F5076F0,西樵山风景名胜区,entity:f639aec452213fbe,西樵山文化,评论识别历史,历史记忆谱系,背景提及,中性,0.87,形成独特的“西樵山文化”，开创了珠江文明之先河,1
place:B02F5076F0,西樵山风景名胜区,entity:1f0bb4720f4aa624,四方竹,评论识别地方性,岭南地方性谱系,核心识别,正向,0.91,关于这个竹子的由来是跟一个爱情故事相关的,1
place:B02F5076F0,西樵山风景名胜区,entity:492909145eb10465,桃花源记,评论识别历史,历史记忆谱系,背景提及,正向,0.82,眼前的景象正如陶渊明的桃花源记所描绘的,1
place:B02F5076F0,西樵山风景名胜区,entity:3d8d2b6e23b78d35,紫姑井,评论识别历史,历史记忆谱系,伴随识别,中性,0.86,紫姑庙里有一口紫姑井，边上的介绍神乎其神,1
place:B02F5076F0,西樵山风景名胜区,entity:9004d3d5de467265,表演活动,评论呈现体验,体验主题,体验主题,正向,0.92,那飞鸿武馆的舞狮表演很棒,1
place:B02F5076F0,西樵山风景名胜区,entity:9ac595910fa83695,摄影打卡,评论呈现体验,体验主题,体验主题,负向,0.89,毫无顾忌的拍照,1
place:B02F5076F0,西樵山风景名胜区,entity:3f726c49dc70760b,商业消费,评论呈现体验,体验主题,体验主题,负向,0.93,和尚敲着功德箱收钱的傲慢,1
place:B0FFHJ45NL,西樵山风景名胜区-天湖公园,entity:a74f7eadb634f4c9,康有为,评论识别人物,人物谱系,背景提及,中性,0.95,历史上留有康有为、詹天佑、黄飞鸿、董必武、郭沫若、霍韬、湛若水等名人足迹,1
place:B0FFHJ45NL,西樵山风景名胜区-天湖公园,entity:450e1440c68614a3,詹天佑,评论识别人物,人物谱系,背景提及,中性,0.95,历史上留有康有为、詹天佑、黄飞鸿、董必武、郭沫若、霍韬、湛若水等名人足迹,1
place:B0FFHJ45NL,西樵山风景名胜区-天湖公园,entity:541c3bd901268080,龙舟,评论识别非遗,非遗民俗谱系,核心识别,正向,0.92,湖南高踞一座观龙楼，是为民间赛龙舟活动而兴建的,1
place:B0FFHJ45NL,西樵山风景名胜区-天湖公园,entity:230e4835ffd3ec63,半山扒龙船,评论识别非遗,非遗民俗谱系,核心识别,正向,0.94,早在明代，西樵山上就有＂半山扒龙船＂的民俗活动,1
place:B0FFHJ45NL,西樵山风景名胜区-天湖公园,entity:5a75690b26a2811c,西樵山欢乐节,评论识别非遗,非遗民俗谱系,伴随识别,正向,0.88,每年重阳节前后，天湖还举行西樵山欢乐节,1
place:B0FFHJ45NL,西樵山风景名胜区-天湖公园,entity:029e98ca67534feb,观龙楼,评论识别空间,文化空间谱系,伴随识别,中性,0.9,湖南高踞一座观龙楼，是为民间赛龙舟活动而兴建的,1
place:B0FFHJ45NL,西樵山风景名胜区-天湖公园,entity:27fe369a16982589,西樵山地质公园博物馆,评论识别空间,文化空间谱系,背景提及,中性,0.85,西樵山地质公园博物馆（观龙楼）：建于 1980 年的双层楼，室内不开放,1
place:B0FFHJ45NL,西樵山风景名胜区-天湖公园,entity:bc337baaac21c424,宝峰寺,评论识别空间,文化空间谱系,背景提及,中性,0.8,景区分宝峰寺、九龙岩、翠岩、桃花园、茶花园、白云洞,1
place:B0FFHJ45NL,西樵山风景名胜区-天湖公园,entity:e551c1838bb1ecb9,白云洞,评论识别空间,文化空间谱系,体验主题,正向,0.75,一路可观光飞流直下三千尺，白云洞等景点,1
place:B0FFHJ45NL,西樵山风景名胜区-天湖公园,entity:bef480e9811f2c8f,观音像,评论识别空间,文化空间谱系,伴随识别,正向,0.82,在某一段湖边还能望见观音像,1
place:B0FFHJ45NL,西樵山风景名胜区-天湖公园,entity:8f45f3d8ef39fc04,云端村,评论识别空间,文化空间谱系,伴随识别,中性,0.85,有一云端村，为西樵山山顶七村之一,1
place:B0FFHJ45NL,西樵山风景名胜区-天湖公园,entity:fb2245a863c39f00,明代,评论识别历史,历史记忆谱系,背景提及,中性,0.9,早在明代，西樵山上就有＂半山扒龙船＂的民俗活动,1
place:B0FFHJ45NL,西樵山风景名胜区-天湖公园,entity:6c470b84f0184ca1,珠江文明,评论识别地方性,岭南地方性谱系,背景提及,正向,0.88,是广东四大名山之一、珠江文明的发源地,1
place:B0FFHJ45NL,西樵山风景名胜区-天湖公园,entity:d77de866b0d601a3,民族特色小构建筑,评论识别地方性,岭南地方性谱系,伴随识别,正向,0.7,这些富有民族特色的小构建筑，把天湖山水点缀得分外妖娆,1
place:B0FFHJ45NL,西樵山风景名胜区-天湖公园,entity:d0f52e3dccb61fbd,田园生活,评论识别地方性,岭南地方性谱系,体验主题,正向,0.85,直入村舍体会桃花园里有人家的田园生活,1
place:B0FFHJ45NL,西樵山风景名胜区-天湖公园,entity:89c1119b6ba21e18,激光梦幻水幕电影,评论呈现体验,体验主题,体验主题,正向,0.8,天湖公园还配套建有新奇、独特的＂激光梦幻水幕电影＂,1
place:B0FFKJD696,西樵黄大仙祠,entity:bb37b7deb56bd6d0,黄大仙,评论识别人物,人物谱系,核心识别,正向,0.98,里面主要供奉黄大仙、吕洞宾及王重阳三位圣像,1
place:B0FFKJD696,西樵黄大仙祠,entity:6418e0768ca14729,吕洞宾,评论识别人物,人物谱系,伴随识别,中性,0.95,里面主要供奉黄大仙、吕洞宾及王重阳三位圣像,1
place:B0FFKJD696,西樵黄大仙祠,entity:fdfcb73a085a7c87,王重阳,评论识别人物,人物谱系,伴随识别,中性,0.95,里面主要供奉黄大仙、吕洞宾及王重阳三位圣像,1
place:B0FFKJD696,西樵黄大仙祠,entity:042d47d277e79e49,地藏王,评论识别人物,人物谱系,背景提及,中性,0.9,代表传统文化的黄大仙词、地藏王殿,1
place:B0FFKJD696,西樵黄大仙祠,entity:7eed38cad2e8b812,财神,评论识别人物,人物谱系,背景提及,中性,0.88,财神殿的纯银聚宝盆重达 100 公斤,1
place:B0FFKJD696,西樵黄大仙祠,entity:99dda94f73af2f94,寺庙,评论识别空间,文化空间谱系,核心识别,中性,0.85,有一座同名的寺庙,1
place:B0FFKJD696,西樵黄大仙祠,entity:e60a9ed13bde4092,影视基地,评论识别空间,文化空间谱系,伴随识别,正向,0.82,有各种风格建筑、街景的影视基地,1
place:B0FFKJD696,西樵黄大仙祠,entity:aa57fe5e31676ae2,道家,评论识别历史,历史记忆谱系,背景提及,中性,0.8,道家之地，前来拜拜的人一半多,1
place:B0FFKJD696,西樵黄大仙祠,entity:d8ff2a7f0a9af3fd,信俗,评论识别非遗,非遗民俗谱系,体验主题,正向,0.78,你们有没有去拜过黄大仙啊，很灵的,1
place:B0FFKJD696,西樵黄大仙祠,entity:9ac595910fa83695,摄影打卡,评论呈现体验,体验主题,体验主题,正向,0.92,景区人很少适合拍照,1
place:B0FFKJD696,西樵黄大仙祠,entity:3f726c49dc70760b,商业消费,评论呈现体验,体验主题,体验主题,负向,0.89,后来发现国艺的票竟然含黄大仙祠，有点坑，这样就重复买票了,1
place:B0FFHRPUYH,观音庙,entity:f12e1d1b7218b9db,打卡,评论呈现体验,体验主题,体验主题,正向,0.95,打卡好去处,1
place:B0FFG8XPXK,贤鲁岛,entity:64c5fc7dd9d5d404,岭南水乡风情,评论识别地方性,岭南地方性谱系,背景提及,中性,0.85,融入农田机理与岭南水乡风情,1
place:B0FFG8XPXK,贤鲁岛,entity:f17af7640e208d70,水乡人家,评论识别地方性,岭南地方性谱系,背景提及,中性,0.82,以“生态花岛 + 水乡人家”为主题的生态旅游度假区,1
place:B0FFG8XPXK,贤鲁岛,entity:313f95dede8402a7,古村落,评论识别空间,文化空间谱系,伴随识别,正向,0.9,古村落很干净,1
place:B0FFG8XPXK,贤鲁岛,entity:070a847175d56e12,农家菜,评论识别地方性,岭南地方性谱系,体验主题,正向,0.78,性价比不错的本地菜农庄,1
place:B0FFG8XPXK,贤鲁岛,entity:8579664c4a37aaa0,田间风光,评论呈现体验,体验主题,核心识别,正向,0.88,一边踩车一边感受田间风光,1
place:B0HG2U0KTA,铁军公园,entity:ae73711a9042275a,陈铁军,评论识别人物,人物谱系,核心识别,正向,0.95,是专门为纪念革命先烈陈铁军夫妇二人而设立的纪念公园,1
place:B0HG2U0KTA,铁军公园,entity:9dfb92a96f3ce61c,纪念馆,评论识别空间,文化空间谱系,核心识别,中性,0.92,有一尊塑像和陈铁军的一个纪念馆,1
place:B0HG2U0KTA,铁军公园,entity:ece299009af4e44a,陈列和展览,评论呈现体验,体验主题,体验主题,正向,0.88,里面的陈列和展览都非常有珍贵的历史意义,1
place:B0HG2U0KTA,铁军公园,entity:c8d9101cb334f1f1,历史意义,评论识别历史,历史记忆谱系,背景提及,正向,0.85,非常有珍贵的历史意义,1
place:B0FFGA58BQ,银坑村祠堂(乡约),entity:9ac595910fa83695,摄影打卡,评论呈现体验,体验主题,体验主题,正向,0.95,民宿里面拍的日落,1
place:B0FFH4AQI7,陈氏宗祠,entity:4b4d1342137b53e5,古建筑,评论识别空间,文化空间谱系,伴随识别,正向,0.88,大岭村里面有很多古建筑,1
place:B0FFH4AQI7,陈氏宗祠,entity:ec5069cec1c8287d,岭南风情,评论识别地方性,岭南地方性谱系,文化认知,正向,0.92,感受岭南风情,1
place:B0FFH4AQI7,陈氏宗祠,entity:08452131c52541cb,学霸,评论识别历史,历史记忆谱系,背景提及,正向,0.75,据说这里产生过很多的学霸,1
place:B0FFH4AQI7,陈氏宗祠,entity:235731a4511ce47b,风水,评论识别历史,历史记忆谱系,背景提及,正向,0.7,风水肯定也不错,1
place:B0FFH4AQI7,陈氏宗祠,entity:d1b1a50cc5c27e75,赏景,评论呈现体验,体验主题,体验主题,正向,0.85,周末可以来这边赏景,1
place:B0FFFH2PSL,黄岐公园,entity:c93ef63d56bc25ba,龙母庙,评论识别空间,文化空间谱系,背景提及,正向,0.95,历史超 160 年的龙母庙也在园内，香火很旺,1
place:B0FFFH2PSL,黄岐公园,entity:0d11cbf52b2a1d83,空间景观,评论呈现体验,体验主题,核心识别,正向,0.98,傍晚在江边看日落，美到失语,1
place:B0FFG3QKJB,黄氏大宗祠,entity:be798eef314264c7,黄氏家族,评论识别人物,人物谱系,核心识别,正向,0.95,祠堂内陈列着黄氏家族的历史资料,1
place:B0FFG3QKJB,黄氏大宗祠,entity:3ca593cbfe3052cb,岭南建筑,评论识别地方性,岭南地方性谱系,核心识别,正向,0.98,属典型的晚清岭南建筑,1
place:B0FFG3QKJB,黄氏大宗祠,entity:2a555263b244f344,木雕,评论识别非遗,非遗民俗谱系,伴随识别,正向,0.92,祠内外饰石雕、木雕、灰塑、壁画等,1
place:B0FFG3QKJB,黄氏大宗祠,entity:b3ccf45b31347e82,灰塑,评论识别非遗,非遗民俗谱系,伴随识别,正向,0.92,木雕、砖雕、灰塑工艺精湛,1
place:B0FFG3QKJB,黄氏大宗祠,entity:f71274e2bdff4f73,抗日游击干部训练班,评论识别历史,历史记忆谱系,背景提及,中性,0.96,1939 年，中共一区区委曾在此举办抗日游击干部训练班,1
place:B0FFG3QKJB,黄氏大宗祠,entity:4b9a4cf9655f51f4,宗族文化,评论识别历史,历史记忆谱系,体验主题,正向,0.88,是探寻传统宗族文化与市井烟火的好去处,1
place:B0FFG3QKJB,黄氏大宗祠,entity:9ac595910fa83695,摄影打卡,评论呈现体验,体验主题,体验主题,正向,0.85,应该打卡的地方,1
place:B02F501SVF,黄飞鸿狮艺武术馆,entity:96e6271e1dd8484d,黄飞鸿,评论识别人物,人物谱系,核心识别,正向,0.98,黄飞鸿是一位声名远扬、德艺双馨的一代武术和狮艺的宗师,1
place:B02F501SVF,黄飞鸿狮艺武术馆,entity:95601d953a3c9f47,黄麒英,评论识别人物,人物谱系,伴随识别,中性,0.95,为了纪念一代武学宗師黄麒英，黄飞鸿父子,1
place:B02F501SVF,黄飞鸿狮艺武术馆,entity:35763f8c9ec1a2e6,莫桂兰,评论识别人物,人物谱系,伴随识别,中性,0.92,介绍了他和第四位夫人莫桂兰的情况,1
place:B02F501SVF,黄飞鸿狮艺武术馆,entity:fd35a93081ebe6fe,十三姨,评论识别人物,人物谱系,背景提及,中性,0.88,知道了电影中的十三姨和现实中的完全不一样,1
place:B02F501SVF,黄飞鸿狮艺武术馆,entity:4b181cd8e4214733,林世荣,评论识别人物,人物谱系,伴随识别,正向,0.9,猪肉荣（林世荣）耍起铁线拳的照片还挺帅滴,1
place:B02F501SVF,黄飞鸿狮艺武术馆,entity:30bea091f51ca997,关德兴,评论识别人物,人物谱系,背景提及,中性,0.85,关德兴纪念堂,1
place:B02F501SVF,黄飞鸿狮艺武术馆,entity:a53a7f7a466e9067,广东十虎,评论识别人物,人物谱系,背景提及,中性,0.87,武林的“广东十虎”名师像亭,1
place:B02F501SVF,黄飞鸿狮艺武术馆,entity:1d7c1a1f3acdd8a3,醒狮,评论识别非遗,非遗民俗谱系,核心识别,正向,0.97,无醒狮，不西樵...精彩绝伦的舞狮表演,1
place:B02F501SVF,黄飞鸿狮艺武术馆,entity:28fa12ae8b298251,武术,评论识别非遗,非遗民俗谱系,核心识别,正向,0.95,每天设有四场武术和醒狮表演,1
place:B02F501SVF,黄飞鸿狮艺武术馆,entity:1df69c2b5db900b3,铁线拳,评论识别非遗,非遗民俗谱系,伴随识别,正向,0.91,猪肉荣（林世荣）耍起铁线拳的照片,1
place:B02F501SVF,黄飞鸿狮艺武术馆,entity:b9db624a80022bc7,舞龙,评论识别非遗,非遗民俗谱系,伴随识别,中性,0.85,功夫、舞龙、舞狮等传统项目,1
place:B02F501SVF,黄飞鸿狮艺武术馆,entity:3e4bb06e189a5f53,采青,评论识别非遗,非遗民俗谱系,伴随识别,正向,0.93,但是采青和跳桩的确实很精彩啊,1
place:B02F501SVF,黄飞鸿狮艺武术馆,entity:943ca22c51773919,黄氏宗祠,评论识别空间,文化空间谱系,核心识别,中性,0.94,馆址为黄飞鸿故居附近的黄氏宗祠原址,1
place:B02F501SVF,黄飞鸿狮艺武术馆,entity:611a4c35be601ada,黄飞鸿故居,评论识别空间,文化空间谱系,核心识别,正向,0.96,馆内分设有黄飞鸿故居,1
place:B02F501SVF,黄飞鸿狮艺武术馆,entity:edc9bbbde6ff45e9,宝芝林堂,评论识别空间,文化空间谱系,伴随识别,中性,0.9,馆内分设有...宝芝林堂,1
place:B02F501SVF,黄飞鸿狮艺武术馆,entity:9fa252274d3c28fe,岭南古建筑,评论识别空间,文化空间谱系,伴随识别,正向,0.92,显现出清末岭南古建筑的风貌，飞檐斗拱，绿瓦灰墙,1
place:B02F501SVF,黄飞鸿狮艺武术馆,entity:83389f179322c7ee,明清,评论识别历史,历史记忆谱系,背景提及,中性,0.88,早在明代的时候，醒狮就在广东出现...显现出清末岭南古建筑的风貌,1
place:B02F501SVF,黄飞鸿狮艺武术馆,entity:c916f68f3bc01009,南海县,评论识别历史,历史记忆谱系,背景提及,中性,0.85,起源于南海县,1
place:B02F501SVF,黄飞鸿狮艺武术馆,entity:f2652d6660d65686,岭南,评论识别地方性,岭南地方性谱系,伴随识别,正向,0.9,显现出清末岭南古建筑的风貌,1
place:B02F501SVF,黄飞鸿狮艺武术馆,entity:46fd7d68969d3ce9,广东,评论识别地方性,岭南地方性谱系,背景提及,中性,0.82,醒狮就在广东出现,1
place:B02F501SVF,黄飞鸿狮艺武术馆,entity:9004d3d5de467265,表演活动,评论呈现体验,体验主题,核心识别,正向,0.95,每天设有四场武术和醒狮表演,1
place:B02F501SVF,黄飞鸿狮艺武术馆,entity:a2034238c6c98731,展陈讲解,评论呈现体验,体验主题,伴随识别,中性,0.88,黄飞鸿史迹陈列影视室...全程是广东话解说,1
place:B02F501SVF,黄飞鸿狮艺武术馆,entity:3f726c49dc70760b,商业消费,评论呈现体验,体验主题,伴随识别,负向,0.85,全程有人打赏给钱的...里面有一些舞狮相关的小礼品出售,1
