place_id,place_name,poi_id,town,category,review_count,selected_review_count,cultural_recognition,integration_judgement,entity_count,entity_id,name,entity_type,label,place_count,evidence_examples
place:B0FFG2CLW7,一线天,B0FFG2CLW7,西樵镇,自然景观,1,1,未形成,评论仅表达社交游玩意图，未提及任何地方文化实体或具体体验内容。,0,,,,,,
place:B02F50YS3U,三山森林公园,B02F50YS3U,桂城街道,公园绿地,10,10,未形成,游客评论主要聚焦于自然生态、休闲运动及高铁景观拍摄，未识别出任何与南海地方文化、历史人物、非遗民俗或岭南生活方式相关的文化实体，文旅融合在文化内容层面尚未显现。,2,,,,,,
place:B0FFIFHDRB,三山花海乐田,B0FFIFHDRB,桂城街道,自然景观,1,1,未形成,评论仅包含地点名称，缺乏对人物、非遗、空间、历史或岭南地方性文化的具体描述与体验反馈，无法体现文旅融合内容。,0,,,,,,
place:B0FFFAMBP4,东王府,B0FFFAMBP4,大沥镇,人文古迹,1,1,未形成,评论仅包含地点名称，缺乏对人物、非遗、空间细节、历史记忆或岭南地方性的任何实质性描述，无法体现文旅融合内容。,0,,,,,,
place:B02F503R4G,中央电视台南海影视城,B02F503R4G,狮山镇,自然景观,184,16,中识别,游客对明清民国仿古建筑群及特定影视剧历史背景有明确认知，但体验多停留在视觉打卡和表演观看层面，缺乏对深层地域文化或真实历史记忆的主动挖掘。,12,,,,,,
place:B02F507872,中心广场(玉器街),B02F507872,桂城街道,特色街区,10,10,未形成,评论文本严重错位，实际描述的是东莞中心广场的行政与现代建筑景观，完全未提及佛山南海桂城玉器街的任何玉石文化、工艺或地方性内容，文旅融合在评论层面未发生。,3,,,,,,
place:B02F508KA7,九江双蒸博物馆,B02F508KA7,九江镇,文化场馆,10,10,中识别,游客对米酒历史文化和酿造工艺有明确认知，但体验重心偏向亲子游乐、美食品尝和商业消费，文化深度挖掘与沉浸式非遗体验尚显不足。,8,,,,,,
place:B0FFH989SN,九江镇望海观音寺(不对外开放),B0FFH989SN,九江镇,宗教场所,1,1,未形成,评论仅复述地点名称，未包含任何文化实体描述或游客体验内容，无法体现文旅融合状态。,0,,,,,,
place:B0L65SO443,九龙Park欢乐世界,B0L65SO443,大沥镇,体育设施,1,1,未形成,评论仅包含地点名称，缺乏任何文化实体描述或体验细节，无法体现文旅融合内容。,0,,,,,,
place:B0FFG2ERMT,九龙公园,B0FFG2ERMT,里水镇,公园绿地,1,1,未形成,评论仅提及地点名称，未包含任何具体文化实体、历史记忆或地方性体验描述，无法体现文旅融合内容。,0,,,,,,
place:B0HDDK8M6O,九龙岩,B0HDDK8M6O,西樵镇,自然景观,5,5,弱识别,游客主要关注自然地貌与徒步体验，虽提及历史人物讲学遗址但仅作为背景路过，未形成深度的文化认知或互动体验。,4,,,,,,
place:B0JBS5S8NS,从一蓝莓采摘园(南海白塔店),B0JBS5S8NS,里水镇,休闲娱乐,1,1,未形成,评论仅包含地点名称复述，未涉及任何人物、非遗、空间、历史或岭南地方性文化内容，无法体现文旅融合。,0,,,,,,
place:B0FFGM4O2F,仙湖度假区,B0FFGM4O2F,狮山镇,自然景观,10,10,未形成,评论主要聚焦于自然景观、酒店住宿和休闲设施，未识别到任何特定的人物、非遗、历史记忆或岭南地方性文化实体，文旅融合在文化内容层面尚未体现。,2,,,,,,
place:B0KR3U1J41,佛山千灯湖音乐秀场,B0KR3U1J41,桂城街道,休闲娱乐,1,1,未形成,评论仅提及地点名称，未包含任何人物、非遗、空间、历史或地方性文化实体，无法体现文旅融合内容。,0,,,,,,
place:B0JGYHX5I0,佛山市岭南金融博物馆(新馆),B0JGYHX5I0,桂城街道,文化场馆,16,16,中识别,游客对博物馆的展陈内容和历史脉络有明确认知，但评论多侧重于通用金融史或误植广州信息，对南海本地特有的金融文化记忆挖掘不足，融合深度有待提升。,10,,,,,,
place:B0FFF0FDHE,佛山植物园,B0FFF0FDHE,狮山镇,公园绿地,11,11,未形成,评论主要聚焦于植物品种科普、自然景观观赏及休闲健身功能，缺乏对岭南地域文化、历史记忆或非遗民俗的深度识别与体验，尚未体现文旅融合特征。,3,,,,,,
place:B0KRMZRLQY,佛山活体昆虫博物馆,B0KRMZRLQY,西樵镇,文化场馆,1,1,未形成,评论仅提及地点名称，未包含任何人物、非遗、历史记忆或岭南地方性文化内容，无法体现文旅融合特征。,0,,,,,,
place:B0FFGLP8I8,假日广场,B0FFGLP8I8,里水镇,公园绿地,1,1,未形成,评论仅提及地点名称，未包含任何文化实体描述或体验细节，无法体现文旅融合特征。,0,,,,,,
place:B02F506TYO,千灯湖,B02F506TYO,桂城街道,自然景观,10,10,中识别,评论主要聚焦于现代城市景观与休闲功能，虽提及岭南金融博物馆、大观博物馆及粤式茶点等文化载体，但缺乏对具体历史人物、非遗活动或深层地方记忆的实质性体验描述，文旅融合尚处于空间共存阶段。,12,,,,,,
place:B02F506TYO,千灯湖公园,B02F506TYO,桂城街道,公园绿地,75,16,弱识别,评论主要聚焦于现代城市景观、灯光秀表演及休闲功能，缺乏对南海本土历史文脉、非遗民俗或传统岭南生活方式的深度感知与识别。,5,,,,,,
place:B0HRVR1I92,千灯湖公园-南区,B0HRVR1I92,桂城街道,公园绿地,2,2,弱识别,评论主要聚焦自然景观与休闲设施，虽提及书画展、音乐会等活动及读书驿站，但缺乏对岭南地域特色或具体文化实体的深度感知，文旅融合尚处于活动叠加阶段。,3,,,,,,
place:B0FFIUK5ZQ,千灯湖公园北区,B0FFIUK5ZQ,桂城街道,公园绿地,10,10,弱识别,评论主要聚焦于自然景观、休闲设施和光影效果，虽提及岭南文化概念和博物馆存在，但缺乏对具体文化实体（如人物、非遗、历史事件）的深度体验或认知，文旅融合尚处于景观依附阶段。,6,,,,,,
place:9c67c9031c96,千灯湖创投特色小镇,,桂城街道,特色街区,4,4,未形成,评论主要聚焦现代金融产业定位、办公环境及灯光景观体验，缺乏对南海地方历史、非遗民俗或岭南传统文脉的实质性识别与融合。,3,,,,,,
place:B02F50UZCU,华南师范大学(佛山校区南海校园)图书馆,B02F50UZCU,狮山镇,文化场馆,1,1,未形成,评论文本仅提及地点名称且存在校区混淆，未包含任何具体的地方文化实体、非遗民俗或历史记忆内容，无法体现文旅融合特征。,0,,,,,,
place:B0FFG4B8C9,南国桃园,B0FFG4B8C9,大沥镇,自然景观,13,13,中识别,评论主要聚焦于桃花自然景观与休闲功能，虽提及南海观音寺、影视城等文化空间及岭南风情描述，但缺乏对具体历史人物、非遗活动或深层地方记忆的实质性体验与认知，文化元素多作为背景存在。,7,,,,,,
place:B0FFF3NK66,南海博物馆,B0FFF3NK66,西樵镇,文化场馆,6,6,中识别,游客能识别博物馆作为历史与非遗的展示空间及特定人物（石景宜），但评论多停留在宏观概念或设施服务层面，缺乏对具体文化内容（如具体历史事件、非遗项目细节）的深度体验描述。,8,,,,,,
place:B02F50YH2H,南海湾森林生态园,B02F50YH2H,西樵镇,自然景观,199,16,中识别,评论主要聚焦于自然山水与户外体验，对庆云洞道教文化及古建筑有明确提及但多作为景观背景，缺乏对深层历史记忆或非遗活动的深度互动，文旅融合处于‘景中带文’的初级阶段。,9,,,,,,
place:B02F503PVG,南海湿地主题公园,B02F503PVG,狮山镇,自然景观,20,16,弱识别,评论主要聚焦于自然生态、机动游戏和烧烤等休闲体验，仅有一处提及毛利土著文化表演，缺乏对佛山南海本土历史、非遗或岭南地方性的有效识别，文旅融合尚处于浅层娱乐阶段。,2,,,,,,
place:a4bf812bb343,南海湿地公园,,丹灶镇,公园绿地,10,10,未形成,评论主要聚焦于自然生态景观、亲子游乐设施及休闲功能，完全缺失对南海区地方文化、历史人物、非遗民俗或岭南生活方式的识别与体验。,3,,,,,,
place:B0FFH42HYC,南海神庙,B0FFH42HYC,狮山镇,宗教场所,10,10,高识别,评论高度聚焦于海神信仰、碑刻历史、建筑形制及波罗诞非遗活动，展现出深厚的历史记忆与活态民俗的深度融合，但部分评论存在将广州黄埔地理信息误植于佛山南海 POI 的现象。,18,,,,,,
place:B02F5076HS,南海科学馆,B02F5076HS,桂城街道,文化场馆,1,1,未形成,评论仅提及地点名称，缺乏对具体文化实体、展陈内容或地方性体验的描述，无法体现文旅融合特征。,0,,,,,,
place:B0FFH22EBA,南海花卉博览园,B0FFH22EBA,里水镇,公园绿地,2,2,未形成,评论仅聚焦于植物品种观赏与个人游玩体验，未识别到任何地方文化实体或岭南文化特征。,2,,,,,,
place:B0FFG0YUHE,南海观音寺,B0FFG0YUHE,大沥镇,宗教场所,11,11,中识别,游客对宗教信俗和建筑空间有明确认知，但部分评论混淆了地理位置（西樵山），且存在商业消费干扰文化体验的现象，文旅融合深度有待提升。,8,,,,,,
place:B0LA2ULNM1,南海鹿尔花园,B0LA2ULNM1,大沥镇,休闲娱乐,9,9,未形成,评论仅聚焦于门票价格、停车便利性、游乐设施及亲子休闲体验，完全未涉及任何地方文化实体或岭南文化特征，属于纯商业休闲娱乐场景。,3,,,,,,
place:B0FFLEX7DN,叠滘水乡,B0FFLEX7DN,桂城街道,人文古迹,3,3,中识别,评论高度聚焦于龙舟漂移这一核心非遗民俗，并延伸至文创产品与河道空间体验，但部分描述偏向通用景观与商业氛围，地方深层历史记忆与人物谱系提及较少。,7,,,,,,
place:B02F50UTH5,叶问宗师馆,B02F50UTH5,狮山镇,人文古迹,10,10,高识别,游客评论高度聚焦于叶问人物生平与咏春拳文化，通过影视记忆转化为实地文化认知，并有效关联了祖屋建筑空间与岭南地域特色，显示出较强的人物 - 非遗 - 空间融合特征。,8,,,,,,
place:B02F50WIZD,同庆坊,B02F50WIZD,桂城街道,人文古迹,1,1,未形成,评论仅提及地点名称，未包含任何文化实体描述或具体体验内容，无法体现文旅融合状态。,0,,,,,,
place:B0FFFV3BG0,听音广场,B0FFFV3BG0,西樵镇,公园绿地,10,10,弱识别,评论主要聚焦于夜景、人工瀑布及音乐表演等休闲体验，虽提及西樵山历史名人背景，但未在听音广场本体形成具体的文化实体感知或深度文旅融合体验。,8,,,,,,
place:37ad4e63c7e0,听音湖,,西樵镇,自然景观,11,11,中识别,评论主要聚焦于自然景观、灯光秀及现代商业休闲体验，虽提及西樵山历史名人背景及岭南建筑元素，但游客对具体地方文化实体的深度认知与互动较少，文旅融合尚处于景观依托型阶段。,11,,,,,,
place:B0FFG4RUQU,吴家大院,B0FFG4RUQU,九江镇,人文古迹,10,10,高识别,评论高度聚焦于清末华侨建筑、家族记忆及博物馆展陈，游客能清晰识别侨乡文化内核与历史空间价值，但部分评论仍停留在服务吐槽或泛泛而谈的景观层面。,11,,,,,,
place:B0FFH3XV4E,周氏大宗祠,B0FFH3XV4E,大沥镇,人文古迹,2,2,未形成,评论仅重复地点名称，缺乏对宗祠建筑、家族历史或民俗活动的具体描述，未体现任何实质性的文化识别与文旅融合内容。,0,,,,,,
place:B0FFG279L5,坐看云起,B0FFG279L5,西樵镇,自然景观,1,1,未形成,评论仅包含地点名称，缺乏对人物、非遗、空间、历史或地方性文化的具体描述与体验反馈，无法体现文旅融合内容。,0,,,,,,
place:B0FFG24UH1,基督教盐步堂,B0FFG24UH1,大沥镇,宗教场所,6,6,弱识别,评论主要聚焦于建筑外观的独特性（小提琴造型）和摄影打卡功能，缺乏对宗教文化内涵、历史记忆或地方民俗的深度认知与体验。,3,,,,,,
place:B0H0J7XPQC,夏漖粮园·喜文化创意基地,B0H0J7XPQC,桂城街道,特色街区,10,10,中识别,评论高度聚焦于工业遗产空间改造后的视觉景观与商业艺术展览体验，对岭南水乡地域背景有明确提及，但缺乏对粮仓历史记忆、非遗民俗或深层地方文化内容的实质性感知。,7,,,,,,
place:B0IRYUBYVX,多元宝贝世界(龙汇店),B0IRYUBYVX,大沥镇,休闲娱乐,1,1,未形成,评论仅包含地点名称，缺乏任何关于地方文化实体、非遗民俗或历史记忆的实质性描述，无法体现文旅融合特征。,0,,,,,,
place:B0JKBCNVVK,大板牙主题乐园,B0JKBCNVVK,桂城街道,休闲娱乐,1,1,未形成,评论仅提及地点名称，未包含任何人物、非遗、空间、历史或地方性文化实体，无法体现文旅融合内容。,0,,,,,,
place:B02F507JSS,大沥公园,B02F507JSS,大沥镇,公园绿地,4,4,中识别,评论明确提及革命纪念碑与文化中心设施，显示历史记忆与公共文化空间被游客识别，但缺乏对文化内涵的深度体验描述。,0,,,,,,
place:B0FFIR4D6W,大观博物馆,B0FFIR4D6W,桂城街道,文化场馆,10,10,中识别,评论高度聚焦于青铜镜等特定文物门类的展陈价值与历史内涵，体现了较强的文化认知体验，但缺乏对南海本土在地文化（如岭南民俗、广府生活）的深度关联，主要呈现为通用型古代艺术鉴赏。,7,,,,,,
place:B0H62CZH3V,天后宫,B0H62CZH3V,丹灶镇,宗教场所,1,1,未形成,评论仅提及地点名称，缺乏对信俗、建筑或历史的具体描述，未体现文旅融合内容。,0,,,,,,
place:B0FFHJ45NL,天湖公园,B0FFHJ45NL,西樵镇,公园绿地,14,14,中识别,评论显示该地通过举办黄飞鸿杯醒狮赛事形成了特定的文化体验节点，但大部分游客认知仍停留在自然景观和休闲功能层面，文化内容呈现活动化、节点化特征，尚未完全融入日常游览的核心叙事。,7,,,,,,
place:B0FFF4FNIM,孝德湖公园,B0FFF4FNIM,狮山镇,公园绿地,6,6,中识别,评论明确识别到以'孝德'为核心的主题文化空间及叶问人物元素，但部分游客仅关注自然景观或噪音问题，文化体验深度不一。,7,,,,,,
place:B0K2XZ9QGF,少林寺,B0K2XZ9QGF,西樵镇,宗教场所,1,1,未形成,评论仅包含地点名称，缺乏对人物、非遗、空间内涵或历史记忆的具体描述，无法体现文旅融合内容。,0,,,,,,
place:B0FFKUREHD,展旗峰生态公园,B0FFKUREHD,里水镇,公园绿地,10,10,中识别,评论明确识别了楼内关于里水民俗、状元姚大宁及舞狮龙舟的展陈内容，同时存在大量基于古风建筑风格的汉服打卡体验，但部分游客仅关注自然景观与停车便利性，文化深度感知在样本中分布不均。,9,,,,,,
place:B0G3HL6JFL,展旗楼,B0G3HL6JFL,里水镇,人文古迹,1,1,未形成,评论仅提及地点名称，缺乏对人物、非遗、历史或地方性文化的具体描述与体验反馈，无法体现文旅融合内容。,0,,,,,,
place:B02F50XHK7,市民广场,B02F50XHK7,狮山镇,公园绿地,1,1,未形成,评论仅聚焦于自然景观、休闲设施与周边商业配套，未识别到任何地方文化实体或岭南特色内容。,2,,,,,,
place:B0FFG63FJW,广东南海金沙岛国家湿地公园,B0FFG63FJW,丹灶镇,公园绿地,1,1,未形成,评论仅复述地点名称，未包含任何人物、非遗、空间、历史或地方性文化实体的具体描述与体验。,0,,,,,,
place:B0JRKMVGXF,广东省非物质文化遗产佛山咏春拳东二义咏堂,B0JRKMVGXF,桂城街道,非遗体验,1,1,未形成,评论仅复述地点名称作为标题或标签，缺乏游客对文化内容、体验过程或历史背景的实际描述，无法构成有效的文旅融合语义识别。,0,,,,,,
place:B02F5076NF,庆云洞,B02F5076NF,西樵镇,自然景观,9,9,中识别,评论对庆云洞的历史沿革（光绪始建、抗战指挥部）和宗教属性（道观、殿宇）有明确文本提及，但多数游客体验仍聚焦于自然山水、徒步健身及票价争议，文化内容多作为背景知识存在，尚未完全转化为深度的文化体验核心。,19,,,,,,
place:B0FFIVH0A1,康有为博物馆,B0FFIVH0A1,丹灶镇,文化场馆,1,1,未形成,评论仅提及地点名称，缺乏对人物、历史或文化内容的具体描述，无法体现文旅融合状态。,0,,,,,,
place:B02F5076XZ,康有为故居(东南门),B02F5076XZ,丹灶镇,人文古迹,21,16,高识别,游客评论高度聚焦于康有为人物生平、维新历史记忆及岭南建筑空间，但部分评论指出故居本体封闭、展陈与服务脱节，显示文化资源虽被清晰识别，但文旅融合的体验完整性仍有提升空间。,15,,,,,,
place:B02F508PZ5,怡海公园,B02F508PZ5,桂城街道,公园绿地,3,3,未形成,评论主要聚焦于休闲健身、自然景观及基础设施，未识别到任何具体的地方文化实体或历史内涵，文旅融合在文化内容层面尚未显现。,2,,,,,,
place:B0G23ABBRG,摩天轮,B0G23ABBRG,丹灶镇,休闲娱乐,1,1,未形成,评论仅提及设施名称，未包含任何人物、非遗、空间、历史或地方性文化内容，无法体现文旅融合。,0,,,,,,
place:B0LD3SFR5N,敦根水上龙舟乐园,B0LD3SFR5N,丹灶镇,非遗体验,1,1,中识别,评论明确提及非遗项目概念并体验了划龙舟活动，但缺乏对具体民俗细节、历史背景或文化空间的深度描述，停留在浅层体验与标签化认知阶段。,3,,,,,,
place:B0FFGI15WQ,文翰湖公园,B0FFGI15WQ,桂城街道,公园绿地,9,9,未形成,评论主要聚焦于现代城市公园的休闲设施、自然景观和便民服务，未识别出任何与南海地方文化、历史记忆或非遗民俗相关的实体内容。,3,,,,,,
place:B0JRRYOSNV,星沐森林·昆虫自然博物馆,B0JRRYOSNV,桂城街道,文化场馆,3,3,未形成,评论主要聚焦于亲子科普、动物互动体验及票价信息，未识别到任何地方文化实体或岭南地域特色，属于通用型自然教育场馆体验。,2,,,,,,
place:B02F50WJ4R,映月湖公园,B02F50WJ4R,桂城街道,公园绿地,10,10,弱识别,评论主要聚焦于现代城市景观、月亮主题设计及节庆灯会活动，缺乏对南海本土历史人物、非遗民俗或深层地方记忆的实质性识别，文旅融合尚处于景观休闲层面。,2,,,,,,
place:B0FFHHJ5YR,枫林白塔,B0FFHHJ5YR,西樵镇,自然景观,1,1,未形成,评论仅陈述地理位置归属，未涉及任何人物、非遗、历史记忆或岭南地方性文化内容，缺乏文旅融合的文化识别要素。,0,,,,,,
place:B02F5079WX,桂城儿童公园,B02F5079WX,桂城街道,公园绿地,6,6,未形成,评论仅聚焦于亲子游乐设施、绿化环境及交通状况，完全未涉及任何地方文化实体或岭南地域特征，属于纯功能性休闲空间评价。,2,,,,,,
place:B0HKCS5YZI,桂花岛,B0HKCS5YZI,桂城街道,自然景观,1,1,未形成,评论仅聚焦于票价、时长和天气等基础游览体验，未识别到任何地方文化实体或文旅融合内容。,1,,,,,,
place:B0FFIWPSPF,桃花湖,B0FFIWPSPF,大沥镇,自然景观,10,10,未形成,评论主要聚焦于喀斯特地貌、湖光山色等自然景观及民宿住宿体验，缺乏对南海区地方文化实体（如人物、非遗、历史记忆等）的有效识别，且存在大量关于清远桃花湖的异地评论干扰，未体现文旅融合特征。,3,,,,,,
place:B0LGTX12VB,梁氏大宗祠,B0LGTX12VB,里水镇,人文古迹,1,1,高识别,游客明确识别了宗族姓氏文化、古建筑历史年代及修缮历程，体现了对地方家族记忆与文化空间的深度认知。,4,,,,,,
place:B0FFJ2UYP8,梦里水乡景区,B0FFJ2UYP8,里水镇,自然景观,2,2,弱识别,评论主要聚焦于夜间娱乐活动和自然景观体验，未提及具体的地方文化实体或岭南地域特征，文旅融合停留在通用休闲层面。,4,,,,,,
place:B0FFHF702W,梦里水乡百花园,B0FFHF702W,里水镇,公园绿地,13,13,弱识别,评论主要聚焦于花卉景观、亲子游乐设施及交通服务，虽有一条评论提及‘岭南水乡风情’和‘历史典故’等概念，但多为宣传性复述或背景提及，游客实际体验中未形成对具体地方文化实体（如特定人物、非遗项目、古迹）的深度感知与互动。,4,,,,,,
place:B0HUVZ29A5,樵山文化中心A区,B0HUVZ29A5,西樵镇,文化场馆,1,1,未形成,评论仅提及具体活动行为，未涉及任何地方文化实体、历史背景或岭南特色，无法体现文旅融合内容。,1,,,,,,
place:B0HUVZ2GKT,樵山文化中心C区,B0HUVZ2GKT,西樵镇,文化场馆,1,1,未形成,评论仅包含地点名称复述，未涉及任何具体文化实体、体验内容或地方性认知，无法体现文旅融合状态。,0,,,,,,
place:B0FFIJSJRK,欢乐沙滩,B0FFIJSJRK,丹灶镇,自然景观,1,1,未形成,评论仅包含地点名称，缺乏任何文化实体描述或体验细节，无法体现文旅融合特征。,0,,,,,,
place:B0FFL92KWP,水月宫,B0FFL92KWP,里水镇,宗教场所,3,3,未形成,评论文本主要复制了肇庆星湖的通用百科介绍或攻略，未包含游客对佛山南海里水镇水月宫的真实实地体验与文化识别，且地点匹配存在明显错误（将肇庆景点误植为南海 POI），导致无法提取有效的在地文化实体。,0,,,,,,
place:B02F50UENU,沙溪公园,B02F50UENU,里水镇,公园绿地,1,1,未形成,评论仅聚焦于自然生态景观与休闲健身功能，未识别到任何地方文化实体或非遗民俗内容，属于纯公共绿地休闲体验。,2,,,,,,
place:B02F50WYWN,海寿岛,B02F50WYWN,九江镇,自然景观,3,3,中识别,评论清晰识别了移民历史记忆与独特的渔农生活方式，但缺乏对具体非遗项目、历史人物或实体文化空间的深度体验描述，融合停留在生活风貌感知层面。,5,,,,,,
place:B0FFJYGJTV,烟桥古村,B0FFJYGJTV,九江镇,人文古迹,9,9,高识别,游客评论高度聚焦于村落的历史沿革、明清建筑遗存及岭南水乡意境，显示出强烈的文化内容识别，但体验多停留在静态参观与怀旧层面，深度互动性描述较少。,11,,,,,,
place:B0FFH49S2C,玉虚宫,B0FFH49S2C,里水镇,宗教场所,10,10,中识别,游客能识别其作为明清古建筑和道教场所的历史价值及建筑细节，但评论多侧重于地理位置描述、城中村改造背景对比及一般性怀古感叹，缺乏对具体历史事件、人物谱系或深度民俗活动的实质性文化体验描述。,8,,,,,,
place:B02F5076NL,璜矶鹭鸟天堂,B02F5076NL,九江镇,自然景观,4,4,未形成,评论仅聚焦于自然生态景观与餐饮配套，完全缺失对九江镇水乡文化、鹭鸟保护历史或地方民俗的识别，文旅融合尚未在游客认知层面发生。,2,,,,,,
place:65433cbd5b5c,畅乐水上乐园,,狮山镇,休闲娱乐,8,8,未形成,评论完全聚焦于亲子娱乐、票价性价比及设施体验，未涉及任何地方文化实体或岭南文化内容，属于纯商业休闲消费场景。,3,,,,,,
place:B0FFGB50JA,盐步老龙,B0FFGB50JA,大沥镇,自然景观,1,1,高识别,评论明确将地点识别为岭南水乡文化空间，并高度关联龙舟非遗民俗与端午节庆活动，体现了自然景观向文化体验的有效转化。,4,,,,,,
place:B0J1F79OGZ,瞧溪谷西樵山亲水溪谷,B0J1F79OGZ,西樵镇,自然景观,10,10,未形成,评论仅聚焦于水上娱乐、亲子互动及露营烧烤等通用休闲体验，完全未涉及西樵山或南海区的任何地方文化实体、历史记忆或岭南特色，文旅融合在评论内容中尚未显现。,3,,,,,,
place:B0FFF365DR,碧玉洞,B0FFF365DR,西樵镇,自然景观,10,10,中识别,评论中存在对历史人物、典故及地方产业起源的明确文本提及，但多为背景介绍或碎片化引用，大部分游客体验仍集中在自然景观与避暑功能，文化内容尚未完全转化为深度体验核心。,20,,,,,,
place:B0H1KD15OJ,碰碰车,B0H1KD15OJ,丹灶镇,休闲娱乐,5,5,未形成,评论仅聚焦于游乐设施的趣味性和亲子体验，完全未涉及任何地方文化实体或岭南地域特征。,2,,,,,,
place:B02F505476,礌岗公园(北门),B02F505476,桂城街道,公园绿地,10,10,中识别,评论主要聚焦于魁星阁作为岭南风格地标及内部展览带来的文化认知体验，但缺乏对具体历史人物、非遗活动或深层历史记忆的实质性提及，文旅融合停留在景观符号与基础展陈层面。,6,,,,,,
place:B02F50YCH3,罗村中心广场,B02F50YCH3,狮山镇,公园绿地,4,4,未形成,评论仅体现普通市民休闲健身与景观打卡功能，完全缺失对地方文化实体（如人物、非遗、历史空间等）的识别与体验。,2,,,,,,
place:4a82536b0c4b,翠岩,,西樵镇,自然景观,10,10,中识别,评论主要聚焦自然景观体验，仅个别长评通过背景叙述提及历史人物与建筑，游客自身并未在游览过程中产生深度的文化互动或认知。,12,,,,,,
place:B0FFI30V9U,翰林湖农业公园,B0FFI30V9U,狮山镇,公园绿地,10,10,弱识别,评论主要聚焦于花卉景观、网红打卡和摄影体验，虽提及‘耕读田园’主题及‘沙水古村’地名，但缺乏对地方文化实体（如人物、非遗、历史记忆）的实质性感知与互动，文旅融合尚处于景观观光层面。,4,,,,,,
place:B0FFG27DFD,蝴蝶谷,B0FFG27DFD,西樵镇,自然景观,11,11,未形成,评论主要聚焦于自然生态景观、游船交通体验及网红打卡属性，虽提及孙中山等名人足迹但属于背景介绍而非游客实地文化感知，缺乏对岭南地域文化、非遗或历史记忆的实质性识别与互动。,5,,,,,,
place:B02F50WJ53,西华寺,B02F50WJ53,里水镇,宗教场所,1,1,未形成,评论仅包含地点名称，缺乏对宗教文化、建筑特色或历史背景的任何描述，无法体现文旅融合内容。,0,,,,,,
place:B0G1DAE4LO,西樵山国家地质公园,B0G1DAE4LO,西樵镇,自然景观,6,6,未形成,评论主要聚焦于自然景观、登山体力消耗及交通票价等基础旅游要素，完全缺失对西樵山特有的理学文化、宗教文化或历史人物等地方文化内容的识别。,2,,,,,,
place:B0FFFOVW3H,西樵山国艺影视城,B0FFFOVW3H,西樵镇,休闲娱乐,54,16,中识别,游客主要将地点视为仿古建筑群和摄影背景板，对民国、明清等历史风貌有场景化认知，但缺乏对具体岭南在地文化人物、非遗技艺或真实历史事件的深度识别，文旅融合停留在视觉景观层面。,10,,,,,,
place:B02F50YSSQ,西樵山宝峰寺,B02F50YSSQ,西樵镇,宗教场所,2,2,中识别,评论中存在对明代历史背景和南粤名寺地位的事实性陈述，但缺乏游客个人的深度文化体验或情感共鸣，另一条评论仅泛谈风情而无具体文化实体。,3,,,,,,
place:a2aade71686b,西樵山宝峰寺-观景平台,,西樵镇,宗教场所,1,1,未形成,评论仅包含地点名称，缺乏任何关于文化实体、体验活动或地方性内容的描述，无法体现文旅融合状态。,0,,,,,,
place:B0J2B1UNZC,西樵山森吧飞越树上探险乐园,B0J2B1UNZC,西樵镇,休闲娱乐,10,10,弱识别,评论主要聚焦于体能挑战、亲子娱乐及设施服务，虽提及西樵山整体背景中的观音文化苑，但针对本 POI（探险乐园）并未产生具体的地方文化实体识别，文旅融合仅体现为地理空间上的依附而非内容融合。,4,,,,,,
place:B02F5076F0,西樵山风景名胜区,B02F5076F0,西樵镇,自然景观,101,16,高识别,评论中高频提及黄飞鸿、醒狮、南海观音、四方竹传说及石器文化，显示游客对人物、非遗、宗教空间及地方历史记忆有明确感知，但部分体验仍停留在景观打卡或商业消费层面。,13,,,,,,
place:B0FFHJ45NL,西樵山风景名胜区-天湖公园,B0FFHJ45NL,西樵镇,公园绿地,11,11,中识别,评论中对地方文化有明确的文本提及（如康有为、黄飞鸿、半山扒龙船民俗），但多表现为背景知识介绍或设施命名，游客实际体验描述侧重于自然风光和休闲功能，文化内容与深度体验的融合度尚浅。,18,,,,,,
place:B0FFG2AME7,西樵山风景名胜区-观音庙,B0FFG2AME7,西樵镇,宗教场所,1,1,未形成,评论仅包含地点名称，缺乏对宗教文化、建筑空间或信仰体验的具体描述，无法识别文旅融合内容。,0,,,,,,
place:e6f071d16f6e,西樵香云纱丝绸博物馆,,西樵镇,文化场馆,1,1,未形成,评论仅复述地点名称，未包含任何具体的文化实体描述、体验过程或情感评价，无法体现文旅融合状态。,0,,,,,,
place:B0FFKJD696,西樵黄大仙祠,B0FFKJD696,西樵镇,人文古迹,24,16,中识别,评论高度聚焦于宗教人物（黄大仙）与器物（金像、聚宝盆）的物质属性及灵验传说，但缺乏对道教历史脉络、建筑规制或岭南信俗深层内涵的解读，呈现为以祈福和打卡为主的浅层文化消费。,11,,,,,,
place:B0FFHRPUYH,观音庙,B0FFHRPUYH,桂城街道,宗教场所,1,1,弱识别,评论仅体现宗教场所的祈福功能与打卡行为，未涉及具体的岭南民俗、建筑历史或地方文化叙事，文旅融合停留在浅层观光阶段。,1,,,,,,
place:B0FFG8XPXK,贤鲁岛,B0FFG8XPXK,里水镇,自然景观,9,9,弱识别,评论主要聚焦于花卉景观、骑行体验和网红打卡，虽提及古村落和水乡概念，但缺乏对具体历史人物、非遗民俗或深层地方文化记忆的实质性感知与互动。,5,,,,,,
place:B0HG2U0KTA,铁军公园,B0HG2U0KTA,西樵镇,公园绿地,2,2,中识别,评论明确识别了革命人物陈铁军及其纪念馆空间，并肯定了展陈的历史教育价值，但缺乏对具体历史事件细节或深层精神内涵的描述，文化体验主要停留在纪念性参观层面。,4,,,,,,
place:B0FFGA58BQ,银坑村祠堂(乡约),B0FFGA58BQ,西樵镇,人文古迹,1,1,未形成,评论仅提及民宿摄影与周边自然景观，完全未涉及祠堂本体或任何地方文化内容，文旅融合在评论层面未发生。,1,,,,,,
place:B0HKO5IJHF,阳光沙滩,B0HKO5IJHF,桂城街道,自然景观,2,2,未形成,评论仅重复地点名称，完全缺失对人物、非遗、空间、历史或岭南地方性等文化实体的识别与体验描述。,0,,,,,,
place:B0FFH3XXY4,陈氏大宗祠,B0FFH3XXY4,里水镇,人文古迹,1,1,未形成,评论仅提及地点名称，缺乏对文化实体、历史内涵或体验活动的具体描述，无法体现文旅融合状态。,0,,,,,,
place:B0FFH4AQI7,陈氏宗祠,B0FFH4AQI7,里水镇,人文古迹,4,4,弱识别,游客虽提及宗祠建筑与岭南风情，但多受地理位置混淆干扰且无法进入核心空间，文化体验停留在外部景观浏览，未形成深度的文旅融合互动。,5,,,,,,
place:B0FFMB0M81,陈氏祠堂,B0FFMB0M81,狮山镇,人文古迹,1,1,未形成,评论仅包含地点名称，缺乏对文化实体、历史内涵或体验活动的具体描述，无法体现文旅融合状态。,0,,,,,,
place:B0LAP7F790,霍氏宗祠,B0LAP7F790,丹灶镇,人文古迹,1,1,未形成,评论仅包含地点名称，缺乏对人物、历史、建筑细节或文化体验的任何描述，无法体现文旅融合状态。,0,,,,,,
place:B0FFLQE8AB,高铁公园,B0FFLQE8AB,桂城街道,公园绿地,1,1,未形成,评论仅提及地点名称，缺乏任何文化实体描述或深度体验内容，无法体现文旅融合特征。,0,,,,,,
place:B0FFFH2PSL,黄岐公园,B0FFFH2PSL,大沥镇,公园绿地,1,1,中识别,评论主要聚焦于现代休闲运动与亲子设施，仅将龙母庙作为园内景观提及，缺乏对信俗文化或历史内涵的深度体验描述。,2,,,,,,
place:B0FFG3QKJB,黄氏大宗祠,B0FFG3QKJB,狮山镇,人文古迹,10,10,中识别,评论中对岭南建筑工艺、宗族历史及抗战记忆有具体文本支撑，但部分评论流于泛化打卡或仅提及家族姓氏，整体文化识别深度不均。,7,,,,,,
place:B02F501SVF,黄飞鸿狮艺武术馆,B02F501SVF,西樵镇,非遗体验,41,16,高识别,游客评论高度聚焦于黄飞鸿人物 IP、醒狮非遗表演及故居宗祠空间，形成了清晰的人物 - 非遗 - 空间三位一体的文化认知，但部分评论指出商业化打赏环节对文化体验的干扰。,23,,,,,,
place:B0FFG1YR84,黄飞鸿狮艺武术馆-表演台,B0FFG1YR84,西樵镇,非遗体验,1,1,未形成,评论仅复述地点名称，未包含任何具体的文化实体描述、体验过程或情感评价，无法体现文旅融合状态。,0,,,,,,
,,,,,,,,,,entity:9ac595910fa83695,摄影打卡,体验主题,评论体验主题,33,不少摄影发烧友在捕捉疾驰的列车；可以看看啊拍拍照；拍照看景大约一小时吧；适合喜欢安静的情侣拍拖；摄影爱好者想拍夜景此处不错
,,,,,,,,,,entity:0d11cbf52b2a1d83,空间景观,体验主题,评论体验主题,32,可以俯视山下的高速公路、跨江大桥，以及几条交汇的高铁线；广场以蓝带（水景）、绿带（花草树木）、光带（夜景）为主题；景色以峡谷自然风光为主；湖畔修了很多栈道，也有单车道；进入佛山植物园犹如坠入一片绿海，所见之处林木莽莽
,,,,,,,,,,entity:2c8cbc347841b61b,太平天国,历史记忆谱系,历史记忆实体,1,是以明清、民国时期文化为背景的仿古建筑群
,,,,,,,,,,entity:83389f179322c7ee,明清,历史记忆谱系,历史记忆实体,4,是以明清、民国时期文化为背景的仿古建筑群；明清两代有“百步梯”石路直通山；仿古建筑，如明清皇宫；早在明代的时候，醒狮就在广东出现...显现出清末岭南古建筑的风貌
,,,,,,,,,,entity:72e587404c506a9f,民国,历史记忆谱系,历史记忆实体,3,是以明清、民国时期文化为背景的仿古建筑群；聚焦于民国时期的金融动荡与变革；主打近现代民国的部分
,,,,,,,,,,entity:70ccc20459231d3d,江南水乡,岭南地方性谱系,岭南地方性实体,1,一定会以为这就是真实的江南水乡的生活
,,,,,,,,,,entity:7d972f1eb0b68491,皇宫,文化空间谱系,文化空间实体,1,金碧辉煌的皇宫，也让我感觉到惊叹不已
,,,,,,,,,,entity:0355978eb9ee0252,洪秀全,人物谱系,人物实体,1,天王洪秀全、东王杨秀清的交通工具道具
,,,,,,,,,,entity:99c93a619965d2bd,杨秀清,人物谱系,人物实体,1,天王洪秀全、东王杨秀清的交通工具道具
,,,,,,,,,,entity:ab8701b31372a995,三国演义,历史记忆谱系,历史记忆实体,1,据说在这里拍摄过《三国演义》和《太平天国》等电视剧
,,,,,,,,,,entity:9df947870b8cfa3c,苏东坡,人物谱系,人物实体,2,也是《倩女幽魂》、《三国》、《少年包青天》、《苏东坡》等影视剧的取景地；因韩愈苏东坡到此并留诗而成扶胥浴日盛景
,,,,,,,,,,entity:f2652d6660d65686,岭南,岭南地方性谱系,岭南地方性实体,13,具有岭南特色的香港街区；更是岭南地区金融文化的生动写照；还有岭南金融博物馆可以参观；一处充满岭南风情的旅游胜地；南海人杰地灵
,,,,,,,,,,entity:1a230084a9ba2ac8,马术表演,体验主题,评论体验主题,1,近距离的观看马术表演也是非常难得的
,,,,,,,,,,entity:98a8e782ef9e501b,古风摄影,体验主题,评论体验主题,1,集古风摄影、娱乐演出、亲子遛娃、观景摄影于一体
,,,,,,,,,,entity:26d70bea753d5fee,年味,体验主题,评论体验主题,1,浓浓的年味
,,,,,,,,,,entity:cd61d97883fe95e4,米酒文化,岭南地方性谱系,岭南地方性实体,1,九江双蒸博物馆对了解双蒸解和米酒文化有很好的了解
,,,,,,,,,,entity:68dd9b6cde9f2be5,九江双蒸,岭南地方性谱系,岭南地方性实体,1,使我们了解九江双蒸米酒的百年的历史过程
,,,,,,,,,,entity:c6ae15aaa64ba4e6,酒文化,岭南地方性谱系,岭南地方性实体,1,一个有关酒文化的主题博物馆
,,,,,,,,,,entity:0e7346b358a3d59d,青梅酒,岭南地方性谱系,岭南地方性实体,1,采购平价青梅酒
,,,,,,,,,,entity:56f5180222f5f3ea,酒酿入菜,岭南地方性谱系,岭南地方性实体,1,品尝美味酒酿入菜佳餚
,,,,,,,,,,entity:d2d0aa14df0b005d,醉酒小屋,体验主题,评论体验主题,1,醉酒小屋很有意思，值得体验
,,,,,,,,,,entity:a2034238c6c98731,展陈讲解,体验主题,评论体验主题,8,讲解员姐姐很友爱，根据小朋友的情况生动讲解；不仅有专业的讲解员为你答疑解惑；主要的展览在二楼...参观起来还是比较顺畅的；船模展和出土文物展，让人惊叹于古代劳动人民的聪明才智；不仅以其丰富的藏品和独特的展览吸引着无数历史与艺术爱好者
,,,,,,,,,,entity:defef074503c8b98,全酒宴,体验主题,评论体验主题,1,还有全酒宴的呢
,,,,,,,,,,entity:7f2e53566fc4be33,湛子,人物谱系,人物实体,1,附近还有湛子讲学的遗址，随意看看啦
,,,,,,,,,,entity:9f74ea5d20178fc9,讲学遗址,文化空间谱系,文化空间实体,1,附近还有湛子讲学的遗址，随意看看啦
,,,,,,,,,,entity:3f726c49dc70760b,商业消费,体验主题,评论体验主题,11,入住一次最高级那家度假酒店；儿童游乐设施多，机动游戏玩，烧烤场，骑马；门票比较贵；旁边还有希尔顿酒店；收费很坑人...门票又贵
,,,,,,,,,,entity:712ccd6504e9df07,清代货币,历史记忆谱系,历史记忆实体,1,涵盖了古钱、古钞、清代货币、民国各类货币
,,,,,,,,,,entity:931bb77438128d5e,红色货币,历史记忆谱系,历史记忆实体,1,通过红色货币的展示，让人们了解了革命时期的金融斗争
,,,,,,,,,,entity:bee50dfa2f2f66e3,广东货币,岭南地方性谱系,岭南地方性实体,1,专门展示了广东地区的金融发展历程
,,,,,,,,,,entity:e4664c4f4854ee3c,庐江书院,文化空间谱系,文化空间实体,1,岭南金融博物馆选址为广州市越秀区教育路流水井 29 号庐江书院
,,,,,,,,,,entity:3d7d0ab000b1755d,南越王,人物谱系,人物实体,1,最早追溯至南越王先祖政权建制之时
,,,,,,,,,,entity:da705d72fad12e44,古代青铜器,非遗民俗谱系,非遗民俗实体,1,馆内藏有精美绝伦的古代青铜器、铜镜、陶器
,,,,,,,,,,entity:b596e8027196e19c,文化认知,体验主题,评论体验主题,11,让人在欣赏文物的同时，也对中国金融史有了更深入的了解；仔细慢慢看树上挂着的标牌，能够学到很多关于植物方面的知识；为游客提供了深入了解当地文化历史的机会；可以了解到南海的历史；让更多人了解南海社庙的历史
,,,,,,,,,,entity:47be23c7bd41723d,博物馆,文化空间谱系,文化空间实体,1,岭南金融博物馆可以参观
,,,,,,,,,,entity:bf255e398b374940,大观博物馆,文化空间谱系,文化空间实体,1,如大观博物馆，为游客提供了深入了解当地文化历史的机会
,,,,,,,,,,entity:6fd2212c3d0b2b67,公共读书驿站,文化空间谱系,文化空间实体,1,公园内设有公共读书驿站，提供了一个充满书香气息的环境
,,,,,,,,,,entity:73616be3350b183a,历史观测塔,文化空间谱系,文化空间实体,1,如历史观测塔、水上茶亭、柏树茶店等
,,,,,,,,,,entity:c54657f785e2c0cf,水上茶亭,文化空间谱系,文化空间实体,1,如历史观测塔、水上茶亭、柏树茶店等
,,,,,,,,,,entity:1d6aec441cdc92cb,石灯,文化空间谱系,文化空间实体,1,我看到了许多造型各异的石灯，它们或高或矮，或古朴或精致
,,,,,,,,,,entity:eb040022542e1fb6,亭子,文化空间谱系,文化空间实体,1,一座古色古香的亭子映入眼帘
,,,,,,,,,,entity:3028ea837990285a,礌岗塔,文化空间谱系,文化空间实体,1,也可走到礌岗塔（连通）
,,,,,,,,,,entity:bc166890b4840984,粤式茶点,岭南地方性谱系,岭南地方性实体,1,集合在千灯食通天来过粤式茶点饱饱在去游湖
,,,,,,,,,,entity:dd633d765eb9311a,灯光秀,体验主题,评论体验主题,2,千灯湖的灯光秀更是一大亮点；听闻千灯湖创投小镇晚上有灯光骚
,,,,,,,,,,entity:842bf04e4a40cd06,南国水乡特色,岭南地方性谱系,岭南地方性实体,1,体现了水网纵横的南国水乡特色与传统历史风韵
,,,,,,,,,,entity:760d33614f5701c9,水上光影表演,体验主题,评论体验主题,1,8 点和 9 点还有水上光影表演看，效果挺不错的
,,,,,,,,,,entity:ff1cf737abec2bb7,喷泉表演,体验主题,评论体验主题,1,查好星期五，六的喷泉表演位置和時間
,,,,,,,,,,entity:1004067320a166dc,书画展,体验主题,评论体验主题,1,公园也经常举办各种文化活动，如书画展、音乐会等
,,,,,,,,,,entity:1cb0a4929545ef82,音乐会,体验主题,评论体验主题,2,公园也经常举办各种文化活动，如书画展、音乐会等；在这边搞个音乐会，其实还是可以的
,,,,,,,,,,entity:34c1496b37b6d471,公共读书驿站,体验主题,评论体验主题,1,公园内的公共读书驿站，为游客提供了一个静谧的阅读环境
,,,,,,,,,,entity:2d4ac0e32dfcd911,岭南文化,岭南地方性谱系,岭南地方性实体,1,让游客在游玩的同时领略到了岭南文化的独特魅力
,,,,,,,,,,entity:8370508c2eba9643,金融博物馆,文化空间谱系,文化空间实体,1,还有这边的金融博物馆也是坐落在北区旁边
,,,,,,,,,,entity:88dde9d4db470b02,大红灯笼,非遗民俗谱系,非遗民俗实体,1,大红灯笼已经高高挂起
,,,,,,,,,,entity:c99a1548b7fdad28,太极拳,非遗民俗谱系,非遗民俗实体,1,你会看到一位大爷在练习太极拳
,,,,,,,,,,entity:c8fc16275f6c5fcf,南海观音寺,文化空间谱系,文化空间实体,1,南海观音寺。门票 10 元，当然也不能错过啦
,,,,,,,,,,entity:4b4d1342137b53e5,古建筑,文化空间谱系,文化空间实体,2,古建筑、雕塑、碑刻等艺术珍品遍布其间；大岭村里面有很多古建筑
,,,,,,,,,,entity:cd195578fc0f18ca,碑刻,文化空间谱系,文化空间实体,2,古建筑、雕塑、碑刻等艺术珍品遍布其间；庙内珍藏着大量帝王祭碑和名人碑刻
,,,,,,,,,,entity:fcd7b82d2aa5d210,南海影视城,文化空间谱系,文化空间实体,1,旁边还有个景点，南海影视城
,,,,,,,,,,entity:dabb1758e2b9fa7a,汉服,岭南地方性谱系,岭南地方性实体,2,穿汉服来拍照的小姐姐美到窒息；可以穿一套汉服过来，非常的好出片
,,,,,,,,,,entity:9e010edbb3d6d9db,珠江三角洲,岭南地方性谱系,岭南地方性实体,2,这里是珠江三角洲内自然条件尚末受到人为破环、污染的地区之一；类似这样规模的小村落，放在珠江三角洲地带
,,,,,,,,,,entity:857a6f631c51480b,石景宜,人物谱系,人物实体,1,这个博物馆主要是介绍石景宜的事迹和他收藏的藏品
,,,,,,,,,,entity:c9c36e4600677fe7,贝叶经,非遗民俗谱系,非遗民俗实体,1,有贝叶经、书画作品、工艺品等等
,,,,,,,,,,entity:b1082eba5991aa19,南海记忆,历史记忆谱系,历史记忆实体,1,博物馆方面的展览主要有南海记忆，这是介绍南海历史的
,,,,,,,,,,entity:ce5c96ee96c900f2,非物质文化遗产,非遗民俗谱系,非遗民俗实体,1,还有一个书画展览、名人展和非物质文化遗产的展览
,,,,,,,,,,entity:907aefd2013ecd62,庆云洞,文化空间谱系,文化空间实体,1,岭南道场一绝庆云洞
,,,,,,,,,,entity:816121a12731b673,接源桥,文化空间谱系,文化空间实体,1,最具魅力古建筑 - 接源桥
,,,,,,,,,,entity:7a4ca60efc9bcfeb,吕祖棋盘,历史记忆谱系,历史记忆实体,1,神仙圣地 - 吕祖棋盘
,,,,,,,,,,entity:ebba1e02157565c6,康熙天下第一“福”字,历史记忆谱系,历史记忆实体,1,康熙天下第一“福”字等等
,,,,,,,,,,entity:4b55dface0e9550a,庆云道观,文化空间谱系,文化空间实体,1,就像庆云道观旁边的牌匾上写的“最具魅力古建筑”
,,,,,,,,,,entity:3a9a213b84d51749,道教文化,非遗民俗谱系,非遗民俗实体,1,百年庆云洞道观祈福
,,,,,,,,,,entity:0af3d39585d878d6,毛利土著文化,岭南地方性谱系,岭南地方性实体,1,展示了湿地生态资源和毛利土著文化
,,,,,,,,,,entity:5f2a592e4e447143,原始人的舞蹈表演,体验主题,评论体验主题,1,还有原始人的舞蹈表演
,,,,,,,,,,entity:5c3854c24a08df9e,祝融,人物谱系,人物实体,1,除海神祝融外，庙内珍藏着大量帝王祭碑
,,,,,,,,,,entity:e49adb13a672694a,韩愈,人物谱系,人物实体,1,包括唐朝的韩愈碑
,,,,,,,,,,entity:a0dcea74b6cb88f0,明顺夫人,人物谱系,人物实体,1,宋朝的时候，还给南海神封了一位海神夫人～明顺夫人
,,,,,,,,,,entity:91dc7453f4f2461f,舞狮,非遗民俗谱系,非遗民俗实体,3,民风醇厚，舞狮龙舟等非遗文化得以保存；国庆在这里还有舞狮竞赛；楼上就是一些佛山舞狮
,,,,,,,,,,entity:541c3bd901268080,龙舟,非遗民俗谱系,非遗民俗实体,6,民风醇厚，舞狮龙舟等非遗文化得以保存；除了鼎鼎大名的龙舟比赛外；还有龙舟展示；体验一次划龙舟还是挺好玩的；龙舟有特色
,,,,,,,,,,entity:1c0a428b06bee7df,波罗诞,非遗民俗谱系,非遗民俗实体,1,每年农历二月十一至十三号，这里会举行南海神诞，又叫波罗诞
,,,,,,,,,,entity:daf8c7547d148e6a,浴日亭,文化空间谱系,文化空间实体,1,此地还有浴日亭，因韩愈苏东坡到此并留诗而成扶胥浴日盛景
,,,,,,,,,,entity:4c1247673d79f4d2,海事博物馆,文化空间谱系,文化空间实体,1,附近新开了一座海事博物馆
,,,,,,,,,,entity:30e58243ac6b39dc,隋唐,历史记忆谱系,历史记忆实体,1,始建于隋（公元 594 年）
,,,,,,,,,,entity:8b82788f67f37087,海上丝绸之路,历史记忆谱系,历史记忆实体,1,见证了海上丝绸之路的起点
,,,,,,,,,,entity:dddfa5d67e22cfb5,祭海,历史记忆谱系,历史记忆实体,1,古代皇帝祭海地
,,,,,,,,,,entity:e4ff5cf43efee5a2,广府,岭南地方性谱系,岭南地方性实体,1,是个广州的古地方
,,,,,,,,,,entity:dad5151b8c19d600,拜佛许愿还愿,非遗民俗谱系,非遗民俗实体,1,听我姐说拜佛是一拜拜三年的，不然你之前拜佛许的愿都落空了，拜佛许愿是需要还愿的
,,,,,,,,,,entity:7076fd50f48d4d34,观音开库,非遗民俗谱系,非遗民俗实体,1,每年农历正月二十六日为观音开库（亦即观音寺庙日）参拜的信徒达数万之众
,,,,,,,,,,entity:6c987551a65579ae,宫殿式寺宇,文化空间谱系,文化空间实体,1,观音寺是属于宫殿式寺宇，安有上御道与龙雕
,,,,,,,,,,entity:5159eb3f8c45e16f,御道,文化空间谱系,文化空间实体,1,观音寺的中轴线上有汉白玉九龙朝阳及莲花浮雕，名为御道
,,,,,,,,,,entity:65447d3e14f4625d,宋太宗淳化五年,历史记忆谱系,历史记忆实体,1,南海观音寺建于公元 990 年（即宋太宗淳化五年），距今已有一千年历史
,,,,,,,,,,entity:51a6bcd467143988,佛家禅意,岭南地方性谱系,岭南地方性实体,1,深的佛家禅意
,,,,,,,,,,entity:412efaf8f7127c19,烧香拜佛,非遗民俗谱系,非遗民俗实体,1,我觉得烧香拜佛是自愿的，不能这样强迫客户消费
,,,,,,,,,,entity:9004d3d5de467265,表演活动,体验主题,评论体验主题,4,4D 电影；拳脚功夫算式实打实的，演员们也很卖力；那飞鸿武馆的舞狮表演很棒；每天设有四场武术和醒狮表演
,,,,,,,,,,entity:ce82cd4f5e6e56d8,水乡,岭南地方性谱系,岭南地方性实体,2,这里很有江南水乡的感觉；在鱼塘养鱼在江里捕虾
,,,,,,,,,,entity:7683004613ab1aba,龙船漂移,非遗民俗谱系,非遗民俗实体,1,尋根龍船漂移
,,,,,,,,,,entity:423bef186a527645,河道,文化空间谱系,文化空间实体,1,發現還有很多有意思的河道
,,,,,,,,,,entity:34e0f9b0e03245cc,龙船文创,非遗民俗谱系,非遗民俗实体,1,中國郵政的龍船文創店
,,,,,,,,,,entity:f84017bdf5bad67e,画展,体验主题,评论体验主题,1,还有画展
,,,,,,,,,,entity:64d266e76ec289ae,叶问,人物谱系,人物实体,2,因为叶问，咏春拳走向了全世界；主要景点有...叶问广场
,,,,,,,,,,entity:96e6271e1dd8484d,黄飞鸿,人物谱系,人物实体,9,起初对佛山的全面印象，则来之于黄飞鸿；历史上留有康有为、詹天佑、黄飞鸿、董必武、郭沫若、霍韬、湛若水等名人足迹；历史上留有康有为、詹天佑、黄飞鸿、董必武、郭沫若、霍韬、湛若水等名人足迹；意外收获：'2010 年‘黄飞鸿杯’华人醒狮邀请赛——水上擂台’正在上演；历史上留有康有为、詹天佑、黄飞鸿、董必武、郭沫若、霍韬、湛若水等名人足迹
,,,,,,,,,,entity:2b94265b534d9972,咏春拳,非遗民俗谱系,非遗民俗实体,1,了解咏春的文化
,,,,,,,,,,entity:8136453f5bc01264,祖屋,文化空间谱系,文化空间实体,1,叶问，祖屋
,,,,,,,,,,entity:1d1abd36471f17dd,传统粤式民居,文化空间谱系,文化空间实体,1,很有意思，传统粤式民居
,,,,,,,,,,entity:04fba69b45894b51,中国功夫,非遗民俗谱系,非遗民俗实体,1,历史沉淀，叶问纪念馆，中国功夫
,,,,,,,,,,entity:a74f7eadb634f4c9,康有为,人物谱系,人物实体,6,历史上留有康有为、詹天佑、黄飞鸿、董必武、郭沫若、霍韬、湛若水等名人足迹；历史上留有康有为、詹天佑、黄飞鸿、董必武、郭沫若、霍韬、湛若水等名人足迹；康有为先生作为佛山乃至广东在全国和世界极具影响力的历史名人之一；历史上留有康有为、詹天佑、黄飞鸿、董必武、郭沫若、霍韬、湛若水等名人足迹；历史上留有康有为、詹天佑、黄飞鸿、董必武、郭沫若、霍韬、湛若水等名人足迹
,,,,,,,,,,entity:450e1440c68614a3,詹天佑,人物谱系,人物实体,5,历史上留有康有为、詹天佑、黄飞鸿、董必武、郭沫若、霍韬、湛若水等名人足迹；历史上留有康有为、詹天佑、黄飞鸿、董必武、郭沫若、霍韬、湛若水等名人足迹；历史上留有康有为、詹天佑、黄飞鸿、董必武、郭沫若、霍韬、湛若水等名人足迹；历史上留有康有为、詹天佑、黄飞鸿、董必武、郭沫若、霍韬、湛若水等名人足迹；历史上留有康有为、詹天佑、黄飞鸿、董必武、郭沫若、霍韬、湛若水等名人足迹
,,,,,,,,,,entity:e6a16adc0c22ecde,珠江文明,历史记忆谱系,历史记忆实体,3,是广东四大名山之一、珠江文明的发源地；是广东四大名山之一、珠江文明的发源地；是广东四大名山之一、珠江文明的发源地
,,,,,,,,,,entity:3424c856de070c9c,音乐的演唱活动,体验主题,评论体验主题,1,在这边还会搞一些音乐的演唱活动
,,,,,,,,,,entity:5114a477d458cabb,汉服,非遗民俗谱系,非遗民俗实体,1,穿汉服拍剪影秒出大片
,,,,,,,,,,entity:94f705d34456fa32,早茶,岭南地方性谱系,岭南地方性实体,1,这里的早茶，午餐花式新颖
,,,,,,,,,,entity:47d8611505448c03,樵山文化中心,文化空间谱系,文化空间实体,1,樵山文化中心是听音湖的地标性建筑
,,,,,,,,,,entity:9aac0cce86cb3c0b,观心小镇,文化空间谱系,文化空间实体,1,来到对岸的观心小镇
,,,,,,,,,,entity:5d807ccb6cdb8297,草地音乐会,体验主题,评论体验主题,1,草地音乐会真的是相当的不错
,,,,,,,,,,entity:10699386a145f8e6,夜景灯光,体验主题,评论体验主题,1,灯光变幻下宛如流动的彩缎
,,,,,,,,,,entity:f6f29bce7c697c2a,清末光绪年间,历史记忆谱系,历史记忆实体,1,始建于清末光绪年间的吴家大院
,,,,,,,,,,entity:cb3dc569b033165f,中西合壁的大宅,文化空间谱系,文化空间实体,1,中西合壁的大宅
,,,,,,,,,,entity:c2294e8a45365cd7,南海区侨乡博物馆,文化空间谱系,文化空间实体,1,现在是南海区侨乡博物馆
,,,,,,,,,,entity:fea3a2695346be20,侨乡,岭南地方性谱系,岭南地方性实体,1,九江是侨乡
,,,,,,,,,,entity:96c2f691a5aa43c7,吴氏族人,人物谱系,人物实体,1,吴氏族人从海外淘金归来后所建
,,,,,,,,,,entity:6320c06d68fcdfbe,吴庚南,人物谱系,人物实体,1,由越南华侨吴庚南及畅如兄弟始建于清末光绪年间
,,,,,,,,,,entity:ddfb0e40ef6d607d,吴慎德堂,文化空间谱系,文化空间实体,1,后改为“吴慎德堂”
,,,,,,,,,,entity:12379015e6ea9aeb,双耳屋,文化空间谱系,文化空间实体,1,保存比较完整的双耳屋
,,,,,,,,,,entity:dbc1aa1dc7f51c0a,家族记忆,历史记忆谱系,历史记忆实体,1,展示九江镇吴姓家族的故事
,,,,,,,,,,entity:48eb2e341e37163e,古色古香,体验主题,评论体验主题,1,喜欢古色古香的朋友可以来看看
,,,,,,,,,,entity:fbafaf970c9a8bc1,九江历史文化展映,体验主题,评论体验主题,1,里面陈设了九江历史文化展映
,,,,,,,,,,entity:4da43eb53ab88ebb,百年老粮仓,文化空间谱系,文化空间实体,1,这里由百年老粮仓改造而成
,,,,,,,,,,entity:eb4aeab3cb45e012,岭南水乡,岭南地方性谱系,岭南地方性实体,2,完美融合了岭南水乡的静谧与文艺气息；岭南水乡
,,,,,,,,,,entity:87f55e30c437224b,红砖碧瓦,文化空间谱系,文化空间实体,1,小桥流水、红砖碧瓦
,,,,,,,,,,entity:6c389752a363d242,米仓艺术空间,文化空间谱系,文化空间实体,1,米仓艺术空间 怀旧电影感拿捏了
,,,,,,,,,,entity:b8e9bd6e716a311b,西瓜小姐环球梦之旅展览,体验主题,评论体验主题,1,恰逢夏漖粮园园区内正有西瓜小姐的展览
,,,,,,,,,,entity:5b76dbc343a34f91,3D 画互动,体验主题,评论体验主题,1,可以沉浸式与 3D 画互动
,,,,,,,,,,entity:6c1e2013f287ba7d,香纂茶道,体验主题,评论体验主题,1,体验香纂茶道 静心练字超治愈
,,,,,,,,,,entity:8d92abc6d688a86e,青铜镜,非遗民俗谱系,非遗民俗实体,1,成为了青铜镜艺术的殿堂
,,,,,,,,,,entity:e06c448b447961ba,经幢碑刻,文化空间谱系,文化空间实体,1,收藏了古代青铜器、汉唐陶器、琉璃古珠、经幢碑刻
,,,,,,,,,,entity:aaa03fa384f4bad6,宋徽宗,人物谱系,人物实体,1,博物馆以金石收藏大家宋徽宗的年号“大观”命名
,,,,,,,,,,entity:6acd7bb2a97a14ee,丁方忠,人物谱系,人物实体,1,由民营企业家丁方忠及其弟弟丁芳桂创建
,,,,,,,,,,entity:1d7c1a1f3acdd8a3,醒狮,非遗民俗谱系,非遗民俗实体,3,从小看舞狮，第一次看见在水上打擂；每天有定时三次的醒狮表演；无醒狮，不西樵...精彩绝伦的舞狮表演
,,,,,,,,,,entity:b0bbcaf0f5347e0c,黄飞鸿醒狮的看台,文化空间谱系,文化空间实体,1,那边还有一个黄飞鸿醒狮的看台，每年都有比赛看的
,,,,,,,,,,entity:74e3a252bf370988,水上擂台,体验主题,评论体验主题,1,第一次看见在水上打擂，有点小刺激
,,,,,,,,,,entity:e908f777917e6426,孝德文化,历史记忆谱系,历史记忆实体,1,系一个主题公园——孝德文化宣传
,,,,,,,,,,entity:287fe7f122a85dd6,孔子,人物谱系,人物实体,1,主要景点有...孔子广场
,,,,,,,,,,entity:87f12d449a8b84a1,镬耳屋,岭南地方性谱系,岭南地方性实体,2,孝德桥用左南方镬耳屋风格；康大师的故居就是一间不算大的岭南传统的老式镬耳屋
,,,,,,,,,,entity:fa838aaea03f50ab,烧番塔,非遗民俗谱系,非遗民俗实体,1,主要景点有...烧番塔
,,,,,,,,,,entity:a50c6783840486ea,姚大宁,人物谱系,人物实体,1,为数不多的文武双全的状元姚大宁
,,,,,,,,,,entity:a99a258a78ca9a7c,佛山里水威水史,历史记忆谱系,历史记忆实体,1,一楼这边的就是佛山里水威水史
,,,,,,,,,,entity:4a7da6c8a9a84b81,民俗民风,岭南地方性谱系,岭南地方性实体,1,大多数是关于佛山里水这边的一些民俗民风
,,,,,,,,,,entity:9df1e206b5227266,古风唐建筑风格,文化空间谱系,文化空间实体,1,遵循的是古风唐建筑的风格
,,,,,,,,,,entity:840e2989a4d069ff,清光绪十九年,历史记忆谱系,历史记忆实体,1,庆云洞始建于清光绪十九年（1894 年）
,,,,,,,,,,entity:e8bd9651f6745bcf,善信道长,人物谱系,人物实体,1,由善信道长遵循祖师之命而建
,,,,,,,,,,entity:9f942850741111e9,抗日战争,历史记忆谱系,历史记忆实体,2,抗日战争和解放战争时期，中共粤中纵队第六支队的指挥部便在庆云洞中；以纪念抗日战争胜利
,,,,,,,,,,entity:ecb02ec3b41cdc9d,中共粤中纵队第六支队,历史记忆谱系,历史记忆实体,1,中共粤中纵队第六支队的指挥部便在庆云洞中
,,,,,,,,,,entity:ca1f4e2c7df1b4e6,道观,文化空间谱系,文化空间实体,1,是依山而建的中型道观
,,,,,,,,,,entity:660346f225b26039,纯阳宝典,文化空间谱系,文化空间实体,1,道观主殿纯阳宝典和慈帝殿
,,,,,,,,,,entity:d7c4024f773a0e89,慈帝殿,文化空间谱系,文化空间实体,1,道观主殿纯阳宝典和慈帝殿
,,,,,,,,,,entity:f0a593864b9b8534,吕祖殿,文化空间谱系,文化空间实体,1,配有吕祖殿、三清殿、藏经阁等建筑
,,,,,,,,,,entity:1f501258e2746a7e,三清殿,文化空间谱系,文化空间实体,1,配有吕祖殿、三清殿、藏经阁等建筑
,,,,,,,,,,entity:49f52b56216b192a,藏经阁,文化空间谱系,文化空间实体,1,配有吕祖殿、三清殿、藏经阁等建筑
,,,,,,,,,,entity:59986c36733341a1,元辰殿,文化空间谱系,文化空间实体,1,道观外一侧高台上的元辰殿和财神殿是现代所建
,,,,,,,,,,entity:34c3ebf9978b1d65,财神殿,文化空间谱系,文化空间实体,1,道观外一侧高台上的元辰殿和财神殿是现代所建
,,,,,,,,,,entity:e7b97d3f446ef203,南天福地牌坊,文化空间谱系,文化空间实体,1,南天福地牌坊：3 洞石牌坊，匾额“南天福地”
,,,,,,,,,,entity:0d07bfd0f4e76035,土地公,非遗民俗谱系,非遗民俗实体,1,土地公：主祀土地公的路边小佛龛
,,,,,,,,,,entity:765e839b0b738552,永固亭,文化空间谱系,文化空间实体,1,永固亭：四角亭
,,,,,,,,,,entity:51eeeb26b96f5d19,维新,历史记忆谱系,历史记忆实体,1,在这里初步形成了维新思想体系
,,,,,,,,,,entity:d06313124b842fdf,百日维新,历史记忆谱系,历史记忆实体,1,康有为又称康南海，百日维新的代表人物
,,,,,,,,,,entity:be509bea1a571be4,大同书,历史记忆谱系,历史记忆实体,1,撰写了著名的论著《大同书》初稿
,,,,,,,,,,entity:a580e4dc046d981c,三间两廊,岭南地方性谱系,岭南地方性实体,1,这是一间岭南特色的屋，三间两廊的建筑结构
,,,,,,,,,,entity:a0670c3ecc298896,康氏宗祠,文化空间谱系,文化空间实体,1,由康有为纪念馆、康有为故居、康氏宗祠...等主要建筑组成
,,,,,,,,,,entity:e4f3fb8b12d7b060,澹如楼,文化空间谱系,文化空间实体,1,康有为故居由...澹如楼、松轩、荷塘等主要建筑和景区组成
,,,,,,,,,,entity:a2c4a70173e87929,延香古屋,文化空间谱系,文化空间实体,1,康有为故居又名延香古屋
,,,,,,,,,,entity:d83c87b53c45861a,清代民宅,历史记忆谱系,历史记忆实体,1,是珠江三角洲典型的清代民宅
,,,,,,,,,,entity:5720fff3b112ff31,百年旧宅,历史记忆谱系,历史记忆实体,1,康有为称之为百年旧宅
,,,,,,,,,,entity:3e675591ec46d659,康园,文化空间谱系,文化空间实体,1,看到这边有个庭院写着康园，是古式小庭院
,,,,,,,,,,entity:cbba4bec3f779a12,巨人的肩膀,文化空间谱系,文化空间实体,1,还有一座很大的康有为的半身雕像，雕像作品名叫巨人的肩膀
,,,,,,,,,,entity:ac0d5f12a2e0a795,非遗项目,非遗民俗谱系,非遗民俗实体,1,景区里有非遗项目
,,,,,,,,,,entity:5f5e360e2ccba011,划龙舟体验,体验主题,评论体验主题,1,体验一次划龙舟还是挺好玩的，很有意义
,,,,,,,,,,entity:e3702972835b3fd4,认识和亲近昆虫,体验主题,评论体验主题,1,让小朋友认识和亲近昆虫
,,,,,,,,,,entity:0457c5eceb50088b,观察蚂蚁洞穴规律,体验主题,评论体验主题,1,可以从切面看蚂蚁洞穴的规律
,,,,,,,,,,entity:f6599462b7907351,花灯节,体验主题,评论体验主题,1,特定节日还有灯展
,,,,,,,,,,entity:7fabfeaae750b291,灯饰,体验主题,评论体验主题,1,晚上加上灯饰更漂亮
,,,,,,,,,,entity:803bf3f4087eae35,湿地科普,体验主题,评论体验主题,1,湿地科普区
,,,,,,,,,,entity:0bd622bb062ff14b,晨练,体验主题,评论体验主题,1,早上起来晨练还是比较好的选择
,,,,,,,,,,entity:4638e164d9c1ac3b,梁姓,历史记忆谱系,历史记忆实体,1,顺德大都村有一半的村民姓梁
,,,,,,,,,,entity:5940ff53024b7fb1,祠堂,文化空间谱系,文化空间实体,1,村里的四座梁姓祠堂中，梁氏大宗祠为最大
,,,,,,,,,,entity:eb0e6b39a1116fda,六百年前,历史记忆谱系,历史记忆实体,1,这座祠堂初建于六百年前
,,,,,,,,,,entity:311b45356db2c9d0,重修,历史记忆谱系,历史记忆实体,1,二十年前经过一次重修
,,,,,,,,,,entity:faa928bb0f8eb11f,打铁花,非遗民俗谱系,非遗民俗实体,1,有打铁花
,,,,,,,,,,entity:2451c674c4ec3491,篝火舞,非遗民俗谱系,非遗民俗实体,1,千人篝火舞让大家玩的不亦乐乎
,,,,,,,,,,entity:214e1546e10db16c,夜间游乐体验,体验主题,评论体验主题,1,晚上也好热闹...有玩不完的项目
,,,,,,,,,,entity:b867dfc0c3b0e10f,夜景观赏,体验主题,评论体验主题,1,晚上风景很好
,,,,,,,,,,entity:64c5fc7dd9d5d404,岭南水乡风情,岭南地方性谱系,岭南地方性实体,2,揽郁水园、富寿园、龙情园、书香园之岭南水乡风情；融入农田机理与岭南水乡风情
,,,,,,,,,,entity:bc816c379a3abcfb,三英战吕布,历史记忆谱系,历史记忆实体,1,个大型实景历史马战表演三英战吕布
,,,,,,,,,,entity:5d611e3ba996f390,丝竹管乐,非遗民俗谱系,非遗民俗实体,1,艺术河畔，抚丝竹管乐
,,,,,,,,,,entity:f0a300149ff886df,琴棋对弈,岭南地方性谱系,岭南地方性实体,1,观琴棋对弈
,,,,,,,,,,entity:51b0ab32bcec6328,烟花爆竹,体验主题,评论体验主题,1,我自己去樵山文化中心 A 区烟花爆竹
,,,,,,,,,,entity:85654e01b35ad6fa,南海西樵太平沙渔民,历史记忆谱系,历史记忆实体,1,村民都是 150 多年前从南海西樵太平沙过来的渔民
,,,,,,,,,,entity:897b873e7b1d1762,粤式生活,岭南地方性谱系,岭南地方性实体,1,与世无争的生活如田园诗一样悠闲、像田园画一样明快
,,,,,,,,,,entity:f17b0b22241bfe6f,地方饮食,岭南地方性谱系,岭南地方性实体,1,一个是虾，一个是狗，当然这名气也是吃出来的
,,,,,,,,,,entity:28c94ff760e28e0b,明朝正统年间,历史记忆谱系,历史记忆实体,1,建村于明朝的正统年间，至今已有近六百年的历史了
,,,,,,,,,,entity:ff331764d4ff2434,清朝乾隆年间,历史记忆谱系,历史记忆实体,1,到了清朝的乾隆年间，有学问的人便把里海村更名为烟桥村
,,,,,,,,,,entity:ee4cc488399b413d,岭南古村,岭南地方性谱系,岭南地方性实体,1,传统岭南古村
,,,,,,,,,,entity:33f7e94704e1dd57,清代建筑,文化空间谱系,文化空间实体,1,大部分的建筑还是保留清代时期的
,,,,,,,,,,entity:4ca6e866e343184c,旗杆夹,文化空间谱系,文化空间实体,1,保留着石板路，旗杆夹，古牌坊
,,,,,,,,,,entity:37c41749c05eb6fb,古牌坊,文化空间谱系,文化空间实体,1,保留着石板路，旗杆夹，古牌坊
,,,,,,,,,,entity:4e08e09419fa1f22,书社,文化空间谱系,文化空间实体,1,古牌坊，书社，大榕树
,,,,,,,,,,entity:ab96d96e044843bf,何氏家族,历史记忆谱系,历史记忆实体,1,这条村的村民基本都是姓何的
,,,,,,,,,,entity:61272b12a338aab8,明清时期建筑风格,历史记忆谱系,历史记忆实体,1,至今仍保留明清时期建筑风格
,,,,,,,,,,entity:f9b6295527c2b262,道教宫观,文化空间谱系,文化空间实体,1,这座玉虚宫是一座是道教宫观
,,,,,,,,,,entity:d71fb183eb091e8b,姚氏和李氏家族宗祠,文化空间谱系,文化空间实体,1,这里还是姚氏和李氏家族宗祠的所在地
,,,,,,,,,,entity:3ca593cbfe3052cb,岭南建筑,岭南地方性谱系,岭南地方性实体,2,在屋檐上面也是比较传统的岭南建筑；属典型的晚清岭南建筑
,,,,,,,,,,entity:ca3d2ac1c285affc,古迹,文化空间谱系,文化空间实体,1,玉虚宫是村内唯一古迹
,,,,,,,,,,entity:14ef5dd98bb64f7d,浮雕艺术,非遗民俗谱系,非遗民俗实体,1,古朴艺术结合浮雕艺术，可以看出匠人技艺超群
,,,,,,,,,,entity:e4dd09cdabef875d,怀古,体验主题,评论体验主题,1,怀古，就来这里找寻灵感吧
,,,,,,,,,,entity:0ac48d694e3492db,传统历史建筑,文化空间谱系,文化空间实体,1,但也保留了传统历史建筑
,,,,,,,,,,entity:d52e117d18f4342a,亲子周边游,体验主题,评论体验主题,1,推荐亲子周边游
,,,,,,,,,,entity:d136518f6172e560,玩水,体验主题,评论体验主题,1,单是玩水的话
,,,,,,,,,,entity:1d1a3a61135c8957,游乐设施,体验主题,评论体验主题,1,游乐设施比较少
,,,,,,,,,,entity:ab37bcc118747abe,端午,非遗民俗谱系,非遗民俗实体,1,每年一到端午就有赛龙舟
,,,,,,,,,,entity:b54e2cbecdb258e8,赛龙舟,体验主题,评论体验主题,1,每年一到端午就有赛龙舟
,,,,,,,,,,entity:65ec2b0529a4249d,亲子游,体验主题,评论体验主题,1,适合亲子游，团建
,,,,,,,,,,entity:dd62715941c435ea,露营烧烤,体验主题,评论体验主题,1,露营 烧烤好去处
,,,,,,,,,,entity:56a31c5afa484869,水上项目,体验主题,评论体验主题,1,水上项目很过瘾
,,,,,,,,,,entity:13d5554a848411d4,霍韬,人物谱系,人物实体,1,相传是明代中期礼部尚书霍韬的重孙霍尚守所建
,,,,,,,,,,entity:493d85e8458e30db,曹松,人物谱系,人物实体,1,由晚唐诗人、校书郎曹松开辟，他在此教当地人种茶
,,,,,,,,,,entity:b36579d1976ba7ef,岭南第一个产茶区,历史记忆谱系,历史记忆实体,1,成为岭南第一个产茶区
,,,,,,,,,,entity:b1757880a0b55b3d,茶仙,历史记忆谱系,历史记忆实体,1,北归后被当地奉为茶仙
,,,,,,,,,,entity:b605cee5b78a02b7,遇仙桥典故,历史记忆谱系,历史记忆实体,1,以纪念他年轻时在此遇到仙妇点拨，后于此隐居著书
,,,,,,,,,,entity:580b36c4bc72f94a,玉岩题刻,文化空间谱系,文化空间实体,1,“玉岩”题刻下的石洞
,,,,,,,,,,entity:2bd3fb647cfb0b31,翠微石室,文化空间谱系,文化空间实体,1,沿途有：①翠微石室
,,,,,,,,,,entity:91f940cdd52a9bb1,遇仙桥,文化空间谱系,文化空间实体,1,③遇仙桥：长 4 米的简易平板桥
,,,,,,,,,,entity:50f2c203ca3a63b0,飞玉台,文化空间谱系,文化空间实体,1,⑤飞玉台：山崖边的
,,,,,,,,,,entity:248be40290dbf2eb,百步梯,文化空间谱系,文化空间实体,1,明清两代有“百步梯”石路直通山
,,,,,,,,,,entity:3d7f02d7068a4852,观景摄影,体验主题,评论体验主题,2,是集观景摄影、登山健身、赏花游湖、拜佛祈福于一体的登山类景区；是集观景摄影、登山健身、赏花游湖、拜佛祈福于一体的登山类景区
,,,,,,,,,,entity:f1d4574701c6fa89,登山健身,体验主题,评论体验主题,2,是集观景摄影、登山健身、赏花游湖、拜佛祈福于一体的登山类景区；是集观景摄影、登山健身、赏花游湖、拜佛祈福于一体的登山类景区
,,,,,,,,,,entity:e6dadfc97628f439,拜佛祈福,体验主题,评论体验主题,1,是集观景摄影、登山健身、赏花游湖、拜佛祈福于一体的登山类景区
,,,,,,,,,,entity:fcb7ebd408592eca,纳凉散步,体验主题,评论体验主题,1,很多人晚上吃了饭过来散步，乘凉
,,,,,,,,,,entity:ce6ec174560b3208,亲子体验,体验主题,评论体验主题,1,带着小朋友还是来玩了很幼稚的碰碰车啊
,,,,,,,,,,entity:34194652794c8a0f,魁星阁,文化空间谱系,文化空间实体,1,特别是魁星阁，这座仿古塔楼以其独特的岭南风格和 60 米的高度，成为了公园的标志性建筑
,,,,,,,,,,entity:b6654b2afe5112b2,岭南风格,岭南地方性谱系,岭南地方性实体,1,以其独特的岭南风格和 60 米的高度
,,,,,,,,,,entity:44f970b127042660,佛山历史文化,历史记忆谱系,历史记忆实体,1,展示了佛山的历史文化和风土人情
,,,,,,,,,,entity:1a89f09a1f0cd892,南海地区文化展览,体验主题,评论体验主题,1,楼阁每层都有南海地区文化展览
,,,,,,,,,,entity:4b718b3e5cb3385b,砖雕,非遗民俗谱系,非遗民俗实体,1,围栏外墙有砖雕，每幅都有古仔讲架
,,,,,,,,,,entity:a196c901ea461eea,拍拍照,体验主题,评论体验主题,1,拍拍照，惬意、舒适
,,,,,,,,,,entity:eb91cb21aef2b268,跳舞打球,体验主题,评论体验主题,1,晚上好多人跳舞打球
,,,,,,,,,,entity:edb487db03fc1554,石泉书院,文化空间谱系,文化空间实体,1,石泉书院：由明代中期礼部尚书方献夫建于明正德十一年
,,,,,,,,,,entity:fc5b37406a43fefb,御书楼,文化空间谱系,文化空间实体,1,嘉靖十三年（1534 年）扩建御书楼以珍藏御赐书籍
,,,,,,,,,,entity:632f586539b8bd62,张居正,人物谱系,人物实体,1,在明万历七年（1579 年）张居正诏毁天下书院运动时后逐渐荒废
,,,,,,,,,,entity:0bfeb64d1f3b1ebb,胜利亭,文化空间谱系,文化空间实体,1,胜利亭：建于民国三十六年（1947 年）的四角亭，以纪念抗日战争胜利
,,,,,,,,,,entity:8ae6d9e2fa2641b4,蟹眼泉,文化空间谱系,文化空间实体,1,蟹眼泉：因 2 个泉眼似螃蟹眼睛转动而得名，半月形石堤建于清代
,,,,,,,,,,entity:6c470b84f0184ca1,珠江文明,岭南地方性谱系,岭南地方性实体,2,是广东四大名山之一、珠江文明的发源地；是广东四大名山之一、珠江文明的发源地
,,,,,,,,,,entity:b99792d0a190ab87,耕读田园,体验主题,评论体验主题,1,公园以“耕读田园”为主题
,,,,,,,,,,entity:4e502d58efe18c09,沙水古村,文化空间谱系,文化空间实体,1,有沙水古村，有湿地，有大片的花圃
,,,,,,,,,,entity:50628bda15033127,孙中山,人物谱系,人物实体,1,历史上留有孙中山、宋庆龄等名人足迹
,,,,,,,,,,entity:3756d60a56afb0bd,宋庆龄,人物谱系,人物实体,1,历史上留有孙中山、宋庆龄等名人足迹
,,,,,,,,,,entity:feee2d150fc4a54e,中国蝶翅第一画,体验主题,评论体验主题,1,"设有包含 85 种蝴蝶的蝴蝶园和 38 米长的""中国蝶翅第一画""画廊"
,,,,,,,,,,entity:42d715264f96201c,羽化奇观,体验主题,评论体验主题,1,"春夏季节（4 月至 10 月）可观赏蝴蝶破茧成蝶的""羽化奇观"""
,,,,,,,,,,entity:8bc14298df4d38ba,悬索桥,体验主题,评论体验主题,1,悬索桥成为网红打卡点
,,,,,,,,,,entity:5d691426f9eebcfd,粤语,岭南地方性谱系,岭南地方性实体,1,整场对白都是粤语
,,,,,,,,,,entity:168fad6c4836129f,西关大屋,文化空间谱系,文化空间实体,1,仿造了西关大屋建筑群
,,,,,,,,,,entity:08854a3ea7771462,九龙城寨,文化空间谱系,文化空间实体,1,分清宫、九龙城寨...等部分
,,,,,,,,,,entity:ebc86a43879f5544,抗战,历史记忆谱系,历史记忆实体,1,刚好 有剧组在拍抗战戏
,,,,,,,,,,entity:0aa6d5217e06a754,岭南地区,岭南地方性谱系,岭南地方性实体,1,了解到近代岭南地区的发展历程
,,,,,,,,,,entity:c0620d0596497fef,明朝,历史记忆谱系,历史记忆实体,1,始建于明朝
,,,,,,,,,,entity:f249935dd9687527,南粤四大名寺,文化空间谱系,文化空间实体,1,为南粤四大名寺之一
,,,,,,,,,,entity:6ae25f9569d432dd,明代建筑风格,文化空间谱系,文化空间实体,1,以 61.9 米高的南海观音铜像和明代建筑风格著称
,,,,,,,,,,entity:bd96a5b47fb9e224,南海观音文化苑,文化空间谱系,文化空间实体,1,接著，我們將參觀南海觀音文化苑，讓孩子們感受傳統文化的神聖與寧靜
,,,,,,,,,,entity:42ff5c46e9c2f299,西樵山,历史记忆谱系,历史记忆实体,1,這座擁有豐富自然與歷史的名山，將成為我們親子遊的最佳背景
,,,,,,,,,,entity:0f30286cdcd5720c,南海观音,文化空间谱系,文化空间实体,1,礼佛的那尊南海观音很有气势
,,,,,,,,,,entity:bc337baaac21c424,宝峰寺,文化空间谱系,文化空间实体,2,我首先去看了南海观音和宝峰寺；景区分宝峰寺、九龙岩、翠岩、桃花园、茶花园、白云洞
,,,,,,,,,,entity:e10abef12041b82d,书院,文化空间谱系,文化空间实体,1,有庙、南海观音、道观、书院
,,,,,,,,,,entity:7167843899478aee,明清采石场,历史记忆谱系,历史记忆实体,1,后山是明清时候的采石场
,,,,,,,,,,entity:f639aec452213fbe,西樵山文化,历史记忆谱系,历史记忆实体,1,形成独特的“西樵山文化”，开创了珠江文明之先河
,,,,,,,,,,entity:1f0bb4720f4aa624,四方竹,岭南地方性谱系,岭南地方性实体,1,关于这个竹子的由来是跟一个爱情故事相关的
,,,,,,,,,,entity:492909145eb10465,桃花源记,历史记忆谱系,历史记忆实体,1,眼前的景象正如陶渊明的桃花源记所描绘的
,,,,,,,,,,entity:3d8d2b6e23b78d35,紫姑井,历史记忆谱系,历史记忆实体,1,紫姑庙里有一口紫姑井，边上的介绍神乎其神
,,,,,,,,,,entity:230e4835ffd3ec63,半山扒龙船,非遗民俗谱系,非遗民俗实体,1,早在明代，西樵山上就有＂半山扒龙船＂的民俗活动
,,,,,,,,,,entity:5a75690b26a2811c,西樵山欢乐节,非遗民俗谱系,非遗民俗实体,1,每年重阳节前后，天湖还举行西樵山欢乐节
,,,,,,,,,,entity:029e98ca67534feb,观龙楼,文化空间谱系,文化空间实体,1,湖南高踞一座观龙楼，是为民间赛龙舟活动而兴建的
,,,,,,,,,,entity:27fe369a16982589,西樵山地质公园博物馆,文化空间谱系,文化空间实体,1,西樵山地质公园博物馆（观龙楼）：建于 1980 年的双层楼，室内不开放
,,,,,,,,,,entity:e551c1838bb1ecb9,白云洞,文化空间谱系,文化空间实体,1,一路可观光飞流直下三千尺，白云洞等景点
,,,,,,,,,,entity:bef480e9811f2c8f,观音像,文化空间谱系,文化空间实体,1,在某一段湖边还能望见观音像
,,,,,,,,,,entity:8f45f3d8ef39fc04,云端村,文化空间谱系,文化空间实体,1,有一云端村，为西樵山山顶七村之一
,,,,,,,,,,entity:fb2245a863c39f00,明代,历史记忆谱系,历史记忆实体,1,早在明代，西樵山上就有＂半山扒龙船＂的民俗活动
,,,,,,,,,,entity:d77de866b0d601a3,民族特色小构建筑,岭南地方性谱系,岭南地方性实体,1,这些富有民族特色的小构建筑，把天湖山水点缀得分外妖娆
,,,,,,,,,,entity:d0f52e3dccb61fbd,田园生活,岭南地方性谱系,岭南地方性实体,1,直入村舍体会桃花园里有人家的田园生活
,,,,,,,,,,entity:89c1119b6ba21e18,激光梦幻水幕电影,体验主题,评论体验主题,1,天湖公园还配套建有新奇、独特的＂激光梦幻水幕电影＂
,,,,,,,,,,entity:bb37b7deb56bd6d0,黄大仙,人物谱系,人物实体,1,里面主要供奉黄大仙、吕洞宾及王重阳三位圣像
,,,,,,,,,,entity:6418e0768ca14729,吕洞宾,人物谱系,人物实体,1,里面主要供奉黄大仙、吕洞宾及王重阳三位圣像
,,,,,,,,,,entity:fdfcb73a085a7c87,王重阳,人物谱系,人物实体,1,里面主要供奉黄大仙、吕洞宾及王重阳三位圣像
,,,,,,,,,,entity:042d47d277e79e49,地藏王,人物谱系,人物实体,1,代表传统文化的黄大仙词、地藏王殿
,,,,,,,,,,entity:7eed38cad2e8b812,财神,人物谱系,人物实体,1,财神殿的纯银聚宝盆重达 100 公斤
,,,,,,,,,,entity:99dda94f73af2f94,寺庙,文化空间谱系,文化空间实体,1,有一座同名的寺庙
,,,,,,,,,,entity:e60a9ed13bde4092,影视基地,文化空间谱系,文化空间实体,1,有各种风格建筑、街景的影视基地
,,,,,,,,,,entity:aa57fe5e31676ae2,道家,历史记忆谱系,历史记忆实体,1,道家之地，前来拜拜的人一半多
,,,,,,,,,,entity:d8ff2a7f0a9af3fd,信俗,非遗民俗谱系,非遗民俗实体,1,你们有没有去拜过黄大仙啊，很灵的
,,,,,,,,,,entity:f12e1d1b7218b9db,打卡,体验主题,评论体验主题,1,打卡好去处
,,,,,,,,,,entity:f17af7640e208d70,水乡人家,岭南地方性谱系,岭南地方性实体,1,以“生态花岛 + 水乡人家”为主题的生态旅游度假区
,,,,,,,,,,entity:313f95dede8402a7,古村落,文化空间谱系,文化空间实体,1,古村落很干净
,,,,,,,,,,entity:070a847175d56e12,农家菜,岭南地方性谱系,岭南地方性实体,1,性价比不错的本地菜农庄
,,,,,,,,,,entity:8579664c4a37aaa0,田间风光,体验主题,评论体验主题,1,一边踩车一边感受田间风光
,,,,,,,,,,entity:ae73711a9042275a,陈铁军,人物谱系,人物实体,1,是专门为纪念革命先烈陈铁军夫妇二人而设立的纪念公园
,,,,,,,,,,entity:9dfb92a96f3ce61c,纪念馆,文化空间谱系,文化空间实体,1,有一尊塑像和陈铁军的一个纪念馆
,,,,,,,,,,entity:ece299009af4e44a,陈列和展览,体验主题,评论体验主题,1,里面的陈列和展览都非常有珍贵的历史意义
,,,,,,,,,,entity:c8d9101cb334f1f1,历史意义,历史记忆谱系,历史记忆实体,1,非常有珍贵的历史意义
,,,,,,,,,,entity:ec5069cec1c8287d,岭南风情,岭南地方性谱系,岭南地方性实体,1,感受岭南风情
,,,,,,,,,,entity:08452131c52541cb,学霸,历史记忆谱系,历史记忆实体,1,据说这里产生过很多的学霸
,,,,,,,,,,entity:235731a4511ce47b,风水,历史记忆谱系,历史记忆实体,1,风水肯定也不错
,,,,,,,,,,entity:d1b1a50cc5c27e75,赏景,体验主题,评论体验主题,1,周末可以来这边赏景
,,,,,,,,,,entity:c93ef63d56bc25ba,龙母庙,文化空间谱系,文化空间实体,1,历史超 160 年的龙母庙也在园内，香火很旺
,,,,,,,,,,entity:be798eef314264c7,黄氏家族,人物谱系,人物实体,1,祠堂内陈列着黄氏家族的历史资料
,,,,,,,,,,entity:2a555263b244f344,木雕,非遗民俗谱系,非遗民俗实体,1,祠内外饰石雕、木雕、灰塑、壁画等
,,,,,,,,,,entity:b3ccf45b31347e82,灰塑,非遗民俗谱系,非遗民俗实体,1,木雕、砖雕、灰塑工艺精湛
,,,,,,,,,,entity:f71274e2bdff4f73,抗日游击干部训练班,历史记忆谱系,历史记忆实体,1,1939 年，中共一区区委曾在此举办抗日游击干部训练班
,,,,,,,,,,entity:4b9a4cf9655f51f4,宗族文化,历史记忆谱系,历史记忆实体,1,是探寻传统宗族文化与市井烟火的好去处
,,,,,,,,,,entity:95601d953a3c9f47,黄麒英,人物谱系,人物实体,1,为了纪念一代武学宗師黄麒英，黄飞鸿父子
,,,,,,,,,,entity:35763f8c9ec1a2e6,莫桂兰,人物谱系,人物实体,1,介绍了他和第四位夫人莫桂兰的情况
,,,,,,,,,,entity:fd35a93081ebe6fe,十三姨,人物谱系,人物实体,1,知道了电影中的十三姨和现实中的完全不一样
,,,,,,,,,,entity:4b181cd8e4214733,林世荣,人物谱系,人物实体,1,猪肉荣（林世荣）耍起铁线拳的照片还挺帅滴
,,,,,,,,,,entity:30bea091f51ca997,关德兴,人物谱系,人物实体,1,关德兴纪念堂
,,,,,,,,,,entity:a53a7f7a466e9067,广东十虎,人物谱系,人物实体,1,武林的“广东十虎”名师像亭
,,,,,,,,,,entity:28fa12ae8b298251,武术,非遗民俗谱系,非遗民俗实体,1,每天设有四场武术和醒狮表演
,,,,,,,,,,entity:1df69c2b5db900b3,铁线拳,非遗民俗谱系,非遗民俗实体,1,猪肉荣（林世荣）耍起铁线拳的照片
,,,,,,,,,,entity:b9db624a80022bc7,舞龙,非遗民俗谱系,非遗民俗实体,1,功夫、舞龙、舞狮等传统项目
,,,,,,,,,,entity:3e4bb06e189a5f53,采青,非遗民俗谱系,非遗民俗实体,1,但是采青和跳桩的确实很精彩啊
,,,,,,,,,,entity:943ca22c51773919,黄氏宗祠,文化空间谱系,文化空间实体,1,馆址为黄飞鸿故居附近的黄氏宗祠原址
,,,,,,,,,,entity:611a4c35be601ada,黄飞鸿故居,文化空间谱系,文化空间实体,1,馆内分设有黄飞鸿故居
,,,,,,,,,,entity:edc9bbbde6ff45e9,宝芝林堂,文化空间谱系,文化空间实体,1,馆内分设有...宝芝林堂
,,,,,,,,,,entity:9fa252274d3c28fe,岭南古建筑,文化空间谱系,文化空间实体,1,显现出清末岭南古建筑的风貌，飞檐斗拱，绿瓦灰墙
,,,,,,,,,,entity:c916f68f3bc01009,南海县,历史记忆谱系,历史记忆实体,1,起源于南海县
,,,,,,,,,,entity:46fd7d68969d3ce9,广东,岭南地方性谱系,岭南地方性实体,1,醒狮就在广东出现
