id,name,type,layer,intro,weight
ANC_0001,云泉仙馆,不可移动文物,anchor,【不可移动文物】云泉仙馆，清乾隆丁酉年（1777），省级文物保护单位，位于西樵镇。,80
ANC_0002,绮亭陈公祠,不可移动文物,anchor,【不可移动文物】绮亭陈公祠，清光绪十三年（1887），省级文物保护单位，位于nan。,80
ANC_0003,象林塔,不可移动文物,anchor,【不可移动文物】象林塔，清康熙五年（1666年），省级文物保护单位，位于nan。,80
ANC_0004,西樵山采石场遗址,不可移动文物,anchor,【不可移动文物】西樵山采石场遗址，明-清，全国重点文物保护单位，位于nan。,80
ANC_0005,鱿鱼岗遗址,不可移动文物,anchor,【不可移动文物】鱿鱼岗遗址，新石器时代晚期-夏商，省级文物保护单位，位于nan。,80
ANC_0006,南蛇岗遗址,不可移动文物,anchor,【不可移动文物】南蛇岗遗址，新石器时代，省级文物保护单位，位于nan。,80
ANC_0007,富贤遗址,不可移动文物,anchor,【不可移动文物】富贤遗址，新石器时代，省级文物保护单位，位于nan。,80
ANC_0008,佛子庙镇头遗址,不可移动文物,anchor,【不可移动文物】佛子庙镇头遗址，新石器时代，省级文物保护单位，位于nan。,80
ANC_0009,火石迳遗址,不可移动文物,anchor,【不可移动文物】火石迳遗址，新石器时代，省级文物保护单位，位于nan。,80
ANC_0010,锦岩遗址,不可移动文物,anchor,【不可移动文物】锦岩遗址，新石器时代，省级文物保护单位，位于nan。,80
ANC_0011,四峰书院遗址,不可移动文物,anchor,【不可移动文物】四峰书院遗址，明嘉靖癸未年（1523），省级文物保护单位，位于nan。,80
ANC_0012,霍韬夫人墓,不可移动文物,anchor,【不可移动文物】霍韬夫人墓，明，省级文物保护单位，位于nan。,80
ANC_0013,宝峰胜处摩崖石刻,不可移动文物,anchor,【不可移动文物】宝峰胜处摩崖石刻，明，省级文物保护单位，位于nan。,80
ANC_0014,奎光楼,不可移动文物,anchor,【不可移动文物】奎光楼，清乾隆四十二年（1777），市级文物保护单位，位于nan。,80
ANC_0015,白云古寺,不可移动文物,anchor,【不可移动文物】白云古寺，清乾隆四十九年（1784），市级文物保护单位，位于nan。,80
ANC_0016,字祖庙,不可移动文物,anchor,【不可移动文物】字祖庙，清乾隆四十二年（1777），市级文物保护单位，位于nan。,80
ANC_0017,龙母庙,不可移动文物,anchor,【不可移动文物】龙母庙，中华民国二十七年（1938），市级文物保护单位，位于nan。,80
ANC_0018,傅氏宗祠,不可移动文物,anchor,【不可移动文物】傅氏宗祠，中华民国二十一年（1932），市级文物保护单位，位于nan。,80
ANC_0019,傅氏山庄南门,不可移动文物,anchor,【不可移动文物】傅氏山庄南门，中华民国二十一年（1932），市级文物保护单位，位于nan。,80
ANC_0020,敦义崇礼碉楼,不可移动文物,anchor,【不可移动文物】敦义崇礼碉楼，中华民国二十三年(1934年)，市级文物保护单位，位于nan。,80
ANC_0021,傅老榕旧居,不可移动文物,anchor,【不可移动文物】傅老榕旧居，中华民国21年（1932），市级文物保护单位，位于nan。,80
ANC_0022,松塘世大夫家庙,不可移动文物,anchor,【不可移动文物】松塘世大夫家庙，清，市级文物保护单位，位于nan。,80
ANC_0023,松塘东山祖祠,不可移动文物,anchor,【不可移动文物】松塘东山祖祠，清，市级文物保护单位，位于nan。,80
ANC_0024,松塘汇川家塾,不可移动文物,anchor,【不可移动文物】松塘汇川家塾，清，市级文物保护单位，位于nan。,80
ANC_0025,松塘见五大夫祠,不可移动文物,anchor,【不可移动文物】松塘见五大夫祠，清光绪七年（1881），市级文物保护单位，位于nan。,80
ANC_0026,松塘六世祖祠,不可移动文物,anchor,【不可移动文物】松塘六世祖祠，清，市级文物保护单位，位于nan。,80
ANC_0027,松塘区氏宗祠,不可移动文物,anchor,【不可移动文物】松塘区氏宗祠，清宣统二年（1909），市级文物保护单位，位于nan。,80
ANC_0028,松塘司马第,不可移动文物,anchor,【不可移动文物】松塘司马第，晚清，市级文物保护单位，位于nan。,80
ANC_0029,松塘甘井,不可移动文物,anchor,【不可移动文物】松塘甘井，宋，市级文物保护单位，位于nan。,80
ANC_0030,松塘塘西六世祖祠,不可移动文物,anchor,【不可移动文物】松塘塘西六世祖祠，清光绪乙未年（1895），市级文物保护单位，位于nan。,80
ANC_0031,松塘培元书舍,不可移动文物,anchor,【不可移动文物】松塘培元书舍，清，市级文物保护单位，位于nan。,80
ANC_0032,松塘太史第,不可移动文物,anchor,【不可移动文物】松塘太史第，清，市级文物保护单位，位于nan。,80
ANC_0033,松塘翘秀园,不可移动文物,anchor,【不可移动文物】松塘翘秀园，清，市级文物保护单位，位于nan。,80
ANC_0034,区梦觉故居,不可移动文物,anchor,【不可移动文物】区梦觉故居，1906年，市级文物保护单位，位于nan。,80
ANC_0035,西樵山紫姑井,不可移动文物,anchor,【不可移动文物】西樵山紫姑井，唐，市级文物保护单位，位于nan。,80
ANC_0036,西樵山仙姑亭,不可移动文物,anchor,【不可移动文物】西樵山仙姑亭，清光绪戊戌年（1898），市级文物保护单位，位于nan。,80
ANC_0037,西樵山蟹眼泉,不可移动文物,anchor,【不可移动文物】西樵山蟹眼泉，清，市级文物保护单位，位于nan。,80
ANC_0038,西樵山无叶井,不可移动文物,anchor,【不可移动文物】西樵山无叶井，明清，市级文物保护单位，位于nan。,80
ANC_0039,西樵山百步云梯,不可移动文物,anchor,【不可移动文物】西樵山百步云梯，明正德十二年（1517），市级文物保护单位，位于nan。,80
ANC_0040,禄舟万寿堂,不可移动文物,anchor,【不可移动文物】禄舟万寿堂，清乾隆四十九年（1784），市级文物保护单位，位于nan。,80
ANC_0041,百西潘氏大宗祠,不可移动文物,anchor,【不可移动文物】百西潘氏大宗祠，清乾隆二十六年（1762），市级文物保护单位，位于nan。,80
ANC_0042,湖山胜迹门楼,不可移动文物,anchor,【不可移动文物】湖山胜迹门楼，清咸丰三年（1853），市级文物保护单位，位于nan。,80
ANC_0043,小云亭,不可移动文物,anchor,【不可移动文物】小云亭，清咸丰八年（1858），市级文物保护单位，位于nan。,80
ANC_0044,光分亭,不可移动文物,anchor,【不可移动文物】光分亭，清道光二十八年（1848），市级文物保护单位，位于nan。,80
ANC_0045,枕流亭,不可移动文物,anchor,【不可移动文物】枕流亭，清乾隆乙酉年（1789），市级文物保护单位，位于nan。,80
ANC_0046,吉水窦,不可移动文物,anchor,【不可移动文物】吉水窦，清光绪甲午年（1894），市级文物保护单位，位于nan。,80
ANC_0047,第弌洞天牌坊,不可移动文物,anchor,【不可移动文物】第弌洞天牌坊，清乾隆年间（1736-1796），市级文物保护单位，位于nan。,80
ANC_0048,铁屎墩冶炼遗址,不可移动文物,anchor,【不可移动文物】铁屎墩冶炼遗址，清，市级文物保护单位，位于nan。,80
ANC_0049,李子长墓,不可移动文物,anchor,【不可移动文物】李子长墓，明嘉靖五年（1526），市级文物保护单位，位于nan。,80
ANC_0050,大科峰摩崖石刻,不可移动文物,anchor,【不可移动文物】大科峰摩崖石刻，清，市级文物保护单位，位于nan。,80
ANC_0051,玉廪峰摩崖石刻,不可移动文物,anchor,【不可移动文物】玉廪峰摩崖石刻，明嘉靖丙午年（1546），市级文物保护单位，位于nan。,80
ANC_0052,翠岩摩崖石刻,不可移动文物,anchor,【不可移动文物】翠岩摩崖石刻，清，市级文物保护单位，位于nan。,80
ANC_0053,白云洞摩崖石刻,不可移动文物,anchor,【不可移动文物】白云洞摩崖石刻，明—中华人民共和国，市级文物保护单位，位于nan。,80
ANC_0054,九龙岩摩崖石刻,不可移动文物,anchor,【不可移动文物】九龙岩摩崖石刻，明正德丁丑（1517），市级文物保护单位，位于nan。,80
ANC_0055,冯夏威墓,不可移动文物,anchor,【不可移动文物】冯夏威墓，1905年，市级文物保护单位，位于nan。,80
ANC_0056,西樵山抗日阵亡将士暨死难同胞纪念碑,不可移动文物,anchor,【不可移动文物】西樵山抗日阵亡将士暨死难同胞纪念碑，1947年，市级文物保护单位，位于nan。,80
ANC_0057,康有为故居,不可移动文物,anchor,【不可移动文物】康有为故居，1858－1927，全国重点文物保护单位，位于丹灶镇。,80
ANC_0058,方献夫墓,不可移动文物,anchor,【不可移动文物】方献夫墓，明，省级文物保护单位，位于nan。,80
ANC_0059,仙迹丹泉,不可移动文物,anchor,【不可移动文物】仙迹丹泉，晋，省级文物保护单位，位于nan。,80
ANC_0060,南沙陈氏宗祠,不可移动文物,anchor,【不可移动文物】南沙陈氏宗祠，清乾隆三十九年（1774），市级文物保护单位，位于nan。,80
ANC_0061,沙水翰林步头,不可移动文物,anchor,【不可移动文物】沙水翰林步头，清，市级文物保护单位，位于nan。,80
ANC_0062,阴骘井,不可移动文物,anchor,【不可移动文物】阴骘井，宋，市级文物保护单位，位于nan。,80
ANC_0063,贞烈牌坊,不可移动文物,anchor,【不可移动文物】贞烈牌坊，清康熙年间（1662-1723），市级文物保护单位，位于nan。,80
ANC_0064,东联吴氏大宗祠,不可移动文物,anchor,【不可移动文物】东联吴氏大宗祠，清，市级文物保护单位，位于nan。,80
ANC_0065,恒德徐公祠,不可移动文物,anchor,【不可移动文物】恒德徐公祠，清光绪壬午年（1882），市级文物保护单位，位于nan。,80
ANC_0066,通心岗遗址,不可移动文物,anchor,【不可移动文物】通心岗遗址，新石器时代，市级文物保护单位，位于nan。,80
ANC_0067,方道隆墓,不可移动文物,anchor,【不可移动文物】方道隆墓，元，市级文物保护单位，位于nan。,80
ANC_0068,崔氏大宗祠,不可移动文物,anchor,【不可移动文物】崔氏大宗祠，明嘉靖四十四年（1565），省级文物保护单位，位于九江镇。,80
ANC_0069,九江吴家大院,不可移动文物,anchor,【不可移动文物】九江吴家大院，中华民国，省级文物保护单位，位于nan。,80
ANC_0070,良二千石牌坊,不可移动文物,anchor,【不可移动文物】良二千石牌坊，明万历二十六年（1598），省级文物保护单位，位于nan。,80
ANC_0071,慈悲宫牌坊,不可移动文物,anchor,【不可移动文物】慈悲宫牌坊，明万历年间，省级文物保护单位，位于nan。,80
ANC_0072,烟桥何氏大宗祠,不可移动文物,anchor,【不可移动文物】烟桥何氏大宗祠，清嘉庆十九年（1814），省级文物保护单位，位于nan。,80
ANC_0073,上东岑局楼,不可移动文物,anchor,【不可移动文物】上东岑局楼，中华民国二十一年（1932），市级文物保护单位，位于nan。,80
ANC_0074,探花桥,不可移动文物,anchor,【不可移动文物】探花桥，明-清，市级文物保护单位，位于nan。,80
ANC_0075,魁星塔,不可移动文物,anchor,【不可移动文物】魁星塔，清嘉庆五年（1800），市级文物保护单位，位于nan。,80
ANC_0076,三元桥,不可移动文物,anchor,【不可移动文物】三元桥，清道光年间（1821-1851），市级文物保护单位，位于nan。,80
ANC_0077,破排角遗址,不可移动文物,anchor,【不可移动文物】破排角遗址，南宋，市级文物保护单位，位于nan。,80
ANC_0078,冯氏家族墓,不可移动文物,anchor,【不可移动文物】冯氏家族墓，宋，市级文物保护单位，位于nan。,80
ANC_0079,朱子襄墓,不可移动文物,anchor,【不可移动文物】朱子襄墓，清光绪八年（1882），市级文物保护单位，位于nan。,80
ANC_0080,李卓峰墓,不可移动文物,anchor,【不可移动文物】李卓峰墓，1926年，市级文物保护单位，位于nan。,80
ANC_0081,九江双蒸酒酿制技艺,非遗项目,anchor,【非遗项目】九江双蒸酒酿制技艺，省级，位于九江镇。,80
ANC_0082,金箔锻造技艺,非遗项目,anchor,【非遗项目】金箔锻造技艺，省级，位于狮山镇。,80
ANC_0083,九江煎堆制作技艺,非遗项目,anchor,【非遗项目】九江煎堆制作技艺，省级，位于九江镇。,80
ANC_0084,西樵传统缫丝技艺,非遗项目,anchor,【非遗项目】西樵传统缫丝技艺，市级，位于西樵镇。,80
ANC_0085,南海竹编,非遗项目,anchor,【非遗项目】南海竹编，市级，位于西樵镇。,80
ANC_0086,西樵大饼制作技艺,非遗项目,anchor,【非遗项目】西樵大饼制作技艺，市级，位于西樵镇。,80
ANC_0087,香云纱（坯纱）织造技艺,非遗项目,anchor,【非遗项目】香云纱（坯纱）织造技艺，市级，位于西樵镇。,80
ANC_0088,广式家具制作技艺,非遗项目,anchor,【非遗项目】广式家具制作技艺，市级，位于桂城街道。,80
ANC_0089,"平洲传统玉器
制作技艺",非遗项目,anchor,"【非遗项目】平洲传统玉器
制作技艺，市级，位于桂城街道。",80
ANC_0090,唢呐制作技艺,非遗项目,anchor,【非遗项目】唢呐制作技艺，市级，位于桂城街道。,80
ANC_0091,佛鹤狮头制作,非遗项目,anchor,【非遗项目】佛鹤狮头制作，区级，位于狮山镇。,80
ANC_0092,里水毛巾织造技艺,非遗项目,anchor,【非遗项目】里水毛巾织造技艺，区级，位于里水镇。,80
ANC_0093,南海醒狮（采青技艺）,非遗项目,anchor,【非遗项目】南海醒狮（采青技艺），区级，位于西樵镇。,80
ANC_0094,花灯制作技艺,非遗项目,anchor,【非遗项目】花灯制作技艺，区级，位于狮山镇。,80
ANC_0095,南海广式旺阁酱油酿造技艺,非遗项目,anchor,【非遗项目】南海广式旺阁酱油酿造技艺，区级，位于西樵镇。,80
ANC_0096,庙会（大仙诞庙会）,非遗项目,anchor,【非遗项目】庙会（大仙诞庙会），省级，位于西樵镇。,80
ANC_0097,龙舟说唱（南海）,非遗项目,anchor,【非遗项目】龙舟说唱（南海），市级，位于丹灶镇。,80
ANC_0098,烧番塔(松塘),非遗项目,anchor,【非遗项目】烧番塔(松塘)，市级，位于西樵镇。,80
ANC_0099,南海农谚,非遗项目,anchor,【非遗项目】南海农谚，区级，位于西樵镇。,80
ANC_0100,西樵山传说,非遗项目,anchor,【非遗项目】西樵山传说，区级，位于西樵镇。,80
ANC_0101,简村北帝庙会,非遗项目,anchor,【非遗项目】简村北帝庙会，区级，位于西樵镇。,80
ANC_0102,松塘村孔子诞,非遗项目,anchor,【非遗项目】松塘村孔子诞，区级，位于西樵镇。,80
ANC_0103,松塘村“出色”巡游,非遗项目,anchor,【非遗项目】松塘村“出色”巡游，区级，位于西樵镇。,80
ANC_0104,大头佛（民乐大头佛）,非遗项目,anchor,【非遗项目】大头佛（民乐大头佛），区级，位于西樵镇。,80
ANC_0105,西樵白眉武术,非遗项目,anchor,【非遗项目】西樵白眉武术，区级，位于西樵镇。,80
ANC_0106,赤坎盲公话,非遗项目,anchor,【非遗项目】赤坎盲公话，区级，位于丹灶镇。,80
ANC_0107,西联村神诞,非遗项目,anchor,【非遗项目】西联村神诞，区级，位于丹灶镇。,80
ANC_0108,传统龙舟（丹灶扒龙舟）,非遗项目,anchor,【非遗项目】传统龙舟（丹灶扒龙舟），区级，位于丹灶镇。,80
ANC_0109,丹灶葛洪炼丹传说,非遗项目,anchor,【非遗项目】丹灶葛洪炼丹传说，市级，位于丹灶镇。,80
ANC_0110,烧番塔(仙岗),非遗项目,anchor,【非遗项目】烧番塔(仙岗)，市级，位于丹灶镇。,80
ANC_0111,大头佛,非遗项目,anchor,【非遗项目】大头佛，市级，位于九江镇。,80
ANC_0112,赛龙舟（九江传统龙舟）,非遗项目,anchor,【非遗项目】赛龙舟（九江传统龙舟），省级，位于九江镇。,80
ANC_0113,九江灯谜,非遗项目,anchor,【非遗项目】九江灯谜，市级，位于九江镇。,80
ANC_0114,九江传统鱼花技艺,非遗项目,anchor,【非遗项目】九江传统鱼花技艺，市级，位于九江镇。,80
ANC_0115,周家拳,非遗项目,anchor,【非遗项目】周家拳，区级，位于九江镇。,80
ANC_0116,华岳心意六合八法拳,非遗项目,anchor,【非遗项目】华岳心意六合八法拳，市级，位于九江镇。,80
ANC_0117,仙岗村古井(蟹泉仙井),文化景观,anchor,【文化景观】仙岗村古井(蟹泉仙井)，位于丹灶镇。,80
ANC_0118,西城圩市建筑群,文化景观,anchor,【文化景观】西城圩市建筑群，位于丹灶镇。,80
ANC_0119,大岗民居,文化景观,anchor,【文化景观】大岗民居，位于丹灶镇。,80
ANC_0120,苏州银河,文化景观,anchor,【文化景观】苏州银河，位于丹灶镇。,80
ANC_0121,塱心码头,文化景观,anchor,【文化景观】塱心码头，位于西樵镇。,80
ANC_0122,松塘月池及古祠堂群,文化景观,anchor,【文化景观】松塘月池及古祠堂群，位于西樵镇。,80
ANC_0123,民乐圩市建筑群/民乐窦,文化景观,anchor,【文化景观】民乐圩市建筑群/民乐窦，位于西樵镇。,80
ANC_0124,西樵山天湖,文化景观,anchor,【文化景观】西樵山天湖，位于西樵镇。,80
ANC_0125,禄舟村古街巷,文化景观,anchor,【文化景观】禄舟村古街巷，位于西樵镇。,80
ANC_0126,金花庙,文化景观,anchor,【文化景观】金花庙，位于西樵镇。,80
ANC_0127,渔耕粤韵桑基鱼塘,文化景观,anchor,【文化景观】渔耕粤韵桑基鱼塘，位于西樵镇。,80
ANC_0128,朝山红楼,文化景观,anchor,【文化景观】朝山红楼，位于西樵镇。,80
ANC_0129,烟桥村古桥,文化景观,anchor,【文化景观】烟桥村古桥，位于九江镇。,80
ANC_0130,风水百足桥,文化景观,anchor,【文化景观】风水百足桥，位于九江镇。,80
ANC_0131,河清码头,文化景观,anchor,【文化景观】河清码头，位于九江镇。,80
ANC_0132,红棉公园民国建筑群,文化景观,anchor,【文化景观】红棉公园民国建筑群，位于九江镇。,80
ANC_0133,岑局楼,文化景观,anchor,【文化景观】岑局楼，位于九江镇。,80
ANC_0134,中西郑家大院,文化景观,anchor,【文化景观】中西郑家大院，位于九江镇。,80
ANC_0135,平沙岛,文化景观,anchor,【文化景观】平沙岛，位于西樵镇。,80
ANC_0136,西樵镇,历史文化名村,anchor,【历史文化名村】西樵镇，中国历史文化名镇，位于西樵镇。,80
ANC_0137,西樵镇松塘村,历史文化名村,anchor,【历史文化名村】西樵镇松塘村，国家级传统村落，位于松塘村。,80
ANC_0138,西樵镇简村村,历史文化名村,anchor,【历史文化名村】西樵镇简村村，广东省历史文化名村，位于简村村。,80
ANC_0139,西樵镇百西村头村,历史文化名村,anchor,【历史文化名村】西樵镇百西村头村，广东省历史文化名村，位于村头村。,80
ANC_0140,九江镇烟桥烟南村,历史文化名村,anchor,【历史文化名村】九江镇烟桥烟南村，国家级传统村落，位于nan。,80
ANC_0141,丹灶镇仙岗村,历史文化名村,anchor,【历史文化名村】丹灶镇仙岗村，广东省历史文化名村，位于仙岗村。,80
ANC_0142,丹灶镇南沙棋盘村,历史文化名村,anchor,【历史文化名村】丹灶镇南沙棋盘村，广东省历史文化名村，位于棋盘村。,80
ANC_0143,丹灶镇仙岗社区,历史文化名村,anchor,【历史文化名村】丹灶镇仙岗社区，国家级传统村落，位于仙岗社区。,80
ANC_0144,西樵镇百西村,历史文化名村,anchor,【历史文化名村】西樵镇百西村，省级传统村落，位于百西社区。,80
ANC_0145,丹灶镇棋盘村,历史文化名村,anchor,【历史文化名村】丹灶镇棋盘村，省级传统村落，位于nan。,80
ANC_0146,九江镇烟桥村,历史文化名村,anchor,【历史文化名村】九江镇烟桥村，省级传统村落，位于nan。,80
ANC_0147,丹灶镇和平村,历史文化名村,anchor,【历史文化名村】丹灶镇和平村，省级传统村落，位于和平村。,80
ANC_0148,横江圩,圩市街区,anchor,【圩市街区】横江圩。,80
ANC_0149,仙岗市,圩市街区,anchor,【圩市街区】仙岗市。,80
ANC_0150,西城市,圩市街区,anchor,【圩市街区】西城市。,80
ANC_0151,银河桥市,圩市街区,anchor,【圩市街区】银河桥市。,80
ANC_0152,竹径圩,圩市街区,anchor,【圩市街区】竹径圩。,80
ANC_0153,罗行圩,圩市街区,anchor,【圩市街区】罗行圩。,80
ANC_0154,大岸圩,圩市街区,anchor,【圩市街区】大岸圩。,80
ANC_0155,沙基圩,圩市街区,anchor,【圩市街区】沙基圩。,80
ANC_0156,大岗圩,圩市街区,anchor,【圩市街区】大岗圩。,80
ANC_0157,民乐市,圩市街区,anchor,【圩市街区】民乐市。,80
ANC_0158,太平圩,圩市街区,anchor,【圩市街区】太平圩。,80
ANC_0159,官山圩,圩市街区,anchor,【圩市街区】官山圩。,80
ANC_0160,大桐圩,圩市街区,anchor,【圩市街区】大桐圩。,80
ANC_0161,河清圩,圩市街区,anchor,【圩市街区】河清圩。,80
ANC_0162,大伸市,圩市街区,anchor,【圩市街区】大伸市。,80
ANC_0163,九江圩,圩市街区,anchor,【圩市街区】九江圩。,80
ANC_0164,大谷市,圩市街区,anchor,【圩市街区】大谷市。,80
ANC_0165,沙口圩,圩市街区,anchor,【圩市街区】沙口圩。,80
E0001,南海,地点,culture,【地点】在典籍中出现7092次，来自50个文本源。,111344.4
E0002,佛山,地点,culture,【地点】在典籍中出现6897次，来自44个文本源。,95868.3
E0003,广州,地点,culture,【地点】在典籍中出现3249次，来自50个文本源。,51009.3
E0004,广东,地点,culture,【地点】在典籍中出现3054次，来自51个文本源。,48864.0
E0005,先生,人物,culture,【人物】在典籍中出现2454次，来自37个文本源。,28957.2
E0006,九江,地点,culture,【地点】在典籍中出现1687次，来自33个文本源。,17882.2
E0007,康有为,人物,culture,【人物】在典籍中出现2400次，来自21个文本源。,16800.0
E0008,南海县,地点,culture,【地点】在典籍中出现1557次，来自33个文本源。,16504.2
E0009,民国,朝代,culture,【朝代】在典籍中出现1296次，来自33个文本源。,13737.6
E0010,岭南,地点,culture,【地点】在典籍中出现647次，来自27个文本源。,5693.6
E0011,光绪,朝代,culture,【朝代】在典籍中出现663次，来自26个文本源。,5635.5
E0012,年代,朝代,culture,【朝代】在典籍中出现589次，来自28个文本源。,5359.9
E0013,龙舟,文化要素,culture,【文化要素】在典籍中出现1011次，来自9个文本源。,3437.4
E0014,佛山市,地点,culture,【地点】在典籍中出现719次，来自13个文本源。,3307.4
E0015,珠江,地点,culture,【地点】在典籍中出现415次，来自22个文本源。,3029.5
E0016,粤剧,文化要素,culture,【文化要素】在典籍中出现558次，来自13个文本源。,2566.8
E0017,青年,朝代,culture,【朝代】在典籍中出现366次，来自20个文本源。,2452.2
E0018,农村,地点,culture,【地点】在典籍中出现460次，来自14个文本源。,2254.0
E0019,三年,朝代,culture,【朝代】在典籍中出现320次，来自21个文本源。,2240.0
E0020,道光,朝代,culture,【朝代】在典籍中出现480次，来自13个文本源。,2208.0
E0021,书院,建筑,culture,【建筑】在典籍中出现378次，来自17个文本源。,2192.4
E0022,西樵山,地点,culture,【地点】在典籍中出现429次，来自14个文本源。,2102.1
E0023,铁路,地点,culture,【地点】在典籍中出现631次，来自8个文本源。,1956.1
E0024,年间,朝代,culture,【朝代】在典籍中出现276次，来自21个文本源。,1932.0
E0025,一年,朝代,culture,【朝代】在典籍中出现275次，来自21个文本源。,1925.0
E0026,孙中山,地点,culture,【地点】在典籍中出现353次，来自15个文本源。,1835.6
E0027,二年,朝代,culture,【朝代】在典籍中出现293次，来自17个文本源。,1699.4
E0028,当年,朝代,culture,【朝代】在典籍中出现274次，来自18个文本源。,1671.4
E0029,现代,朝代,culture,【朝代】在典籍中出现272次，来自17个文本源。,1577.6
E0030,黄飞鸿,人物,culture,【人物】在典籍中出现824次，来自4个文本源。,1565.6
E0031,武术,文化要素,culture,【文化要素】在典籍中出现498次，来自8个文本源。,1543.8
E0032,官山,地点,culture,【地点】在典籍中出现316次，来自11个文本源。,1264.0
E0033,进士,文化要素,culture,【文化要素】在典籍中出现235次，来自15个文本源。,1222.0
E0034,同治,朝代,culture,【朝代】在典籍中出现386次，来自8个文本源。,1196.6
E0035,文艺,文化要素,culture,【文化要素】在典籍中出现518次，来自5个文本源。,1139.6
E0036,盐步,地点,culture,【地点】在典籍中出现208次，来自15个文本源。,1081.6
E0037,书画,文化要素,culture,【文化要素】在典籍中出现384次，来自7个文本源。,1075.2
E0038,城市,地点,culture,【地点】在典籍中出现275次，来自10个文本源。,1017.5
E0039,石景宜,人物,culture,【人物】在典籍中出现622次，来自3个文本源。,995.2
E0040,四年,朝代,culture,【朝代】在典籍中出现242次，来自11个文本源。,968.0
E0041,广州市,地点,culture,【地点】在典籍中出现182次，来自15个文本源。,946.4
E0042,明代,朝代,culture,【朝代】在典籍中出现250次，来自10个文本源。,925.0
E0043,国画,文化要素,culture,【文化要素】在典籍中出现404次，来自5个文本源。,888.8
E0044,医院,建筑,culture,【建筑】在典籍中出现260次，来自9个文本源。,884.0
E0045,时代,朝代,culture,【朝代】在典籍中出现170次，来自15个文本源。,884.0
E0046,绘画,文化要素,culture,【文化要素】在典籍中出现387次，来自5个文本源。,851.4
E0047,工艺,文化要素,culture,【文化要素】在典籍中出现246次，来自9个文本源。,836.4
E0048,戴鸿慈,人物,culture,【人物】在典籍中出现635次，来自2个文本源。,825.5
E0049,梁启超,人物,culture,【人物】在典籍中出现373次，来自5个文本源。,820.6
E0050,五年,朝代,culture,【朝代】在典籍中出现188次，来自12个文本源。,808.4
E0051,元年,朝代,culture,【朝代】在典籍中出现207次，来自10个文本源。,765.9
E0052,近代,朝代,culture,【朝代】在典籍中出现246次，来自8个文本源。,762.6
E0053,平洲,地点,culture,【地点】在典籍中出现220次，来自8个文本源。,682.0
E0054,民乐,地点,culture,【地点】在典籍中出现356次，来自4个文本源。,676.4
E0055,城区,地点,culture,【地点】在典籍中出现295次，来自5个文本源。,649.0
E0056,举人,文化要素,culture,【文化要素】在典籍中出现174次，来自10个文本源。,643.8
E0057,祠堂,建筑,culture,【建筑】在典籍中出现159次，来自11个文本源。,636.0
E0058,公路,地点,culture,【地点】在典籍中出现227次，来自7个文本源。,635.6
E0059,清朝,朝代,culture,【朝代】在典籍中出现181次，来自9个文本源。,615.4
E0060,南海市,地点,culture,【地点】在典籍中出现244次，来自6个文本源。,610.0
E0061,学堂,建筑,culture,【建筑】在典籍中出现179次，来自9个文本源。,608.6
E0062,乾隆,朝代,culture,【朝代】在典籍中出现215次，来自7个文本源。,602.0
E0063,七年,朝代,culture,【朝代】在典籍中出现177次，来自9个文本源。,601.8
E0064,周年,朝代,culture,【朝代】在典籍中出现171次，来自9个文本源。,581.4
E0065,詹天佑,人物,culture,【人物】在典籍中出现442次，来自2个文本源。,574.6
E0066,书馆,建筑,culture,【建筑】在典籍中出现433次，来自2个文本源。,562.9
E0067,六年,朝代,culture,【朝代】在典籍中出现161次，来自9个文本源。,547.4
E0068,乡村,地点,culture,【地点】在典籍中出现137次，来自10个文本源。,506.9
E0069,佛市,地点,culture,【地点】在典籍中出现228次，来自5个文本源。,501.6
E0070,技艺,文化要素,culture,【文化要素】在典籍中出现134次，来自10个文本源。,495.8
E0071,清代,朝代,culture,【朝代】在典籍中出现145次，来自9个文本源。,493.0
E0072,罗村,地点,culture,【地点】在典籍中出现158次，来自8个文本源。,489.8
E0073,八年,朝代,culture,【朝代】在典籍中出现132次，来自10个文本源。,488.4
E0074,博物馆,建筑,culture,【建筑】在典籍中出现191次，来自6个文本源。,477.5
E0075,范围,地点,culture,【地点】在典籍中出现187次，来自6个文本源。,467.5
E0076,官窑,地点,culture,【地点】在典籍中出现124次，来自10个文本源。,458.8
E0077,尚书,人物,culture,【人物】在典籍中出现133次，来自9个文本源。,452.2
E0078,祖庙,建筑,culture,【建筑】在典籍中出现282次，来自3个文本源。,451.2
E0079,宗祠,建筑,culture,【建筑】在典籍中出现203次，来自5个文本源。,446.6
E0080,西江,地点,culture,【地点】在典籍中出现129次，来自9个文本源。,438.6
E0081,陈启沅,人物,culture,【人物】在典籍中出现263次，来自3个文本源。,420.8
E0082,十年,朝代,culture,【朝代】在典籍中出现142次，来自7个文本源。,397.6
E0083,纺织,文化要素,culture,【文化要素】在典籍中出现243次，来自3个文本源。,388.8
E0084,歌曲,文化要素,culture,【文化要素】在典籍中出现202次，来自4个文本源。,383.8
E0085,丝织,文化要素,culture,【文化要素】在典籍中出现232次，来自3个文本源。,371.2
E0086,晚年,朝代,culture,【朝代】在典籍中出现106次，来自9个文本源。,360.4
E0087,北江,地点,culture,【地点】在典籍中出现116次，来自8个文本源。,359.6
E0088,和顺,地点,culture,【地点】在典籍中出现127次，来自7个文本源。,355.6
E0089,木雕,文化要素,culture,【文化要素】在典籍中出现161次，来自5个文本源。,354.2
E0090,图书馆,建筑,culture,【建筑】在典籍中出现161次，来自5个文本源。,354.2
E0091,我县,地点,culture,【地点】在典籍中出现122次，来自7个文本源。,341.6
E0092,多年,朝代,culture,【朝代】在典籍中出现97次，来自9个文本源。,329.8
E0093,古村,地点,culture,【地点】在典籍中出现172次，来自4个文本源。,326.8
E0094,陶瓷,文化要素,culture,【文化要素】在典籍中出现139次，来自5个文本源。,305.8
E0095,草堂,建筑,culture,【建筑】在典籍中出现138次，来自5个文本源。,303.6
E0096,龙狮,文化要素,culture,【文化要素】在典籍中出现179次，来自3个文本源。,286.4
E0097,郊区,地点,culture,【地点】在典籍中出现178次，来自3个文本源。,284.8
E0098,朱次琦,人物,culture,【人物】在典籍中出现178次，来自3个文本源。,284.8
E0099,武馆,建筑,culture,【建筑】在典籍中出现113次，来自6个文本源。,282.5
E0100,黄少强,人物,culture,【人物】在典籍中出现121次，来自5个文本源。,266.2
POI_B0FFIOXZ4F,祖盛徐公祠,景点,tourism,【自然景观】位于狮山镇，八甲村。关联文化载体: 恒德徐公祠。,39.0
POI_B02F5077AV,大谷天后宫,景点,tourism,【自然景观】位于九江镇，九江镇(大谷运河旁)。关联文化载体: 大谷市。,42.0
POI_B02F507708,宝莲寺,景点,tourism,【自然景观】位于西樵镇，西樵镇江边村。关联文化载体: 佛子庙镇头遗址。,40.0
POI_B0FFHLTCIH,石碣朗枝岗健身公园,景点,tourism,【自然景观】位于大沥镇，石碣村。关联文化载体: 佛鹤狮头制作。,40.0
POI_B0FFFTB749,迎宾广场,景点,tourism,"【自然景观】位于西樵镇，西樵镇512县道松塘村总公交站东南。关联文化载体: 松塘汇川家塾, 松塘见五大夫祠, 区梦觉故居。",40.0
POI_B02F50WH85,河滨公园,景点,tourism,【自然景观】位于西樵镇，西樵汽车站附近。关联文化载体: 西樵传统缫丝技艺。,38.0
POI_B0FFGX05AY,西樵山风景名胜区-樵园公园,景点,tourism,"【自然景观】位于西樵镇，西樵镇环山大道西樵山风景名胜区内(北侧)。关联文化载体: 奎光楼, 白云古寺, 白云洞摩崖石刻。",42.0
POI_B0FFGRN2SF,茶花园,景点,tourism,"【自然景观】位于西樵镇，西樵镇山南路西樵山风景名胜区内(西北角)。关联文化载体: 白云洞摩崖石刻, 第弌洞天牌坊, 字祖庙。",40.0
POI_B0FFHJ45NL,天湖公园,景点,tourism,"【自然景观】位于西樵镇，西樵镇山南路西樵山风景名胜区内(西北角)。关联文化载体: 西樵山天湖, 枕流亭, 小云亭。",42.0
POI_B0FFGXHU4R,沙头文体公园,景点,tourism,【自然景观】位于丹灶镇，万安二马路沙头邮政支局附近。关联文化载体: 崔氏大宗祠。,43.0
POI_B02F50XH7E,夏南二荷花广场,景点,tourism,【自然景观】位于桂城街道，夏南二大道与紫薇街交叉口西南80米。关联文化载体: 广式家具制作技艺。,43.0
POI_B02F511V5K,夏南二公园,景点,tourism,【自然景观】位于桂城街道，石岸口新村。关联文化载体: 广式家具制作技艺。,44.0
POI_B0FFIZ6U2D,树蛙攀岩公园,景点,tourism,【自然景观】位于西樵镇，西樵镇樵岭国际4楼。关联文化载体: 西樵镇。,37.0
POI_B0FFF0FM3G,沙口公园,景点,tourism,"【自然景观】位于九江镇，沙口下街沿江路。关联文化载体: 沙口圩, 破排角遗址。",41.0
POI_B0FFFNNGQB,八甲公园,景点,tourism,【自然景观】位于丹灶镇，丹灶镇金沙西联八甲村。关联文化载体: 恒德徐公祠。,42.0
POI_B02F507C6B,东华娱乐公园,景点,tourism,【自然景观】位于大沥镇，石碣村。关联文化载体: 佛鹤狮头制作。,42.0
POI_B02F503XQB,探花公园,景点,tourism,"【自然景观】位于九江镇，九江镇汾江南路57号。关联文化载体: 慈悲宫牌坊, 大伸市, 华岳心意六合八法拳。",41.0
POI_B02F50X8YO,红棉公园,景点,tourism,"【自然景观】位于丹灶镇，太平西路13号。关联文化载体: 三元桥, 九江圩, 九江吴家大院。",40.0
POI_B0FFJ8VLGS,党建公园,景点,tourism,"【自然景观】位于桂城街道，环岛西路与东边大街十一巷交叉口东南80米。关联文化载体: 平洲传统玉器
制作技艺。",34.0
POI_B02F5077AW,太清宫,景点,tourism,【自然景观】位于九江镇，九江镇大谷市场。关联文化载体: 大谷市。,37.0
POI_B0FFG4RUQU,吴家大院,景点,tourism,"【自然景观】位于九江镇，九江镇人民路40号。关联文化载体: 九江吴家大院, 大头佛, 三元桥。",43.0
POI_B0FFG233RB,西樵山-听音湖,景点,tourism,"【自然景观】位于西樵镇，锦湖大道7号。关联文化载体: 奎光楼, 白云古寺, 字祖庙。",46.0
POI_B02F5077T5,白云洞风景区,景点,tourism,"【自然景观】位于西樵镇，西樵镇樵园路西樵山。关联文化载体: 光分亭, 象林塔, 奎光楼。",42.0
POI_B02F5076F0,西樵山风景名胜区,景点,tourism,【自然景观】位于西樵镇，西樵镇环山大道。关联文化载体: 南海农谚。,47.0
POI_B02F5076E8,西樵山南海观音,景点,tourism,"【自然景观】位于西樵镇，环山大道。关联文化载体: 西樵山无叶井, 敦义崇礼碉楼, 傅老榕旧居。",47.0
POI_B0FFH3YDKA,孙氏宗祠,景点,tourism,【自然景观】位于狮山镇，狮山镇石碣乐安村12巷。关联文化载体: 佛鹤狮头制作。,42.0
POI_B0FFHKW8UF,西樵戴氏大宗祠,景点,tourism,【自然景观】位于西樵镇，西樵镇大同二村戴家住宅区。关联文化载体: 大桐圩。,39.0
POI_B02F507C73,何氏宗祠,景点,tourism,【自然景观】位于西樵镇，西樵镇联新13队。关联文化载体: 南海醒狮（采青技艺）。,39.0
POI_B0FFG2AME7,西樵山风景名胜区-观音庙,景点,tourism,"【自然景观】位于西樵镇，西樵镇樵园路白云洞景区内。关联文化载体: 字祖庙, 白云古寺, 第弌洞天牌坊。",42.0
POI_B02F507C7C,李氏宗祠(太平圩),景点,tourism,【自然景观】位于西樵镇，龙坑村1-69。关联文化载体: 太平圩。,38.0
POI_B02F507C71,村头村潘氏大宗祠,景点,tourism,"【自然景观】位于丹灶镇，百业大道东与白业大道一横路交叉口东南240米。关联文化载体: 百西潘氏大宗祠, 西樵镇百西村。",38.0
POI_B02F50V1HK,佛子庙,景点,tourism,【自然景观】位于西樵镇，西樵镇杏头村。关联文化载体: 吉水窦。,34.0
POI_B0FFJFZ9OZ,基督教罗行堂,景点,tourism,【自然景观】位于丹灶镇，永兴街与三民街交叉口东北100米。关联文化载体: 罗行圩。,35.0
POI_B0FFK48YQW,天主堂,景点,tourism,【自然景观】位于丹灶镇，天主堂(南乡路南)。关联文化载体: 李卓峰墓。,35.0
POI_B0LK9ZASNL,和光合堂,景点,tourism,【自然景观】位于桂城街道，滘口大街20号。关联文化载体: 广式家具制作技艺。,28.0
POI_B0FFG4RUTW,九江侨乡博物馆,景点,tourism,"【自然景观】位于九江镇，九江镇人民路40号。关联文化载体: 九江吴家大院, 大头佛, 三元桥。",39.0
POI_B0KRMZRLQY,佛山活体昆虫博物馆,景点,tourism,"【自然景观】位于西樵镇，西樵镇樵和路23号樵乐坊二座3楼(广东千古情对面)。关联文化载体: 庙会（大仙诞庙会）, 西樵山传说, 绮亭陈公祠。",43.0
POI_B0FFIVH0A1,康有为博物馆,景点,tourism,【文化场馆】位于丹灶镇，苏村。关联文化载体: 康有为故居。,41.0
POI_B0FFM4ZP9V,卓弘艺术空间,景点,tourism,"【文化场馆】位于丹灶镇，奇腾路27号。关联文化载体: 九江吴家大院, 三元桥。",38.0
POI_B0K2297F57,佛山市南海区福厚博物馆,景点,tourism,"【自然景观】位于丹灶镇，龙钩段与桂香坊交叉口南20米。关联文化载体: 松塘汇川家塾, 松塘见五大夫祠, 区梦觉故居。",36.0
POI_B0FFG19F2Q,玄憬龙博物馆(暂停开放),景点,tourism,"【文化场馆】位于九江镇，九江镇梅圳上北大道。关联文化载体: 赛龙舟（九江传统龙舟）, 九江传统鱼花技艺, 周家拳。",41.0
POI_B0FFMDFZFN,南山艺术馆,景点,tourism,【自然景观】位于西樵镇，西樵大同显岗富贤村樵贤东街一巷一号。关联文化载体: 富贤遗址。,45.0
POI_B0FFMDWS3W,南海区丹灶镇罗行村史馆,景点,tourism,【文化场馆】位于丹灶镇，中山下街2号。关联文化载体: 罗行圩。,43.0
POI_B0FFLHZ51O,仙岗村村史馆,景点,tourism,"【文化场馆】位于丹灶镇，桂丹西路136号。关联文化载体: 阴骘井, 仙迹丹泉, 仙岗市。",36.0
POI_B0KUFC98OW,儒林历史文化陈列馆,景点,tourism,"【文化场馆】位于丹灶镇，万寿街25号。关联文化载体: 九江圩, 红棉公园民国建筑群, 三元桥。",36.0
POI_B0FFFSD8UG,康有为书法艺术院,景点,tourism,【文化场馆】位于丹灶镇，丹灶镇仙湖渡假区养生路。关联文化载体: 贞烈牌坊。,39.0
POI_B0LKOAFX2U,良登村史馆,景点,tourism,【文化场馆】位于丹灶镇，樵良线与官良段交叉口东南80米。关联文化载体: 通心岗遗址。,29.0
POI_B0LKOAFWPQ,简村社区村史馆,景点,tourism,"【文化场馆】位于狮山镇，爱简线与樵高路交叉口西北160米。关联文化载体: 绮亭陈公祠, 庙会（大仙诞庙会）, 西樵白眉武术。",19.0
POI_B0FFKZDQA6,樵山文化中心,景点,tourism,"【自然景观】位于西樵镇，樵园路25号。关联文化载体: 光分亭, 象林塔, 奎光楼。",45.0
POI_B0KUFC9GCL,陈洲亲子美术馆,景点,tourism,"【文化场馆】位于丹灶镇，丹灶镇仙岗村圣堂街直巷8号。关联文化载体: 阴骘井, 仙迹丹泉, 仙岗市。",39.0
POI_B0L0BZTJY7,读书驿站(丹灶目闻阅野集站),景点,tourism,【文化场馆】位于丹灶镇，中山下街与罗西路交叉口西北60米。关联文化载体: 罗行圩。,0
POI_B0G1OHFR9Z,读书驿站(西樵百西社区站),景点,tourism,"【文化场馆】位于西樵镇，西樵镇百西村村委会门口。关联文化载体: 铁屎墩冶炼遗址, 西樵镇百西村, 鱿鱼岗遗址。",0
POI_B0FFK2F42C,广东环境保护工程职业学院图书馆,景点,tourism,"【文化场馆】位于丹灶镇，桂丹西路98号广东环境保护工程职业学院。关联文化载体: 龙舟说唱（南海）, 赤坎盲公话, 烧番塔(仙岗)。",0
POI_B0L37KKTHT,读书驿站(西樵七星站),景点,tourism,【文化场馆】位于西樵镇，新桐大道4号。关联文化载体: 大桐圩。,0
POI_B0FFGX2WOZ,九江自助图书馆(儒林东路)(暂停营业),景点,tourism,"【自然景观】位于九江镇，九江镇人民路32号吴家大院F座1层。关联文化载体: 九江吴家大院, 大头佛, 三元桥。",0
POI_B0FFH2EXY3,读书驿站(西樵登山大道站),景点,tourism,【自然景观】位于西樵镇，西樵镇登山大道1号公共资源交易中心旁。关联文化载体: 西樵镇。,0
POI_B0FFI20TRM,读书驿站(九江儒林社区站),景点,tourism,"【自然景观】位于九江镇，九江镇儒林社区活动中心。关联文化载体: 三元桥, 九江吴家大院, 九江圩。",0
POI_B0FFI1OO5T,读书驿站(西樵樵乐社区站),景点,tourism,"【文化场馆】位于西樵镇，西樵镇下北街33号樵乐社区中心。关联文化载体: 民乐市, 民乐圩市建筑群/民乐窦, 大头佛（民乐大头佛）。",0
POI_B0FFI1RYS9,读书驿站(西樵文化中心站)(暂停营业),景点,tourism,"【文化场馆】位于西樵镇，西樵镇文明路4号西樵文化中心1层。关联文化载体: 冯夏威墓, 官山圩, 龙母庙。",0
POI_B0FFJIHKZ2,读书驿站(九江中心小学站),景点,tourism,"【自然景观】位于九江镇，九江镇石马东街26号。关联文化载体: 三元桥, 李卓峰墓。",0
POI_B0FFI2MRFL,读书驿站(西樵樵晖新城站),景点,tourism,【文化场馆】位于西樵镇，西樵镇樵晖新城牌坊后。关联文化载体: 火石迳遗址。,0
POI_B0H1XU4G31,佛山九江小牛顿科学馆(渔具路),景点,tourism,"【自然景观】位于九江镇，九江镇渔具路844号。关联文化载体: 三元桥, 九江吴家大院。",37.0
POI_B02F507RSJ,广东环境保护工程职业学院,景点,tourism,"【教育研学】位于丹灶镇，桂丹西路98号(丹灶中学对面)。关联文化载体: 赤坎盲公话, 丹灶葛洪炼丹传说, 烧番塔(仙岗)。",0
POI_B0HBTP1ICL,南海实验学校,景点,tourism,"【教育研学】位于丹灶镇，桂丹西路与阳明路交叉口南240米。关联文化载体: 丹灶镇仙岗村, 仙岗市。",0
POI_B02F50YKRR,九江上东小学,景点,tourism,"【自然景观】位于九江镇，上东村永红队83号。关联文化载体: 上东岑局楼, 岑局楼。",0
POI_B02F5054F8,南海农商银行(西樵支行),景点,tourism,"【其他】位于西樵镇，西樵官山文明路9号。关联文化载体: 官山圩, 冯夏威墓, 龙母庙。",0
POI_B0J2B1UNZC,西樵山森吧飞越树上探险乐园,景点,tourism,【自然景观】位于西樵镇，宝峰寺验票处出口西70米。关联文化载体: 西樵山天湖。,45.0
POI_B02F501SVF,黄飞鸿狮艺武术馆,景点,tourism,【非遗体验】位于西樵镇，官太路与北社大街交叉口西南约60米。关联文化载体: 禄舟万寿堂。,45.0
POI_B0FFKATPC9,西樵山桃花源农家乐,景点,tourism,"【自然景观】位于西樵镇，西樵镇西樵山桃花园云路村。关联文化载体: 锦岩遗址, 李子长墓, 霍韬夫人墓。",43.0
POI_B0K127B069,煲仔正·老广州煲仔饭(佛山金铂中心店),景点,tourism,【自然景观】位于桂城街道，桂城街道佛山金铂中心B2层B239铺。关联文化载体: 唢呐制作技艺。,41.0
POI_B0FFJMCPBJ,烟南古村,景点,tourism,"【人文古迹】位于西樵镇，南海区。关联文化载体: 烟桥何氏大宗祠, 烟桥村古桥。",0
POI_B0FFLJYKEI,西樵镇-醒狮之乡,景点,tourism,"【自然景观】位于西樵镇，西樵镇。关联文化载体: 西樵山百步云梯, 冯夏威墓, 西樵山抗日阵亡将士暨死难同胞纪念碑。",36.0
POI_B0FFJYGJTV,烟桥古村,景点,tourism,"【自然景观】位于九江镇，九江镇烟桥村道。关联文化载体: 烟桥何氏大宗祠, 烟桥村古桥。",44.0
POI_B0LGFOTL9C,大谷余氏宗祠,景点,tourism,【自然景观】位于丹灶镇，大谷上街与上东三村路交叉口西北60米。关联文化载体: 大谷市。,23.0
POI_B0LGHCO34S,烟南南水村吴氏宗祠,景点,tourism,"【人文古迹】位于西樵镇，龙高路辅路与钢铁东二路交叉口北140米。关联文化载体: 烟桥村古桥, 烟桥何氏大宗祠。",40.0
POI_B0LG0L6RD3,吴氏宗祠,景点,tourism,【自然景观】位于狮山镇，樵金北路与官陆线交叉口东200米。关联文化载体: 东联吴氏大宗祠。,37.0
POI_B0LAA7O6ON,九江镇新龙村关氏宗祠,景点,tourism,"【自然景观】位于九江镇，新涌三路与新龙路交叉口西20米。关联文化载体: 九江煎堆制作技艺, 赛龙舟（九江传统龙舟）, 九江传统鱼花技艺。",37.0
POI_B02F50YSSQ,西樵山宝峰寺,景点,tourism,"【自然景观】位于西樵镇，西樵山风景名胜区内(北侧)。关联文化载体: 西樵山蟹眼泉, 宝峰胜处摩崖石刻, 翠岩摩崖石刻。",44.0
POI_B0G07R5LMM,石肯华光庙,景点,tourism,【自然景观】位于桂城街道，石肯里冯坊。关联文化载体: 唢呐制作技艺。,43.0
POI_B0FFIZPS1X,五斗水闸牌坊,景点,tourism,【自然景观】位于桂城街道，五斗大道中与五斗大道东交叉口北20米。,43.0
POI_B0FFGA58BQ,银坑村祠堂(乡约),景点,tourism,【自然景观】位于西樵镇，庆云大道西北侧。,41.0
POI_B0FFFEOXGO,拱北公园,景点,tourism,【自然景观】位于里水镇，兴隆大街66铺。,43.0
POI_B0FFGZ0A5W,恒大御景半岛钟楼,景点,tourism,【自然景观】位于里水镇，村前大路与新村一路交叉口东160米。,43.0
POI_B0FFFU6C0S,大德社区活动公园,景点,tourism,【自然景观】位于桂城街道，平洲大德社区。,40.0
POI_B02F507LDP,马大将军庙,景点,tourism,【自然景观】位于桂城街道，金桔园4号。,39.0
POI_B02F5045QD,真成周公祠,景点,tourism,【自然景观】位于里水镇，里水镇和桂工业园石塘上北村大街十一巷1号。,40.0
POI_B02F50V3ZM,基督教里水堂,景点,tourism,【自然景观】位于里水镇，环镇南路与里水大道交叉口西北200米。,41.0
POI_B02F507JSS,大沥公园,景点,tourism,【自然景观】位于大沥镇，兴隆街1号。,43.0
POI_B0FFI2ATL2,胡氏宗祠,景点,tourism,【自然景观】位于里水镇，伴仙港新村四巷与伴北路交叉口西北100米。,39.0
POI_B0FFI29O18,罗城三眼井,景点,tourism,【自然景观】位于里水镇，济南路与罗城工业大道交叉口西北240米。,42.0
POI_B0FFH42V09,慕道马公祠,景点,tourism,【自然景观】位于里水镇，里大线与里水通道交叉口东北80米。,40.0
POI_B0FFGAUTTN,寨边五队李氏宗祠,景点,tourism,【自然景观】位于狮山镇，罗村街道寨边村五队。,39.0
POI_B0FFFZ1P4M,潘氏宗祠,景点,tourism,【自然景观】位于里水镇，永青路与永平村东街交叉口西北60米。,41.0
POI_B02F50Y7VB,茶基三圣宫,景点,tourism,【自然景观】位于桂城街道，叠南茶基村428号。,42.0
POI_B02F50UZ0J,芦溪公园,景点,tourism,【自然景观】位于狮山镇，狮山镇芦塘小学。,40.0
POI_B02F5077P8,观音古庙,景点,tourism,【自然景观】位于西樵镇，西樵镇崇南窦头村。,41.0
POI_B02F5076X1,和桂文化广场,景点,tourism,【自然景观】位于里水镇，和顺和桂工业园首期和桂大道8号。,39.0
POI_B0FFI2NKOS,刘氏宗祠,景点,tourism,【自然景观】位于大沥镇，布新大道与339村道交叉口南340米。,40.0
POI_B0FFI8R7U0,大藤水岸公园,景点,tourism,【自然景观】位于狮山镇。,41.0
NH_狮舞（广东醒狮）,狮舞（广东醒狮）,非遗项目,anchor,【国家级非遗】传统舞蹈，传承于西樵镇。,100
NH_十番音乐（佛山十番）,十番音乐（佛山十番）,非遗项目,anchor,【国家级非遗】传统音乐，传承于桂城街道。,100
NH_官窑生菜会,官窑生菜会,非遗项目,anchor,【省级非遗】民俗，传承于狮山镇。,70
NH_灯会（乐安花灯会）,灯会（乐安花灯会）,非遗项目,anchor,【省级非遗】民俗，传承于桂城街道。,70
NH_端午节（盐步老龙礼俗）,端午节（盐步老龙礼俗）,非遗项目,anchor,【省级非遗】民俗，传承于大沥镇。,70
NH_咏春拳（叶问宗支）,咏春拳（叶问宗支）,非遗项目,anchor,【省级非遗】传统体育，传承于桂城街道。,70
NH_藤编（大沥）,藤编（大沥）,非遗项目,anchor,【省级非遗】传统技艺，传承于大沥镇。,70
NH_藤编（里水）,藤编（里水）,非遗项目,anchor,【省级非遗】传统技艺，传承于里水镇。,70
NH_粤曲,粤曲,非遗项目,anchor,【省级非遗】传统音乐，传承于桂城街道。,70
NH_糕点制作技艺（九江煎堆）,糕点制作技艺（九江煎堆）,非遗项目,anchor,【省级非遗】传统技艺，传承于九江镇。,70
NH_九江鱼花生产习俗,九江鱼花生产习俗,非遗项目,anchor,【省级非遗】民俗，传承于九江镇。,70
NH_洪拳（南海洪拳）,洪拳（南海洪拳）,非遗项目,anchor,【省级非遗】传统体育，传承于西樵镇。,70
NH_龙舟说唱,龙舟说唱,非遗项目,anchor,【市级非遗】传统音乐，传承于桂城街道。,50
NH_白眉拳,白眉拳,非遗项目,anchor,【市级非遗】传统体育，传承于里水镇。,50
NH_南海灰塑,南海灰塑,非遗项目,anchor,【市级非遗】传统美术，传承于狮山镇。,50
NH_叠滘弯道赛龙船,叠滘弯道赛龙船,非遗项目,anchor,【市级非遗】传统体育，传承于桂城街道。,50
NH_平洲传统玉器制作技艺,平洲传统玉器制作技艺,非遗项目,anchor,【市级非遗】传统技艺，传承于桂城街道。,50
TOWN_桂城街道,桂城街道,镇街,tourism,南海区七镇街之一，文旅资源分布的重要空间单元。,90
TOWN_九江镇,九江镇,镇街,tourism,南海区七镇街之一，文旅资源分布的重要空间单元。,90
TOWN_丹灶镇,丹灶镇,镇街,tourism,南海区七镇街之一，文旅资源分布的重要空间单元。,90
TOWN_狮山镇,狮山镇,镇街,tourism,南海区七镇街之一，文旅资源分布的重要空间单元。,90
TOWN_大沥镇,大沥镇,镇街,tourism,南海区七镇街之一，文旅资源分布的重要空间单元。,90
TOWN_里水镇,里水镇,镇街,tourism,南海区七镇街之一，文旅资源分布的重要空间单元。,90
