source,target,relation,weight
云泉仙馆,西樵镇,位于,1.5
康有为故居,丹灶镇,位于,1.5
崔氏大宗祠,九江镇,位于,1.5
九江双蒸酒酿制技艺,九江镇,位于,1.5
金箔锻造技艺,狮山镇,位于,1.5
九江煎堆制作技艺,九江镇,位于,1.5
西樵传统缫丝技艺,西樵镇,位于,1.5
南海竹编,西樵镇,位于,1.5
西樵大饼制作技艺,西樵镇,位于,1.5
香云纱（坯纱）织造技艺,西樵镇,位于,1.5
广式家具制作技艺,桂城街道,位于,1.5
"平洲传统玉器
制作技艺",桂城街道,位于,1.5
唢呐制作技艺,桂城街道,位于,1.5
佛鹤狮头制作,狮山镇,位于,1.5
里水毛巾织造技艺,里水镇,位于,1.5
南海醒狮（采青技艺）,西樵镇,位于,1.5
花灯制作技艺,狮山镇,位于,1.5
南海广式旺阁酱油酿造技艺,西樵镇,位于,1.5
庙会（大仙诞庙会）,西樵镇,位于,1.5
龙舟说唱（南海）,丹灶镇,位于,1.5
烧番塔(松塘),西樵镇,位于,1.5
南海农谚,西樵镇,位于,1.5
西樵山传说,西樵镇,位于,1.5
简村北帝庙会,西樵镇,位于,1.5
松塘村孔子诞,西樵镇,位于,1.5
松塘村“出色”巡游,西樵镇,位于,1.5
大头佛（民乐大头佛）,西樵镇,位于,1.5
西樵白眉武术,西樵镇,位于,1.5
赤坎盲公话,丹灶镇,位于,1.5
西联村神诞,丹灶镇,位于,1.5
传统龙舟（丹灶扒龙舟）,丹灶镇,位于,1.5
丹灶葛洪炼丹传说,丹灶镇,位于,1.5
烧番塔(仙岗),丹灶镇,位于,1.5
大头佛,九江镇,位于,1.5
赛龙舟（九江传统龙舟）,九江镇,位于,1.5
九江灯谜,九江镇,位于,1.5
九江传统鱼花技艺,九江镇,位于,1.5
周家拳,九江镇,位于,1.5
华岳心意六合八法拳,九江镇,位于,1.5
仙岗村古井(蟹泉仙井),丹灶镇,位于,1.5
西城圩市建筑群,丹灶镇,位于,1.5
大岗民居,丹灶镇,位于,1.5
苏州银河,丹灶镇,位于,1.5
塱心码头,西樵镇,位于,1.5
松塘月池及古祠堂群,西樵镇,位于,1.5
民乐圩市建筑群/民乐窦,西樵镇,位于,1.5
西樵山天湖,西樵镇,位于,1.5
禄舟村古街巷,西樵镇,位于,1.5
金花庙,西樵镇,位于,1.5
渔耕粤韵桑基鱼塘,西樵镇,位于,1.5
朝山红楼,西樵镇,位于,1.5
烟桥村古桥,九江镇,位于,1.5
风水百足桥,九江镇,位于,1.5
河清码头,九江镇,位于,1.5
红棉公园民国建筑群,九江镇,位于,1.5
岑局楼,九江镇,位于,1.5
中西郑家大院,九江镇,位于,1.5
平沙岛,西樵镇,位于,1.5
西樵镇,西樵镇,位于,1.5
恒德徐公祠,祖盛徐公祠,对应景点,2.0
大谷市,大谷天后宫,对应景点,2.0
佛子庙镇头遗址,宝莲寺,对应景点,2.0
佛鹤狮头制作,石碣朗枝岗健身公园,对应景点,2.0
松塘汇川家塾,迎宾广场,对应景点,2.0
松塘见五大夫祠,迎宾广场,对应景点,2.0
区梦觉故居,迎宾广场,对应景点,2.0
松塘太史第,迎宾广场,对应景点,2.0
松塘六世祖祠,迎宾广场,对应景点,2.0
松塘区氏宗祠,迎宾广场,对应景点,2.0
松塘司马第,迎宾广场,对应景点,2.0
沙基圩,迎宾广场,对应景点,2.0
松塘村“出色”巡游,迎宾广场,对应景点,2.0
松塘村孔子诞,迎宾广场,对应景点,2.0
松塘翘秀园,迎宾广场,对应景点,2.0
松塘甘井,迎宾广场,对应景点,2.0
松塘培元书舍,迎宾广场,对应景点,2.0
松塘塘西六世祖祠,迎宾广场,对应景点,2.0
西樵传统缫丝技艺,河滨公园,对应景点,2.0
奎光楼,西樵山风景名胜区-樵园公园,对应景点,2.0
白云古寺,西樵山风景名胜区-樵园公园,对应景点,2.0
白云洞摩崖石刻,西樵山风景名胜区-樵园公园,对应景点,2.0
字祖庙,西樵山风景名胜区-樵园公园,对应景点,2.0
第弌洞天牌坊,西樵山风景名胜区-樵园公园,对应景点,2.0
湖山胜迹门楼,西樵山风景名胜区-樵园公园,对应景点,2.0
象林塔,西樵山风景名胜区-樵园公园,对应景点,2.0
云泉仙馆,西樵山风景名胜区-樵园公园,对应景点,2.0
小云亭,西樵山风景名胜区-樵园公园,对应景点,2.0
枕流亭,西樵山风景名胜区-樵园公园,对应景点,2.0
白云洞摩崖石刻,茶花园,对应景点,2.0
第弌洞天牌坊,茶花园,对应景点,2.0
字祖庙,茶花园,对应景点,2.0
湖山胜迹门楼,茶花园,对应景点,2.0
白云古寺,茶花园,对应景点,2.0
奎光楼,茶花园,对应景点,2.0
云泉仙馆,茶花园,对应景点,2.0
象林塔,茶花园,对应景点,2.0
小云亭,茶花园,对应景点,2.0
枕流亭,茶花园,对应景点,2.0
光分亭,茶花园,对应景点,2.0
西樵山天湖,天湖公园,对应景点,2.0
枕流亭,天湖公园,对应景点,2.0
小云亭,天湖公园,对应景点,2.0
云泉仙馆,天湖公园,对应景点,2.0
湖山胜迹门楼,天湖公园,对应景点,2.0
崔氏大宗祠,沙头文体公园,对应景点,2.0
广式家具制作技艺,夏南二荷花广场,对应景点,2.0
广式家具制作技艺,夏南二公园,对应景点,2.0
西樵镇,树蛙攀岩公园,对应景点,2.0
沙口圩,沙口公园,对应景点,2.0
破排角遗址,沙口公园,对应景点,2.0
恒德徐公祠,八甲公园,对应景点,2.0
佛鹤狮头制作,东华娱乐公园,对应景点,2.0
慈悲宫牌坊,探花公园,对应景点,2.0
大伸市,探花公园,对应景点,2.0
华岳心意六合八法拳,探花公园,对应景点,2.0
三元桥,红棉公园,对应景点,2.0
九江圩,红棉公园,对应景点,2.0
九江吴家大院,红棉公园,对应景点,2.0
红棉公园民国建筑群,红棉公园,对应景点,2.0
大头佛,红棉公园,对应景点,2.0
"平洲传统玉器
制作技艺",党建公园,对应景点,2.0
大谷市,太清宫,对应景点,2.0
九江吴家大院,吴家大院,对应景点,2.0
大头佛,吴家大院,对应景点,2.0
三元桥,吴家大院,对应景点,2.0
奎光楼,西樵山-听音湖,对应景点,2.0
白云古寺,西樵山-听音湖,对应景点,2.0
字祖庙,西樵山-听音湖,对应景点,2.0
白云洞摩崖石刻,西樵山-听音湖,对应景点,2.0
第弌洞天牌坊,西樵山-听音湖,对应景点,2.0
湖山胜迹门楼,西樵山-听音湖,对应景点,2.0
象林塔,西樵山-听音湖,对应景点,2.0
云泉仙馆,西樵山-听音湖,对应景点,2.0
小云亭,西樵山-听音湖,对应景点,2.0
光分亭,白云洞风景区,对应景点,2.0
象林塔,白云洞风景区,对应景点,2.0
奎光楼,白云洞风景区,对应景点,2.0
白云古寺,白云洞风景区,对应景点,2.0
字祖庙,白云洞风景区,对应景点,2.0
第弌洞天牌坊,白云洞风景区,对应景点,2.0
白云洞摩崖石刻,白云洞风景区,对应景点,2.0
枕流亭,白云洞风景区,对应景点,2.0
湖山胜迹门楼,白云洞风景区,对应景点,2.0
云泉仙馆,白云洞风景区,对应景点,2.0
小云亭,白云洞风景区,对应景点,2.0
南海农谚,西樵山风景名胜区,对应景点,2.0
西樵山无叶井,西樵山南海观音,对应景点,2.0
敦义崇礼碉楼,西樵山南海观音,对应景点,2.0
傅老榕旧居,西樵山南海观音,对应景点,2.0
宝峰胜处摩崖石刻,西樵山南海观音,对应景点,2.0
翠岩摩崖石刻,西樵山南海观音,对应景点,2.0
佛鹤狮头制作,孙氏宗祠,对应景点,2.0
大桐圩,西樵戴氏大宗祠,对应景点,2.0
南海醒狮（采青技艺）,何氏宗祠,对应景点,2.0
字祖庙,西樵山风景名胜区-观音庙,对应景点,2.0
白云古寺,西樵山风景名胜区-观音庙,对应景点,2.0
第弌洞天牌坊,西樵山风景名胜区-观音庙,对应景点,2.0
奎光楼,西樵山风景名胜区-观音庙,对应景点,2.0
白云洞摩崖石刻,西樵山风景名胜区-观音庙,对应景点,2.0
象林塔,西樵山风景名胜区-观音庙,对应景点,2.0
湖山胜迹门楼,西樵山风景名胜区-观音庙,对应景点,2.0
云泉仙馆,西樵山风景名胜区-观音庙,对应景点,2.0
枕流亭,西樵山风景名胜区-观音庙,对应景点,2.0
小云亭,西樵山风景名胜区-观音庙,对应景点,2.0
光分亭,西樵山风景名胜区-观音庙,对应景点,2.0
太平圩,李氏宗祠(太平圩),对应景点,2.0
百西潘氏大宗祠,村头村潘氏大宗祠,对应景点,2.0
西樵镇百西村,村头村潘氏大宗祠,对应景点,2.0
吉水窦,佛子庙,对应景点,2.0
罗行圩,基督教罗行堂,对应景点,2.0
李卓峰墓,天主堂,对应景点,2.0
广式家具制作技艺,和光合堂,对应景点,2.0
九江吴家大院,九江侨乡博物馆,对应景点,2.0
大头佛,九江侨乡博物馆,对应景点,2.0
三元桥,九江侨乡博物馆,对应景点,2.0
庙会（大仙诞庙会）,佛山活体昆虫博物馆,对应景点,2.0
西樵山传说,佛山活体昆虫博物馆,对应景点,2.0
绮亭陈公祠,佛山活体昆虫博物馆,对应景点,2.0
西樵白眉武术,佛山活体昆虫博物馆,对应景点,2.0
康有为故居,康有为博物馆,对应景点,2.0
九江吴家大院,卓弘艺术空间,对应景点,2.0
三元桥,卓弘艺术空间,对应景点,2.0
松塘汇川家塾,佛山市南海区福厚博物馆,对应景点,2.0
松塘见五大夫祠,佛山市南海区福厚博物馆,对应景点,2.0
区梦觉故居,佛山市南海区福厚博物馆,对应景点,2.0
松塘六世祖祠,佛山市南海区福厚博物馆,对应景点,2.0
松塘区氏宗祠,佛山市南海区福厚博物馆,对应景点,2.0
松塘司马第,佛山市南海区福厚博物馆,对应景点,2.0
松塘太史第,佛山市南海区福厚博物馆,对应景点,2.0
沙基圩,佛山市南海区福厚博物馆,对应景点,2.0
松塘村“出色”巡游,佛山市南海区福厚博物馆,对应景点,2.0
松塘村孔子诞,佛山市南海区福厚博物馆,对应景点,2.0
松塘翘秀园,佛山市南海区福厚博物馆,对应景点,2.0
松塘甘井,佛山市南海区福厚博物馆,对应景点,2.0
松塘培元书舍,佛山市南海区福厚博物馆,对应景点,2.0
赛龙舟（九江传统龙舟）,玄憬龙博物馆(暂停开放),对应景点,2.0
九江传统鱼花技艺,玄憬龙博物馆(暂停开放),对应景点,2.0
周家拳,玄憬龙博物馆(暂停开放),对应景点,2.0
九江煎堆制作技艺,玄憬龙博物馆(暂停开放),对应景点,2.0
富贤遗址,南山艺术馆,对应景点,2.0
罗行圩,南海区丹灶镇罗行村史馆,对应景点,2.0
阴骘井,仙岗村村史馆,对应景点,2.0
仙迹丹泉,仙岗村村史馆,对应景点,2.0
仙岗市,仙岗村村史馆,对应景点,2.0
仙岗村古井(蟹泉仙井),仙岗村村史馆,对应景点,2.0
九江圩,儒林历史文化陈列馆,对应景点,2.0
红棉公园民国建筑群,儒林历史文化陈列馆,对应景点,2.0
三元桥,儒林历史文化陈列馆,对应景点,2.0
贞烈牌坊,康有为书法艺术院,对应景点,2.0
通心岗遗址,良登村史馆,对应景点,2.0
绮亭陈公祠,简村社区村史馆,对应景点,2.0
庙会（大仙诞庙会）,简村社区村史馆,对应景点,2.0
西樵白眉武术,简村社区村史馆,对应景点,2.0
西樵山传说,简村社区村史馆,对应景点,2.0
光分亭,樵山文化中心,对应景点,2.0
象林塔,樵山文化中心,对应景点,2.0
奎光楼,樵山文化中心,对应景点,2.0
白云古寺,樵山文化中心,对应景点,2.0
字祖庙,樵山文化中心,对应景点,2.0
第弌洞天牌坊,樵山文化中心,对应景点,2.0
阴骘井,陈洲亲子美术馆,对应景点,2.0
仙迹丹泉,陈洲亲子美术馆,对应景点,2.0
仙岗市,陈洲亲子美术馆,对应景点,2.0
仙岗村古井(蟹泉仙井),陈洲亲子美术馆,对应景点,2.0
罗行圩,读书驿站(丹灶目闻阅野集站),对应景点,2.0
铁屎墩冶炼遗址,读书驿站(西樵百西社区站),对应景点,2.0
西樵镇百西村,读书驿站(西樵百西社区站),对应景点,2.0
鱿鱼岗遗址,读书驿站(西樵百西社区站),对应景点,2.0
龙舟说唱（南海）,广东环境保护工程职业学院图书馆,对应景点,2.0
赤坎盲公话,广东环境保护工程职业学院图书馆,对应景点,2.0
烧番塔(仙岗),广东环境保护工程职业学院图书馆,对应景点,2.0
大桐圩,读书驿站(西樵七星站),对应景点,2.0
九江吴家大院,九江自助图书馆(儒林东路)(暂停营业),对应景点,2.0
大头佛,九江自助图书馆(儒林东路)(暂停营业),对应景点,2.0
三元桥,九江自助图书馆(儒林东路)(暂停营业),对应景点,2.0
西樵镇,读书驿站(西樵登山大道站),对应景点,2.0
三元桥,读书驿站(九江儒林社区站),对应景点,2.0
九江吴家大院,读书驿站(九江儒林社区站),对应景点,2.0
九江圩,读书驿站(九江儒林社区站),对应景点,2.0
红棉公园民国建筑群,读书驿站(九江儒林社区站),对应景点,2.0
民乐市,读书驿站(西樵樵乐社区站),对应景点,2.0
民乐圩市建筑群/民乐窦,读书驿站(西樵樵乐社区站),对应景点,2.0
大头佛（民乐大头佛）,读书驿站(西樵樵乐社区站),对应景点,2.0
冯夏威墓,读书驿站(西樵文化中心站)(暂停营业),对应景点,2.0
官山圩,读书驿站(西樵文化中心站)(暂停营业),对应景点,2.0
龙母庙,读书驿站(西樵文化中心站)(暂停营业),对应景点,2.0
三元桥,读书驿站(九江中心小学站),对应景点,2.0
李卓峰墓,读书驿站(九江中心小学站),对应景点,2.0
火石迳遗址,读书驿站(西樵樵晖新城站),对应景点,2.0
三元桥,佛山九江小牛顿科学馆(渔具路),对应景点,2.0
九江吴家大院,佛山九江小牛顿科学馆(渔具路),对应景点,2.0
赤坎盲公话,广东环境保护工程职业学院,对应景点,2.0
丹灶葛洪炼丹传说,广东环境保护工程职业学院,对应景点,2.0
烧番塔(仙岗),广东环境保护工程职业学院,对应景点,2.0
龙舟说唱（南海）,广东环境保护工程职业学院,对应景点,2.0
西联村神诞,广东环境保护工程职业学院,对应景点,2.0
传统龙舟（丹灶扒龙舟）,广东环境保护工程职业学院,对应景点,2.0
丹灶镇仙岗村,南海实验学校,对应景点,2.0
仙岗市,南海实验学校,对应景点,2.0
上东岑局楼,九江上东小学,对应景点,2.0
岑局楼,九江上东小学,对应景点,2.0
官山圩,南海农商银行(西樵支行),对应景点,2.0
冯夏威墓,南海农商银行(西樵支行),对应景点,2.0
龙母庙,南海农商银行(西樵支行),对应景点,2.0
西樵山天湖,西樵山森吧飞越树上探险乐园,对应景点,2.0
禄舟万寿堂,黄飞鸿狮艺武术馆,对应景点,2.0
锦岩遗址,西樵山桃花源农家乐,对应景点,2.0
李子长墓,西樵山桃花源农家乐,对应景点,2.0
霍韬夫人墓,西樵山桃花源农家乐,对应景点,2.0
四峰书院遗址,西樵山桃花源农家乐,对应景点,2.0
唢呐制作技艺,煲仔正·老广州煲仔饭(佛山金铂中心店),对应景点,2.0
烟桥何氏大宗祠,烟南古村,对应景点,2.0
烟桥村古桥,烟南古村,对应景点,2.0
西樵山百步云梯,西樵镇-醒狮之乡,对应景点,2.0
冯夏威墓,西樵镇-醒狮之乡,对应景点,2.0
西樵山抗日阵亡将士暨死难同胞纪念碑,西樵镇-醒狮之乡,对应景点,2.0
官山圩,西樵镇-醒狮之乡,对应景点,2.0
烟桥何氏大宗祠,烟桥古村,对应景点,2.0
烟桥村古桥,烟桥古村,对应景点,2.0
大谷市,大谷余氏宗祠,对应景点,2.0
傅氏宗祠,傅氏宗祠,对应景点,2.0
傅氏山庄南门,傅氏宗祠,对应景点,2.0
敦义崇礼碉楼,傅氏宗祠,对应景点,2.0
傅老榕旧居,傅氏宗祠,对应景点,2.0
西樵山无叶井,傅氏宗祠,对应景点,2.0
宝峰胜处摩崖石刻,傅氏宗祠,对应景点,2.0
翠岩摩崖石刻,傅氏宗祠,对应景点,2.0
烟桥村古桥,烟南南水村吴氏宗祠,对应景点,2.0
烟桥何氏大宗祠,烟南南水村吴氏宗祠,对应景点,2.0
东联吴氏大宗祠,吴氏宗祠,对应景点,2.0
九江煎堆制作技艺,九江镇新龙村关氏宗祠,对应景点,2.0
赛龙舟（九江传统龙舟）,九江镇新龙村关氏宗祠,对应景点,2.0
九江传统鱼花技艺,九江镇新龙村关氏宗祠,对应景点,2.0
周家拳,九江镇新龙村关氏宗祠,对应景点,2.0
西樵山蟹眼泉,西樵山宝峰寺,对应景点,2.0
宝峰胜处摩崖石刻,西樵山宝峰寺,对应景点,2.0
翠岩摩崖石刻,西樵山宝峰寺,对应景点,2.0
西樵山无叶井,西樵山宝峰寺,对应景点,2.0
敦义崇礼碉楼,西樵山宝峰寺,对应景点,2.0
傅老榕旧居,西樵山宝峰寺,对应景点,2.0
唢呐制作技艺,石肯华光庙,对应景点,2.0
祖盛徐公祠,狮山镇,位于,1.0
大谷天后宫,九江镇,位于,1.0
宝莲寺,西樵镇,位于,1.0
石碣朗枝岗健身公园,大沥镇,位于,1.0
迎宾广场,西樵镇,位于,1.0
河滨公园,西樵镇,位于,1.0
西樵山风景名胜区-樵园公园,西樵镇,位于,1.0
茶花园,西樵镇,位于,1.0
天湖公园,西樵镇,位于,1.0
沙头文体公园,丹灶镇,位于,1.0
夏南二荷花广场,桂城街道,位于,1.0
夏南二公园,桂城街道,位于,1.0
树蛙攀岩公园,西樵镇,位于,1.0
沙口公园,九江镇,位于,1.0
八甲公园,丹灶镇,位于,1.0
东华娱乐公园,大沥镇,位于,1.0
探花公园,九江镇,位于,1.0
红棉公园,丹灶镇,位于,1.0
党建公园,桂城街道,位于,1.0
太清宫,九江镇,位于,1.0
吴家大院,九江镇,位于,1.0
西樵山-听音湖,西樵镇,位于,1.0
白云洞风景区,西樵镇,位于,1.0
西樵山风景名胜区,西樵镇,位于,1.0
西樵山南海观音,西樵镇,位于,1.0
孙氏宗祠,狮山镇,位于,1.0
西樵戴氏大宗祠,西樵镇,位于,1.0
何氏宗祠,西樵镇,位于,1.0
西樵山风景名胜区-观音庙,西樵镇,位于,1.0
李氏宗祠(太平圩),西樵镇,位于,1.0
村头村潘氏大宗祠,丹灶镇,位于,1.0
佛子庙,西樵镇,位于,1.0
基督教罗行堂,丹灶镇,位于,1.0
天主堂,丹灶镇,位于,1.0
和光合堂,桂城街道,位于,1.0
九江侨乡博物馆,九江镇,位于,1.0
佛山活体昆虫博物馆,西樵镇,位于,1.0
康有为博物馆,丹灶镇,位于,1.0
卓弘艺术空间,丹灶镇,位于,1.0
佛山市南海区福厚博物馆,丹灶镇,位于,1.0
玄憬龙博物馆(暂停开放),九江镇,位于,1.0
南山艺术馆,西樵镇,位于,1.0
南海区丹灶镇罗行村史馆,丹灶镇,位于,1.0
仙岗村村史馆,丹灶镇,位于,1.0
儒林历史文化陈列馆,丹灶镇,位于,1.0
康有为书法艺术院,丹灶镇,位于,1.0
良登村史馆,丹灶镇,位于,1.0
简村社区村史馆,狮山镇,位于,1.0
樵山文化中心,西樵镇,位于,1.0
陈洲亲子美术馆,丹灶镇,位于,1.0
读书驿站(丹灶目闻阅野集站),丹灶镇,位于,1.0
读书驿站(西樵百西社区站),西樵镇,位于,1.0
广东环境保护工程职业学院图书馆,丹灶镇,位于,1.0
读书驿站(西樵七星站),西樵镇,位于,1.0
九江自助图书馆(儒林东路)(暂停营业),九江镇,位于,1.0
读书驿站(西樵登山大道站),西樵镇,位于,1.0
读书驿站(九江儒林社区站),九江镇,位于,1.0
读书驿站(西樵樵乐社区站),西樵镇,位于,1.0
读书驿站(西樵文化中心站)(暂停营业),西樵镇,位于,1.0
读书驿站(九江中心小学站),九江镇,位于,1.0
读书驿站(西樵樵晖新城站),西樵镇,位于,1.0
佛山九江小牛顿科学馆(渔具路),九江镇,位于,1.0
广东环境保护工程职业学院,丹灶镇,位于,1.0
南海实验学校,丹灶镇,位于,1.0
九江上东小学,九江镇,位于,1.0
南海农商银行(西樵支行),西樵镇,位于,1.0
西樵山森吧飞越树上探险乐园,西樵镇,位于,1.0
黄飞鸿狮艺武术馆,西樵镇,位于,1.0
西樵山桃花源农家乐,西樵镇,位于,1.0
煲仔正·老广州煲仔饭(佛山金铂中心店),桂城街道,位于,1.0
烟南古村,西樵镇,位于,1.0
西樵镇-醒狮之乡,西樵镇,位于,1.0
烟桥古村,九江镇,位于,1.0
大谷余氏宗祠,丹灶镇,位于,1.0
傅氏宗祠,丹灶镇,位于,1.0
烟南南水村吴氏宗祠,西樵镇,位于,1.0
吴氏宗祠,狮山镇,位于,1.0
九江镇新龙村关氏宗祠,九江镇,位于,1.0
西樵山宝峰寺,西樵镇,位于,1.0
石肯华光庙,桂城街道,位于,1.0
五斗水闸牌坊,桂城街道,位于,1.0
银坑村祠堂(乡约),西樵镇,位于,1.0
拱北公园,里水镇,位于,1.0
恒大御景半岛钟楼,里水镇,位于,1.0
大德社区活动公园,桂城街道,位于,1.0
马大将军庙,桂城街道,位于,1.0
真成周公祠,里水镇,位于,1.0
基督教里水堂,里水镇,位于,1.0
大沥公园,大沥镇,位于,1.0
胡氏宗祠,里水镇,位于,1.0
罗城三眼井,里水镇,位于,1.0
慕道马公祠,里水镇,位于,1.0
寨边五队李氏宗祠,狮山镇,位于,1.0
潘氏宗祠,里水镇,位于,1.0
茶基三圣宫,桂城街道,位于,1.0
芦溪公园,狮山镇,位于,1.0
观音古庙,西樵镇,位于,1.0
和桂文化广场,里水镇,位于,1.0
刘氏宗祠,大沥镇,位于,1.0
大藤水岸公园,狮山镇,位于,1.0
南海,南海县,共现关联,3.0
佛山,佛山市,共现关联,3.0
佛山,南海,共现关联,3.0
南海,广东,共现关联,3.0
南海,广州,共现关联,3.0
南海,南海市,共现关联,3.0
佛山,广东,共现关联,3.0
佛山,广州,共现关联,3.0
广州,广州市,共现关联,3.0
九江,先生,共现关联,3.0
十年,年代,共现关联,3.0
佛山,民国,共现关联,3.0
广东,广州,共现关联,3.0
书馆,图书馆,共现关联,3.0
九江,南海,共现关联,3.0
先生,石景宜,共现关联,3.0
先生,南海,共现关联,3.0
九江,龙舟,共现关联,3.0
南海,文艺,共现关联,3.0
南海,龙舟,共现关联,3.0
佛山,祖庙,共现关联,3.0
佛山,南海县,共现关联,3.0
书馆,南海,共现关联,3.0
先生,孙中山,共现关联,3.0
光绪,康有为,共现关联,3.0
詹天佑,铁路,共现关联,3.0
南海,龙狮,共现关联,3.0
佛山,城区,共现关联,3.0
南海县,广东,共现关联,3.0
书画,南海,共现关联,3.0
佛山,佛市,共现关联,3.0
康有为,梁启超,共现关联,3.0
佛山,城市,共现关联,3.0
佛山市,南海,共现关联,3.0
二年,光绪,共现关联,3.0
南海,民国,共现关联,3.0
南海,武术,共现关联,3.0
南海,古村,共现关联,3.0
光绪,四年,共现关联,3.0
南海,康有为,共现关联,3.0
南海,珠江,共现关联,3.0
三年,光绪,共现关联,3.0
南海,周年,共现关联,3.0
岭南,广东,共现关联,3.0
南海县,广州,共现关联,3.0
乾隆,佛山,共现关联,3.0
佛山,珠江,共现关联,3.0
佛山,岭南,共现关联,3.0
丝织,南海,共现关联,3.0
南海市,广东,共现关联,3.0
佛山,道光,共现关联,3.0
佛山,工艺,共现关联,3.0
先生,康有为,共现关联,3.0
九江,九江镇,共现关联,3.0
佛山,粤剧,共现关联,3.0
一年,光绪,共现关联,3.0
佛山市,广东,共现关联,3.0
南海,平洲,共现关联,3.0
南海,粤剧,共现关联,3.0
光绪,十年,共现关联,3.0
南海,岭南,共现关联,3.0
佛山,文艺,共现关联,3.0
佛山,明代,共现关联,3.0
南海,纺织,共现关联,3.0
广东,绘画,共现关联,3.0
五年,南海,共现关联,3.0
二年,南海,共现关联,3.0
佛山,年代,共现关联,3.0
广东,民国,共现关联,3.0
先生,广东,共现关联,3.0
广东,珠江,共现关联,3.0
五年,光绪,共现关联,3.0
七年,光绪,共现关联,3.0
南海,图书馆,共现关联,3.0
古村,龙狮,共现关联,3.0
先生,广州,共现关联,3.0
广东,文艺,共现关联,3.0
佛山,现代,共现关联,3.0
佛山,清代,共现关联,3.0
书馆,广东,共现关联,3.0
光绪,进士,共现关联,3.0
十年,南海,共现关联,3.0
南海,西樵山,共现关联,3.0
岭南,广州,共现关联,3.0
广东,铁路,共现关联,3.0
二年,同治,共现关联,3.0
佛山,绘画,共现关联,3.0
康有为,草堂,共现关联,3.0
南海,年代,共现关联,3.0
农村,南海,共现关联,3.0
丝织,民乐,共现关联,3.0
佛山,年间,共现关联,3.0
广东,粤剧,共现关联,3.0
国画,广东,共现关联,3.0
书画,广东,共现关联,3.0
广州,青年,共现关联,3.0
光绪,年间,共现关联,3.0
佛山,郊区,共现关联,3.0
佛山,农村,共现关联,3.0
三年,南海,共现关联,3.0
广州,民国,共现关联,3.0
书画,先生,共现关联,3.0
南海,城区,共现关联,3.0
佛山市,南海县,共现关联,3.0
佛山,公路,共现关联,3.0
七年,南海,共现关联,3.0
广州,珠江,共现关联,3.0
佛山,光绪,共现关联,3.0
南海,年间,共现关联,3.0
广州,粤剧,共现关联,3.0
粤剧,青年,共现关联,3.0
佛山,医院,共现关联,3.0
南海县,民国,共现关联,3.0
南海,罗村,共现关联,3.0
广州,康有为,共现关联,3.0
官山,官山圩,共现关联,3.0
九江,佛山,共现关联,3.0
孙中山,广州,共现关联,3.0
三年,佛山,共现关联,3.0
书画,佛山,共现关联,3.0
光绪,八年,共现关联,3.0
书馆,南海县,共现关联,3.0
广州,龙舟,共现关联,3.0
十年,道光,共现关联,3.0
佛山,范围,共现关联,3.0
南海,盐步,共现关联,3.0
佛山,青年,共现关联,3.0
南海,青年,共现关联,3.0
六年,民国,共现关联,3.0
八年,南海,共现关联,3.0
南海,四年,共现关联,3.0
三年,同治,共现关联,3.0
广东,近代,共现关联,3.0
周年,广东,共现关联,3.0
康有为,近代,共现关联,3.0
先生,周年,共现关联,3.0
举人,进士,共现关联,3.0
九江,康有为,共现关联,3.0
广州,文艺,共现关联,3.0
南海,范围,共现关联,3.0
佛山,四年,共现关联,3.0
光绪,六年,共现关联,3.0
八年,广东,共现关联,3.0
佛山,陶瓷,共现关联,3.0
九江,广州,共现关联,3.0
广州,铁路,共现关联,3.0
一年,南海,共现关联,3.0
书馆,佛山,共现关联,3.0
广东,明代,共现关联,3.0
佛山,纺织,共现关联,3.0
光绪,南海,共现关联,3.0
九江,平洲,共现关联,3.0
官山,民乐,共现关联,3.0
广东,现代,共现关联,3.0
广东,青年,共现关联,3.0
佛山,武术,共现关联,3.0
南海,官山,共现关联,3.0
书画,石景宜,共现关联,3.0
广东,康有为,共现关联,3.0
南海,歌曲,共现关联,3.0
康有为,朱次琦,共现关联,3.0
佛山,先生,共现关联,3.0
农村,文艺,共现关联,3.0
佛山,木雕,共现关联,3.0
元年,民国,共现关联,3.0
佛山,铁路,共现关联,3.0
乾隆,年间,共现关联,3.0
七年,民国,共现关联,3.0
南海,工艺,共现关联,3.0
先生,南海县,共现关联,3.0
二年,佛山,共现关联,3.0
书院,广州,共现关联,3.0
岭南,绘画,共现关联,3.0
十年,年间,共现关联,3.0
举人,道光,共现关联,3.0
九江,广东,共现关联,3.0
乡村,南海,共现关联,3.0
周年,文艺,共现关联,3.0
南海,当年,共现关联,3.0
四年,民国,共现关联,3.0
南海,同治,共现关联,3.0
四年,道光,共现关联,3.0
五年,佛山,共现关联,3.0
五年,广州,共现关联,3.0
年间,道光,共现关联,3.0
广东,广州市,共现关联,3.0
工艺,广东,共现关联,3.0
广东,武术,共现关联,3.0
南海,民乐,共现关联,3.0
南海县,粤剧,共现关联,3.0
书馆,南海市,共现关联,3.0
书馆,先生,共现关联,3.0
康有为,康有为故居,共现关联,3.0
武术,黄飞鸿,共现关联,3.0
九江,西江,共现关联,3.0
南海,黄飞鸿,共现关联,3.0
佛山,十年,共现关联,3.0
年代,广东,共现关联,3.0
光绪,广州,共现关联,3.0
佛市,南海,共现关联,3.0
南海,和顺,共现关联,3.0
二年,南海县,共现关联,3.0
珠江,龙舟,共现关联,3.0
康有为,晚年,共现关联,3.0
南海,詹天佑,共现关联,3.0
十年,黄飞鸿,共现关联,3.0
六年,道光,共现关联,3.0
八年,道光,共现关联,3.0
七年,道光,共现关联,3.0
文艺,粤剧,共现关联,3.0
农村,广东,共现关联,3.0
佛山,博物馆,共现关联,3.0
佛山,祠堂,共现关联,3.0
七年,佛山,共现关联,3.0
十年,广东,共现关联,3.0
七年,广州,共现关联,3.0
二年,进士,共现关联,3.0
南海,国画,共现关联,3.0
周年,康有为,共现关联,3.0
五年,道光,共现关联,3.0
五年,六年,共现关联,3.0
北江,西江,共现关联,3.0
佛山,八年,共现关联,3.0
书院,佛山,共现关联,3.0
佛山市,佛市,共现关联,3.0
南海,城市,共现关联,3.0
书画,广州,共现关联,3.0
三年,民国,共现关联,3.0
三年,四年,共现关联,3.0
三年,二年,共现关联,3.0
明代,清代,共现关联,3.0
国画,岭南,共现关联,3.0
二年,广州,共现关联,3.0
南海,时代,共现关联,3.0
广东,纺织,共现关联,3.0
南海县,康有为,共现关联,3.0
南海,博物馆,共现关联,3.0
和顺,官窑,共现关联,3.0
元年,南海,共现关联,3.0
广东,清代,共现关联,3.0
光绪,广东,共现关联,3.0
七年,进士,共现关联,3.0
图书馆,广东,共现关联,3.0
广东,龙舟,共现关联,3.0
先生,朱次琦,共现关联,3.0
尚书,戴鸿慈,共现关联,3.0
一年,同治,共现关联,3.0
南海,道光,共现关联,3.0
二年,道光,共现关联,3.0
一年,二年,共现关联,3.0
乾隆,南海,共现关联,3.0
博物馆,广东,共现关联,3.0
一年,佛山,共现关联,3.0
书馆,广州,共现关联,3.0
九江,草堂,共现关联,3.0
先生,岭南,共现关联,3.0
广州,绘画,共现关联,3.0
进士,道光,共现关联,3.0
国画,绘画,共现关联,3.0
南海县,文艺,共现关联,3.0
南海,近代,共现关联,3.0
南海县,纺织,共现关联,3.0
八年,广州,共现关联,3.0
六年,南海,共现关联,3.0
武术,龙狮,共现关联,3.0
南海,官窑,共现关联,3.0
五年,民国,共现关联,3.0
八年,康有为,共现关联,3.0
先生,詹天佑,共现关联,3.0
广州,黄飞鸿,共现关联,3.0
元年,同治,共现关联,3.0
年间,广东,共现关联,3.0
四年,广州,共现关联,3.0
乡村,佛山,共现关联,3.0
三年,广州,共现关联,3.0
光绪,同治,共现关联,3.0
同治,广东,共现关联,3.0
同治,年间,共现关联,3.0
广州,当年,共现关联,3.0
广州,道光,共现关联,3.0
广东,道光,共现关联,3.0
佛山,平洲,共现关联,3.0
九江,盐步,共现关联,3.0
佛山,当年,共现关联,3.0
十年,广州,共现关联,3.0
民国,铁路,共现关联,3.0
南海,广州市,共现关联,3.0
南海市,文艺,共现关联,3.0
先生,图书馆,共现关联,3.0
南海,进士,共现关联,3.0
南海,陈启沅,共现关联,3.0
举人,光绪,共现关联,3.0
广州,石景宜,共现关联,3.0
博物馆,戴鸿慈,共现关联,3.0
七年,六年,共现关联,3.0
佛山,元年,共现关联,3.0
二年,五年,共现关联,3.0
城市,广州,共现关联,3.0
书馆,佛山市,共现关联,3.0
三年,广东,共现关联,3.0
年间,民国,共现关联,3.0
书院,南海,共现关联,3.0
南海,现代,共现关联,3.0
南海,石景宜,共现关联,3.0
医院,广州,共现关联,3.0
现代,粤剧,共现关联,3.0
时代,青年,共现关联,3.0
南海,西江,共现关联,3.0
佛山市,郊区,共现关联,3.0
平洲,盐步,共现关联,3.0
七年,康有为,共现关联,3.0
南海县,西樵山,共现关联,3.0
南海,里水镇,共现关联,3.0
九江,南海县,共现关联,3.0
先生,我县,共现关联,3.0
先生,梁启超,共现关联,3.0
五年,同治,共现关联,3.0
先生,道光,共现关联,3.0
二年,八年,共现关联,3.0
二年,民国,共现关联,3.0
南海,明代,共现关联,3.0
南海,祠堂,共现关联,3.0
先生,光绪,共现关联,3.0
书画,岭南,共现关联,3.0
年代,广州,共现关联,3.0
一年,广州,共现关联,3.0
佛山,国画,共现关联,3.0
佛市,广东,共现关联,3.0
公路,南海,共现关联,3.0
南海县,珠江,共现关联,3.0
广州,草堂,共现关联,3.0
八年,民国,共现关联,3.0
书院,西樵山,共现关联,3.0
戴鸿慈,清朝,共现关联,3.0
六年,同治,共现关联,2.8
七年,同治,共现关联,2.8
一年,五年,共现关联,2.8
书馆,博物馆,共现关联,2.8
南海县,年间,共现关联,2.8
佛山,时代,共现关联,2.8
七年,先生,共现关联,2.8
南海,清代,共现关联,2.8
城市,现代,共现关联,2.8
医院,广东,共现关联,2.8
工艺,陶瓷,共现关联,2.8
医院,南海,共现关联,2.8
书馆,石景宜,共现关联,2.8
五年,广东,共现关联,2.8
五年,南海县,共现关联,2.8
三年,康有为,共现关联,2.8
一年,广东,共现关联,2.8
南海市,周年,共现关联,2.8
康有为,西樵山,共现关联,2.8
九江,朱次琦,共现关联,2.8
年代,黄飞鸿,共现关联,2.8
三年,道光,共现关联,2.6
乾隆,四年,共现关联,2.6
一年,道光,共现关联,2.6
九江,道光,共现关联,2.6
一年,三年,共现关联,2.6
佛山,北江,共现关联,2.6
十年,民国,共现关联,2.6
岭南,明代,共现关联,2.6
佛山,宗祠,共现关联,2.6
年间,清代,共现关联,2.6
书院,学堂,共现关联,2.6
岭南,珠江,共现关联,2.6
岭南,武术,共现关联,2.6
广东,西樵山,共现关联,2.6
举人,同治,共现关联,2.6
南海,绘画,共现关联,2.6
孙中山,广东,共现关联,2.6
孙中山,民国,共现关联,2.6
博物馆,广州,共现关联,2.6
佛山,技艺,共现关联,2.6
书画,绘画,共现关联,2.6
元年,广州,共现关联,2.6
光绪,清朝,共现关联,2.6
孙中山,铁路,共现关联,2.6
南海,多年,共现关联,2.6
先生,铁路,共现关联,2.6
孙中山,康有为,共现关联,2.6
城区,民乐,共现关联,2.6
丝织,南海县,共现关联,2.6
六年,广州,共现关联,2.6
图书馆,广州,共现关联,2.6
八年,南海县,共现关联,2.6
云泉仙馆,西樵山,共现关联,2.6
广东,詹天佑,共现关联,2.6
先生,黄飞鸿,共现关联,2.6
同治,道光,共现关联,2.4
元年,道光,共现关联,2.4
三年,五年,共现关联,2.4
乾隆,十年,共现关联,2.4
一年,七年,共现关联,2.4
七年,三年,共现关联,2.4
佛市,博物馆,共现关联,2.4
一年,南海县,共现关联,2.4
九江,书院,共现关联,2.4
学堂,广东,共现关联,2.4
丝织,佛山,共现关联,2.4
图书馆,石景宜,共现关联,2.4
文艺,歌曲,共现关联,2.4
同治,广州,共现关联,2.4
四年,广东,共现关联,2.4
光绪,道光,共现关联,2.4
公路,铁路,共现关联,2.4
丝织,纺织,共现关联,2.4
七年,八年,共现关联,2.4
北江,南海,共现关联,2.4
北江,广州,共现关联,2.4
官山,广州,共现关联,2.4
农村,广州,共现关联,2.4
官山,广东,共现关联,2.4
丝织,官山,共现关联,2.4
南海,清朝,共现关联,2.4
七年,南海县,共现关联,2.4
岭南,黄少强,共现关联,2.4
南海县,武术,共现关联,2.4
五年,纺织,共现关联,2.4
一年,康有为,共现关联,2.4
先生,南海市,共现关联,2.4
广东,黄飞鸿,共现关联,2.4
三年,九江,共现关联,2.2
二年,六年,共现关联,2.2
一年,十年,共现关联,2.2
佛山,进士,共现关联,2.2
民国,清代,共现关联,2.2
光绪,南海县,共现关联,2.2
四年,年间,共现关联,2.2
佛山市,广州,共现关联,2.2
九江,岭南,共现关联,2.2
年代,武术,共现关联,2.2
佛山,南海市,共现关联,2.2
广东,粤曲,共现关联,2.2
广州,武术,共现关联,2.2
年代,粤剧,共现关联,2.2
国画,广州,共现关联,2.2
城区,年代,共现关联,2.2
四年,进士,共现关联,2.2
三年,进士,共现关联,2.2
书院,道光,共现关联,2.2
南海县,平洲,共现关联,2.2
平洲,罗村,共现关联,2.2
五年,十年,共现关联,2.2
康有为,清朝,共现关联,2.2
书院,康有为,共现关联,2.2
九江,南海市,共现关联,2.2
农村,南海县,共现关联,2.2
九江,周年,共现关联,2.2
九江镇,南海,共现关联,2.2
康有为,时代,共现关联,2.2
九江,五年,共现关联,2.2
南海县,陈启沅,共现关联,2.2
年间,康有为,共现关联,2.2
广东,龙狮,共现关联,2.2
广东,陈启沅,共现关联,2.2
近代,陈启沅,共现关联,2.2
三年,十年,共现关联,2.2
三年,年间,共现关联,2.2
年间,清朝,共现关联,2.2
先生,十年,共现关联,2.2
南海,戴鸿慈,共现关联,2.2
光绪,戴鸿慈,共现关联,2.2
光绪,铁路,共现关联,2.2
同治,四年,共现关联,2.0
佛山,六年,共现关联,2.0
一年,八年,共现关联,2.0
十年,同治,共现关联,2.0
五年,四年,共现关联,2.0
广州,近代,共现关联,2.0
先生,年代,共现关联,2.0
光绪,清代,共现关联,2.0
年间,明代,共现关联,2.0
南海,祖庙,共现关联,2.0
尚书,进士,共现关联,2.0
佛山,石景宜,共现关联,2.0
先生,草堂,共现关联,2.0
六年,广东,共现关联,2.0
技艺,武术,共现关联,2.0
岭南,现代,共现关联,2.0
粤剧,粤曲,共现关联,2.0
工艺,现代,共现关联,2.0
时代,绘画,共现关联,2.0
七年,广东,共现关联,2.0
绘画,黄少强,共现关联,2.0
二年,广东,共现关联,2.0
十年,进士,共现关联,2.0
城市,广东,共现关联,2.0
十年,南海县,共现关联,2.0
佛山市,城区,共现关联,2.0
书院,年间,共现关联,2.0
先生,时代,共现关联,2.0
南海,大沥镇,共现关联,2.0
南海,粤曲,共现关联,2.0
九江,城区,共现关联,2.0
南海,梁启超,共现关联,2.0
南海县,图书馆,共现关联,2.0
和顺,平洲,共现关联,2.0
城区,官山,共现关联,2.0
举人,南海,共现关联,2.0
广东,进士,共现关联,2.0
博物馆,近代,共现关联,2.0
先生,龙舟,共现关联,2.0
盐步,龙舟,共现关联,2.0
举人,康有为,共现关联,2.0
六年,康有为,共现关联,2.0
龙狮,龙舟,共现关联,2.0
九江,我县,共现关联,2.0
南海,朱次琦,共现关联,2.0
官窑,盐步,共现关联,2.0
广东,石景宜,共现关联,2.0
周年,詹天佑,共现关联,2.0
学堂,梁启超,共现关联,2.0
八年,同治,共现关联,1.8
七年,二年,共现关联,1.8
三年,八年,共现关联,1.8
二年,元年,共现关联,1.8
广州,现代,共现关联,1.8
五年,年间,共现关联,1.8
佛山,尚书,共现关联,1.8
乾隆,广东,共现关联,1.8
民国,祖庙,共现关联,1.8
七年,年间,共现关联,1.8
乡村,城市,共现关联,1.8
乡村,广东,共现关联,1.8
书院,广东,共现关联,1.8
明代,绘画,共现关联,1.8
宗祠,祠堂,共现关联,1.8
书画,康有为,共现关联,1.8
岭南,年代,共现关联,1.8
国画,文艺,共现关联,1.8
广东,时代,共现关联,1.8
城市,文艺,共现关联,1.8
佛山,歌曲,共现关联,1.8
先生,民国,共现关联,1.8
佛山市,民国,共现关联,1.8
工艺,纺织,共现关联,1.8
南海,郊区,共现关联,1.8
三年,南海县,共现关联,1.8
南海,武馆,共现关联,1.8
南海,铁路,共现关联,1.8
文艺,青年,共现关联,1.8
佛山,官山,共现关联,1.8
北江,广东,共现关联,1.8
书画,国画,共现关联,1.8
广东,梁启超,共现关联,1.8
周年,国画,共现关联,1.8
南海,我县,共现关联,1.8
九江,和顺,共现关联,1.8
官山,青年,共现关联,1.8
民乐,民国,共现关联,1.8
乡村,官山,共现关联,1.8
九江,年间,共现关联,1.8
南海,技艺,共现关联,1.8
同治,进士,共现关联,1.8
四年,康有为,共现关联,1.8
丝织,五年,共现关联,1.8
南海县,四年,共现关联,1.8
元年,光绪,共现关联,1.8
戴鸿慈,近代,共现关联,1.8
五年,八年,共现关联,1.6
乾隆,六年,共现关联,1.6
乾隆,道光,共现关联,1.6
一年,九江,共现关联,1.6
二年,四年,共现关联,1.6
广州,郊区,共现关联,1.6
工艺,木雕,共现关联,1.6
珠江,祖庙,共现关联,1.6
尚书,明代,共现关联,1.6
清代,祖庙,共现关联,1.6
岭南,祖庙,共现关联,1.6
先生,年间,共现关联,1.6
七年,书院,共现关联,1.6
书院,四年,共现关联,1.6
光绪,学堂,共现关联,1.6
博物馆,图书馆,共现关联,1.6
五年,进士,共现关联,1.6
工艺,广州,共现关联,1.6
广州,范围,共现关联,1.6
丝织,广东,共现关联,1.6
博物馆,康有为,共现关联,1.6
南海县,盐步,共现关联,1.6
平洲,广东,共现关联,1.6
广州市,粤剧,共现关联,1.6
民国,绘画,共现关联,1.6
先生,绘画,共现关联,1.6
举人,六年,共现关联,1.6
六年,进士,共现关联,1.6
一年,举人,共现关联,1.6
南海,尚书,共现关联,1.6
城区,广州,共现关联,1.6
农村,城市,共现关联,1.6
三年,佛山市,共现关联,1.6
九江,农村,共现关联,1.6
城区,郊区,共现关联,1.6
佛山,周年,共现关联,1.6
清朝,道光,共现关联,1.6
民国,清朝,共现关联,1.6
书画,文艺,共现关联,1.6
广州,纺织,共现关联,1.6
南海县,范围,共现关联,1.6
二年,康有为,共现关联,1.6
举人,广东,共现关联,1.6
南海市,图书馆,共现关联,1.6
南海,学堂,共现关联,1.6
九江,光绪,共现关联,1.6
九江,民乐,共现关联,1.6
梁启超,清代,共现关联,1.6
一年,先生,共现关联,1.6
范围,龙舟,共现关联,1.6
平洲,武术,共现关联,1.6
一年,民国,共现关联,1.6
十年,岭南,共现关联,1.6
九江,官窑,共现关联,1.6
七年,丝织,共现关联,1.6
南海县,当年,共现关联,1.6
官窑,平洲,共现关联,1.6
南海县,龙舟,共现关联,1.6
七年,乾隆,共现关联,1.4
七年,五年,共现关联,1.4
八年,十年,共现关联,1.4
二年,十年,共现关联,1.4
城市,珠江,共现关联,1.4
广东,祖庙,共现关联,1.4
四年,祖庙,共现关联,1.4
广东,范围,共现关联,1.4
光绪,木雕,共现关联,1.4
乾隆,民国,共现关联,1.4
乾隆,清代,共现关联,1.4
乾隆,二年,共现关联,1.4
五年,木雕,共现关联,1.4
工艺,年代,共现关联,1.4
清代,道光,共现关联,1.4
年间,广州,共现关联,1.4
先生,六年,共现关联,1.4
书院,乾隆,共现关联,1.4
佛山,多年,共现关联,1.4
佛山,近代,共现关联,1.4
广州,明代,共现关联,1.4
书院,南海县,共现关联,1.4
广东,晚年,共现关联,1.4
八年,进士,共现关联,1.4
书院,岭南,共现关联,1.4
广州,晚年,共现关联,1.4
先生,八年,共现关联,1.4
广州,武馆,共现关联,1.4
武术,武馆,共现关联,1.4
学堂,广州,共现关联,1.4
广东,技艺,共现关联,1.4
书馆,周年,共现关联,1.4
先生,晚年,共现关联,1.4
平洲,广州,共现关联,1.4
周年,广州,共现关联,1.4
佛市,城区,共现关联,1.4
佛市,珠江,共现关联,1.4
举人,二年,共现关联,1.4
岭南,民国,共现关联,1.4
先生,四年,共现关联,1.4
举人,十年,共现关联,1.4
佛山市,城市,共现关联,1.4
佛山市,农村,共现关联,1.4
纺织,陶瓷,共现关联,1.4
书院,二年,共现关联,1.4
佛山,西江,共现关联,1.4
元年,进士,共现关联,1.4
佛山,清朝,共现关联,1.4
年代,青年,共现关联,1.4
佛山市,珠江,共现关联,1.4
现代,珠江,共现关联,1.4
佛山市,文艺,共现关联,1.4
公路,民国,共现关联,1.4
丝织,民国,共现关联,1.4
三年,铁路,共现关联,1.4
南海县,年代,共现关联,1.4
十年,四年,共现关联,1.4
南海县,青年,共现关联,1.4
南海县,周年,共现关联,1.4
南海市,康有为,共现关联,1.4
南海,黄少强,共现关联,1.4
盐步,罗村,共现关联,1.4
南海县,石景宜,共现关联,1.4
先生,西樵山,共现关联,1.4
广东,民乐,共现关联,1.4
南海县,官山,共现关联,1.4
民乐,纺织,共现关联,1.4
八年,六年,共现关联,1.4
丝织,四年,共现关联,1.4
丝织,工艺,共现关联,1.4
同治,陈启沅,共现关联,1.4
书院,先生,共现关联,1.4
先生,近代,共现关联,1.4
南海,宗祠,共现关联,1.4
古村,龙舟,共现关联,1.4
佛山,龙舟,共现关联,1.4
珠江,西樵山,共现关联,1.4
二年,先生,共现关联,1.4
南海县,官窑,共现关联,1.4
南海县,道光,共现关联,1.4
官窑,广州,共现关联,1.4
丝织,八年,共现关联,1.4
我县,西樵山,共现关联,1.4
广东,朱次琦,共现关联,1.4
八年,四年,共现关联,1.4
梁启超,草堂,共现关联,1.4
三年,先生,共现关联,1.4
先生,多年,共现关联,1.4
南海县,大沥镇,共现关联,1.4
二年,戴鸿慈,共现关联,1.4
南海市,詹天佑,共现关联,1.4
广州,詹天佑,共现关联,1.4
九江,乾隆,共现关联,1.2
一年,乾隆,共现关联,1.2
九江,八年,共现关联,1.2
一年,六年,共现关联,1.2
南海,草堂,共现关联,1.2
农村,青年,共现关联,1.2
书馆,佛市,共现关联,1.2
四年,明代,共现关联,1.2
元年,广东,共现关联,1.2
南海县,祖庙,共现关联,1.2
年间,祖庙,共现关联,1.2
民国,道光,共现关联,1.2
广州,清代,共现关联,1.2
年代,珠江,共现关联,1.2
城市,清代,共现关联,1.2
城市,祖庙,共现关联,1.2
佛山,同治,共现关联,1.2
年间,进士,共现关联,1.2
武术,粤剧,共现关联,1.2
近代,铁路,共现关联,1.2
南海,孙中山,共现关联,1.2
佛山,孙中山,共现关联,1.2
一年,进士,共现关联,1.2
佛山,武馆,共现关联,1.2
广东,清朝,共现关联,1.2
年代,年间,共现关联,1.2
广州,陶瓷,共现关联,1.2
佛山市,医院,共现关联,1.2
广州,时代,共现关联,1.2
国画,现代,共现关联,1.2
书画,周年,共现关联,1.2
清代,绘画,共现关联,1.2
书院,进士,共现关联,1.2
城区,民国,共现关联,1.2
佛山市,年代,共现关联,1.2
七年,举人,共现关联,1.2
农村,郊区,共现关联,1.2
公路,广州,共现关联,1.2
城区,平洲,共现关联,1.2
北江,珠江,共现关联,1.2
农村,年代,共现关联,1.2
医院,南海县,共现关联,1.2
南海,陶瓷,共现关联,1.2
书院,孙中山,共现关联,1.2
光绪,尚书,共现关联,1.2
尚书,康有为,共现关联,1.2
举人,五年,共现关联,1.2
民国,近代,共现关联,1.2
广州市,文艺,共现关联,1.2
广东,盐步,共现关联,1.2
书馆,现代,共现关联,1.2
年代,龙舟,共现关联,1.2
佛山市,南海市,共现关联,1.2
九江,罗村,共现关联,1.2
祠堂,西樵山,共现关联,1.2
北江,官山,共现关联,1.2
九江,二年,共现关联,1.2
官山,纺织,共现关联,1.2
民国,纺织,共现关联,1.2
二年,陈启沅,共现关联,1.2
南海县,清代,共现关联,1.2
广州,盐步,共现关联,1.2
岭南,西樵山,共现关联,1.2
九江,明代,共现关联,1.2
佛山,盐步,共现关联,1.2
乡村,祠堂,共现关联,1.2
九江,十年,共现关联,1.2
古村,岭南,共现关联,1.2
南海市,龙舟,共现关联,1.2
广州,龙狮,共现关联,1.2
多年,珠江,共现关联,1.2
六年,年间,共现关联,1.2
七年,九江,共现关联,1.2
五年,康有为,共现关联,1.2
广州,罗村,共现关联,1.2
南海县,清朝,共现关联,1.2
十年,康有为,共现关联,1.2
朱次琦,草堂,共现关联,1.2
朱次琦,道光,共现关联,1.2
学堂,康有为,共现关联,1.2
书院,医院,共现关联,1.2
佛山市,石景宜,共现关联,1.2
一年,铁路,共现关联,1.2
南海县,詹天佑,共现关联,1.2
孙中山,詹天佑,共现关联,1.2
西樵山,黄飞鸿,共现关联,1.2
武馆,黄飞鸿,共现关联,1.2
乾隆,八年,共现关联,1.0
九江,四年,共现关联,1.0
七年,四年,共现关联,1.0
乡村,农村,共现关联,1.0
书馆,清代,共现关联,1.0
祖庙,道光,共现关联,1.0
技艺,木雕,共现关联,1.0
光绪,祖庙,共现关联,1.0
祖庙,祠堂,共现关联,1.0
珠江,范围,共现关联,1.0
南海县,同治,共现关联,1.0
举人,佛山,共现关联,1.0
民国,祠堂,共现关联,1.0
南海,木雕,共现关联,1.0
先生,清代,共现关联,1.0
乡村,岭南,共现关联,1.0
城市,岭南,共现关联,1.0
佛山市,祖庙,共现关联,1.0
先生,粤剧,共现关联,1.0
先生,明代,共现关联,1.0
佛山,康有为,共现关联,1.0
岭南,清代,共现关联,1.0
乾隆,广州,共现关联,1.0
南海县,城区,共现关联,1.0
尚书,广东,共现关联,1.0
岭南,康有为,共现关联,1.0
先生,尚书,共现关联,1.0
广东,草堂,共现关联,1.0
现代,陶瓷,共现关联,1.0
官山,年代,共现关联,1.0
广东,陶瓷,共现关联,1.0
佛山,图书馆,共现关联,1.0
岭南,时代,共现关联,1.0
国画,时代,共现关联,1.0
举人,元年,共现关联,1.0
公路,城区,共现关联,1.0
乾隆,进士,共现关联,1.0
武馆,民国,共现关联,1.0
乡村,南海县,共现关联,1.0
丝织,广州,共现关联,1.0
九江,官山,共现关联,1.0
佛山,广州市,共现关联,1.0
南海县,罗村,共现关联,1.0
元年,南海县,共现关联,1.0
佛山市,范围,共现关联,1.0
佛山,民乐,共现关联,1.0
佛山,罗村,共现关联,1.0
九江,民国,共现关联,1.0
佛山市,先生,共现关联,1.0
三年,清朝,共现关联,1.0
南海县,广州市,共现关联,1.0
广州,西江,共现关联,1.0
农村,粤剧,共现关联,1.0
岭南,木雕,共现关联,1.0
文艺,珠江,共现关联,1.0
书画,南海县,共现关联,1.0
南海市,博物馆,共现关联,1.0
九江,医院,共现关联,1.0
广州,西樵山,共现关联,1.0
南海市,珠江,共现关联,1.0
九江,粤剧,共现关联,1.0
先生,当年,共现关联,1.0
九江,歌曲,共现关联,1.0
佛市,歌曲,共现关联,1.0
九江,纺织,共现关联,1.0
康有为,清代,共现关联,1.0
举人,四年,共现关联,1.0
农村,民乐,共现关联,1.0
现代,纺织,共现关联,1.0
农村,武术,共现关联,1.0
农村,龙舟,共现关联,1.0
官山,民国,共现关联,1.0
官山,西樵山,共现关联,1.0
五年,民乐,共现关联,1.0
丝织,乡村,共现关联,1.0
丝织,年代,共现关联,1.0
四年,民乐,共现关联,1.0
乡村,纺织,共现关联,1.0
明代,西樵山,共现关联,1.0
先生,现代,共现关联,1.0
先生,青年,共现关联,1.0
南海,晚年,共现关联,1.0
当年,草堂,共现关联,1.0
举人,梁启超,共现关联,1.0
书画,青年,共现关联,1.0
乡村,武术,共现关联,1.0
尚书,西樵山,共现关联,1.0
六年,南海县,共现关联,1.0
二年,年间,共现关联,1.0
南海县,博物馆,共现关联,1.0
二年,尚书,共现关联,1.0
一年,我县,共现关联,1.0
广州,黄少强,共现关联,1.0
先生,进士,共现关联,1.0
六年,铁路,共现关联,1.0
多年,武术,共现关联,1.0
九江镇,先生,共现关联,1.0
九江镇,南海市,共现关联,1.0
农村,我县,共现关联,1.0
佛山,我县,共现关联,1.0
佛山,黄飞鸿,共现关联,1.0
时代,黄飞鸿,共现关联,1.0
时代,西樵山,共现关联,1.0
先生,同治,共现关联,0.8
三年,乾隆,共现关联,0.8
一年,朱次琦,共现关联,0.8
五年,元年,共现关联,0.8
一年,四年,共现关联,0.8
六年,四年,共现关联,0.8
孙中山,清朝,共现关联,0.8
先生,清朝,共现关联,0.8
祖庙,范围,共现关联,0.8
城区,广东,共现关联,0.8
多年,年间,共现关联,0.8
城区,岭南,共现关联,0.8
三年,年代,共现关联,0.8
乾隆,五年,共现关联,0.8
乾隆,祖庙,共现关联,0.8
珠江,祠堂,共现关联,0.8
明代,民国,共现关联,0.8
木雕,民国,共现关联,0.8
岭南,工艺,共现关联,0.8
时代,范围,共现关联,0.8
时代,珠江,共现关联,0.8
书院,清代,共现关联,0.8
佛市,广州,共现关联,0.8
宗祠,岭南,共现关联,0.8
宗祠,明代,共现关联,0.8
书院,光绪,共现关联,0.8
岭南,年间,共现关联,0.8
先生,医院,共现关联,0.8
书院,草堂,共现关联,0.8
先生,武术,共现关联,0.8
书院,明代,共现关联,0.8
宗祠,广东,共现关联,0.8
书院,宗祠,共现关联,0.8
书画,书院,共现关联,0.8
举人,八年,共现关联,0.8
光绪,草堂,共现关联,0.8
年代,陶瓷,共现关联,0.8
佛山,粤曲,共现关联,0.8
广东,当年,共现关联,0.8
国画,当年,共现关联,0.8
岭南,技艺,共现关联,0.8
现代,青年,共现关联,0.8
一年,珠江,共现关联,0.8
农村,范围,共现关联,0.8
平洲,粤剧,共现关联,0.8
周年,歌曲,共现关联,0.8
技艺,粤剧,共现关联,0.8
多年,粤剧,共现关联,0.8
书画,书馆,共现关联,0.8
广东,歌曲,共现关联,0.8
年代,现代,共现关联,0.8
时代,现代,共现关联,0.8
佛山市,图书馆,共现关联,0.8
博物馆,绘画,共现关联,0.8
书画,清代,共现关联,0.8
三年,举人,共现关联,0.8
乾隆,绘画,共现关联,0.8
光绪,民国,共现关联,0.8
年代,绘画,共现关联,0.8
先生,博物馆,共现关联,0.8
佛山市,清代,共现关联,0.8
珠江,纺织,共现关联,0.8
佛市,城市,共现关联,0.8
七年,尚书,共现关联,0.8
七年,十年,共现关联,0.8
书院,同治,共现关联,0.8
明代,木雕,共现关联,0.8
农村,珠江,共现关联,0.8
多年,广东,共现关联,0.8
城区,范围,共现关联,0.8
范围,郊区,共现关联,0.8
广东,西江,共现关联,0.8
南海县,民乐,共现关联,0.8
城区,珠江,共现关联,0.8
珠江,西江,共现关联,0.8
佛山市,纺织,共现关联,0.8
乡村,郊区,共现关联,0.8
年代,郊区,共现关联,0.8
年代,民国,共现关联,0.8
公路,广东,共现关联,0.8
九江,公路,共现关联,0.8
城市,郊区,共现关联,0.8
城市,范围,共现关联,0.8
佛山,和顺,共现关联,0.8
先生,城市,共现关联,0.8
康有为,民国,共现关联,0.8
七年,清朝,共现关联,0.8
八年,年间,共现关联,0.8
粤剧,龙舟,共现关联,0.8
康有为,铁路,共现关联,0.8
现代,祠堂,共现关联,0.8
岭南,龙舟,共现关联,0.8
九江,书馆,共现关联,0.8
城区,文艺,共现关联,0.8
九江,文艺,共现关联,0.8
南海县,学堂,共现关联,0.8
书院,书馆,共现关联,0.8
当年,西江,共现关联,0.8
和顺,罗村,共现关联,0.8
先生,黄少强,共现关联,0.8
南海市,广州,共现关联,0.8
平洲,文艺,共现关联,0.8
九江,北江,共现关联,0.8
书馆,范围,共现关联,0.8
乡村,书馆,共现关联,0.8
民国,西樵山,共现关联,0.8
同治,近代,共现关联,0.8
书院,官山,共现关联,0.8
九江,西樵山,共现关联,0.8
公路,民乐,共现关联,0.8
乡村,民国,共现关联,0.8
公路,官山,共现关联,0.8
九江,近代,共现关联,0.8
珠江,盐步,共现关联,0.8
九江,清代,共现关联,0.8
九江,珠江,共现关联,0.8
现代,绘画,共现关联,0.8
康有为,绘画,共现关联,0.8
武馆,龙狮,共现关联,0.8
年代,龙狮,共现关联,0.8
古村,广东,共现关联,0.8
周年,武术,共现关联,0.8
佛山,龙狮,共现关联,0.8
康有为,龙狮,共现关联,0.8
康有为,青年,共现关联,0.8
古村,宗祠,共现关联,0.8
我县,陈启沅,共现关联,0.8
我县,近代,共现关联,0.8
一年,陈启沅,共现关联,0.8
光绪,陈启沅,共现关联,0.8
丝织,二年,共现关联,0.8
七年,官山,共现关联,0.8
年代,西樵山,共现关联,0.8
十年,西樵山,共现关联,0.8
三年,我县,共现关联,0.8
二年,我县,共现关联,0.8
举人,年间,共现关联,0.8
年代,康有为,共现关联,0.8
官窑,民国,共现关联,0.8
先生,广州市,共现关联,0.8
十年,孙中山,共现关联,0.8
广州,里水镇,共现关联,0.8
广东,戴鸿慈,共现关联,0.8
七年,朱次琦,共现关联,0.8
博物馆,石景宜,共现关联,0.8
佛山市,武术,共现关联,0.8
岭南,青年,共现关联,0.8
十年,青年,共现关联,0.8
多年,石景宜,共现关联,0.8
周年,孙中山,共现关联,0.8
十年,铁路,共现关联,0.8
同治,詹天佑,共现关联,0.8
一年,詹天佑,共现关联,0.8
二年,铁路,共现关联,0.8
元年,铁路,共现关联,0.8
范围,铁路,共现关联,0.8
二年,詹天佑,共现关联,0.8
公路,我县,共现关联,0.8
四年,詹天佑,共现关联,0.8
岭南,黄飞鸿,共现关联,0.8
七年,黄飞鸿,共现关联,0.8
周年,戴鸿慈,共现关联,0.8
戴鸿慈,时代,共现关联,0.8
二年,西樵山,共现关联,0.8
九江,同治,共现关联,0.6
元年,十年,共现关联,0.6
九江,元年,共现关联,0.6
十年,晚年,共现关联,0.6
乾隆,同治,共现关联,0.6
六年,十年,共现关联,0.6
广州,清朝,共现关联,0.6
明代,祖庙,共现关联,0.6
宗祠,木雕,共现关联,0.6
城区,现代,共现关联,0.6
佛山市,博物馆,共现关联,0.6
元年,四年,共现关联,0.6
三年,范围,共现关联,0.6
乾隆,明代,共现关联,0.6
明代,祠堂,共现关联,0.6
四年,尚书,共现关联,0.6
岭南,祠堂,共现关联,0.6
广东,木雕,共现关联,0.6
广州,木雕,共现关联,0.6
四年,粤剧,共现关联,0.6
工艺,清代,共现关联,0.6
六年,明代,共现关联,0.6
光绪,明代,共现关联,0.6
二年,祖庙,共现关联,0.6
清朝,祖庙,共现关联,0.6
博物馆,清代,共现关联,0.6
佛市,清代,共现关联,0.6
木雕,祠堂,共现关联,0.6
乡村,珠江,共现关联,0.6
南海县,明代,共现关联,0.6
宗祠,进士,共现关联,0.6
一年,书院,共现关联,0.6
一年,学堂,共现关联,0.6
乡村,年间,共现关联,0.6
乡村,明代,共现关联,0.6
佛市,祖庙,共现关联,0.6
宗祠,当年,共现关联,0.6
举人,先生,共现关联,0.6
九江,进士,共现关联,0.6
十年,尚书,共现关联,0.6
书画,佛市,共现关联,0.6
医院,学堂,共现关联,0.6
佛山,草堂,共现关联,0.6
岭南,近代,共现关联,0.6
医院,广州市,共现关联,0.6
十年,武术,共现关联,0.6
广州,技艺,共现关联,0.6
书画,佛山市,共现关联,0.6
医院,年代,共现关联,0.6
一年,平洲,共现关联,0.6
佛山市,工艺,共现关联,0.6
时代,粤剧,共现关联,0.6
孙中山,岭南,共现关联,0.6
国画,广州市,共现关联,0.6
广州,粤曲,共现关联,0.6
工艺,技艺,共现关联,0.6
文艺,时代,共现关联,0.6
粤剧,近代,共现关联,0.6
民国,现代,共现关联,0.6
农村,现代,共现关联,0.6
国画,民国,共现关联,0.6
五年,尚书,共现关联,0.6
举人,乾隆,共现关联,0.6
一年,官山,共现关联,0.6
文艺,现代,共现关联,0.6
国画,黄少强,共现关联,0.6
博物馆,陶瓷,共现关联,0.6
佛山市,青年,共现关联,0.6
北江,城区,共现关联,0.6
佛山市,现代,共现关联,0.6
佛山,黄少强,共现关联,0.6
明代,纺织,共现关联,0.6
珠江,陶瓷,共现关联,0.6
书院,佛山市,共现关联,0.6
元年,岭南,共现关联,0.6
佛山市,四年,共现关联,0.6
元年,年间,共现关联,0.6
年间,粤剧,共现关联,0.6
七年,佛山市,共现关联,0.6
广州,进士,共现关联,0.6
书院,五年,共现关联,0.6
佛山市,铁路,共现关联,0.6
九江,青年,共现关联,0.6
佛山市,陶瓷,共现关联,0.6
官山,平洲,共现关联,0.6
南海县,南海市,共现关联,0.6
北江,南海县,共现关联,0.6
北江,平洲,共现关联,0.6
南海县,郊区,共现关联,0.6
佛山市,当年,共现关联,0.6
十年,清朝,共现关联,0.6
佛市,郊区,共现关联,0.6
佛山市,年间,共现关联,0.6
佛市,民国,共现关联,0.6
城市,纺织,共现关联,0.6
城市,陶瓷,共现关联,0.6
医院,罗村,共现关联,0.6
年代,明代,共现关联,0.6
公路,年代,共现关联,0.6
公路,郊区,共现关联,0.6
书馆,平洲,共现关联,0.6
五年,郊区,共现关联,0.6
岭南,陶瓷,共现关联,0.6
丝织,陶瓷,共现关联,0.6
佛市,纺织,共现关联,0.6
乾隆,南海县,共现关联,0.6
年间,纺织,共现关联,0.6
医院,民国,共现关联,0.6
周年,青年,共现关联,0.6
康有为,进士,共现关联,0.6
学堂,铁路,共现关联,0.6
举人,广州,共现关联,0.6
医院,现代,共现关联,0.6
医院,十年,共现关联,0.6
一年,技艺,共现关联,0.6
书馆,粤剧,共现关联,0.6
歌曲,珠江,共现关联,0.6
南海市,城市,共现关联,0.6
文艺,范围,共现关联,0.6
南海市,歌曲,共现关联,0.6
南海,康有为故居,共现关联,0.6
先生,国画,共现关联,0.6
书馆,岭南,共现关联,0.6
书馆,文艺,共现关联,0.6
文艺,罗村,共现关联,0.6
岭南,文艺,共现关联,0.6
民国,龙舟,共现关联,0.6
乾隆,尚书,共现关联,0.6
年代,文艺,共现关联,0.6
佛市,文艺,共现关联,0.6
木雕,龙舟,共现关联,0.6
平洲,歌曲,共现关联,0.6
九江,乡村,共现关联,0.6
九江,国画,共现关联,0.6
城区,盐步,共现关联,0.6
九江,城市,共现关联,0.6
乡村,现代,共现关联,0.6
南海市,范围,共现关联,0.6
民乐,罗村,共现关联,0.6
草堂,近代,共现关联,0.6
南海县,进士,共现关联,0.6
十年,现代,共现关联,0.6
武术,龙舟,共现关联,0.6
乡村,城区,共现关联,0.6
八年,官山,共现关联,0.6
南海县,工艺,共现关联,0.6
城区,西江,共现关联,0.6
光绪,祠堂,共现关联,0.6
宗祠,年代,共现关联,0.6
民国,西江,共现关联,0.6
明代,西江,共现关联,0.6
乡村,广州,共现关联,0.6
草堂,西江,共现关联,0.6
珠江,黄飞鸿,共现关联,0.6
九江,技艺,共现关联,0.6
九江,年代,共现关联,0.6
当年,祠堂,共现关联,0.6
三年,丝织,共现关联,0.6
一年,西樵山,共现关联,0.6
南海县,尚书,共现关联,0.6
年代,道光,共现关联,0.6
六年,草堂,共现关联,0.6
国画,清代,共现关联,0.6
木雕,西江,共现关联,0.6
西江,龙舟,共现关联,0.6
十年,龙舟,共现关联,0.6
年代,范围,共现关联,0.6
技艺,武馆,共现关联,0.6
康有为,龙舟,共现关联,0.6
清朝,进士,共现关联,0.6
举人,宗祠,共现关联,0.6
九江,古村,共现关联,0.6
古村,现代,共现关联,0.6
佛山,官窑,共现关联,0.6
一年,书馆,共现关联,0.6
元年,尚书,共现关联,0.6
五年,岭南,共现关联,0.6
十年,草堂,共现关联,0.6
草堂,陈启沅,共现关联,0.6
南海县,岭南,共现关联,0.6
南海县,近代,共现关联,0.6
三年,陈启沅,共现关联,0.6
尚书,年间,共现关联,0.6
四年,陈启沅,共现关联,0.6
七年,学堂,共现关联,0.6
年代,陈启沅,共现关联,0.6
十年,陈启沅,共现关联,0.6
时代,清朝,共现关联,0.6
八年,纺织,共现关联,0.6
三年,纺织,共现关联,0.6
六年,纺织,共现关联,0.6
二年,纺织,共现关联,0.6
丝织,六年,共现关联,0.6
八年,我县,共现关联,0.6
九江镇,纺织,共现关联,0.6
一年,盐步,共现关联,0.6
八年,民乐,共现关联,0.6
一年,丝织,共现关联,0.6
清代,西樵山,共现关联,0.6
五年,孙中山,共现关联,0.6
十年,粤剧,共现关联,0.6
南海县,里水镇,共现关联,0.6
梁启超,近代,共现关联,0.6
康有为,道光,共现关联,0.6
八年,草堂,共现关联,0.6
三年,草堂,共现关联,0.6
九江,梁启超,共现关联,0.6
书院,云泉仙馆,共现关联,0.6
八年,多年,共现关联,0.6
康有为,当年,共现关联,0.6
广州市,青年,共现关联,0.6
书院,时代,共现关联,0.6
书院,当年,共现关联,0.6
广州市,民国,共现关联,0.6
学堂,岭南,共现关联,0.6
举人,清代,共现关联,0.6
四年,官窑,共现关联,0.6
广东,我县,共现关联,0.6
官窑,罗村,共现关联,0.6
戴鸿慈,进士,共现关联,0.6
先生,官窑,共现关联,0.6
朱次琦,进士,共现关联,0.6
七年,铁路,共现关联,0.6
八年,铁路,共现关联,0.6
广州市,当年,共现关联,0.6
八年,青年,共现关联,0.6
广州市,郊区,共现关联,0.6
广州,我县,共现关联,0.6
年代,石景宜,共现关联,0.6
南海县,多年,共现关联,0.6
多年,龙舟,共现关联,0.6
时代,朱次琦,共现关联,0.6
九江,六年,共现关联,0.6
一年,石景宜,共现关联,0.6
十年,石景宜,共现关联,0.6
乾隆,清朝,共现关联,0.6
南海市,里水镇,共现关联,0.6
官窑,黄少强,共现关联,0.6
南海市,黄少强,共现关联,0.6
南海市,官窑,共现关联,0.6
詹天佑,近代,共现关联,0.6
清朝,铁路,共现关联,0.6
三年,詹天佑,共现关联,0.6
七年,詹天佑,共现关联,0.6
粤剧,黄飞鸿,共现关联,0.6
武术,近代,共现关联,0.6
光绪,梁启超,共现关联,0.6
光绪,詹天佑,共现关联,0.6
我县,清代,共现关联,0.6
书馆,黄飞鸿,共现关联,0.6
一年,黄飞鸿,共现关联,0.6
青年,黄飞鸿,共现关联,0.6
盐步,范围,共现关联,0.6
九江,天主堂,共现关联,0.6
广州,戴鸿慈,共现关联,0.6
三年,戴鸿慈,共现关联,0.6
戴鸿慈,梁启超,共现关联,0.6
三年,西樵山,共现关联,0.6
八年,西樵山,共现关联,0.6
同治,年代,共现关联,0.4
元年,六年,共现关联,0.4
先生,祠堂,共现关联,0.4
三年,北江,共现关联,0.4
同治,多年,共现关联,0.4
同治,晚年,共现关联,0.4
文艺,纺织,共现关联,0.4
珠江,郊区,共现关联,0.4
一年,明代,共现关联,0.4
明代,清朝,共现关联,0.4
明代,道光,共现关联,0.4
五年,明代,共现关联,0.4
乾隆,元年,共现关联,0.4
尚书,祖庙,共现关联,0.4
明代,珠江,共现关联,0.4
工艺,祖庙,共现关联,0.4
乾隆,光绪,共现关联,0.4
木雕,祖庙,共现关联,0.4
年代,祖庙,共现关联,0.4
七年,清代,共现关联,0.4
书院,六年,共现关联,0.4
十年,祖庙,共现关联,0.4
七年,明代,共现关联,0.4
广州,祖庙,共现关联,0.4
城区,清代,共现关联,0.4
时代,清代,共现关联,0.4
五年,当年,共现关联,0.4
宗祠,时代,共现关联,0.4
宗祠,祖庙,共现关联,0.4
佛山,学堂,共现关联,0.4
二年,明代,共现关联,0.4
八年,祖庙,共现关联,0.4
光绪,宗祠,共现关联,0.4
乾隆,城市,共现关联,0.4
岭南,粤剧,共现关联,0.4
佛市,图书馆,共现关联,0.4
书馆,民国,共现关联,0.4
书画,明代,共现关联,0.4
孙中山,石景宜,共现关联,0.4
时代,明代,共现关联,0.4
乾隆,岭南,共现关联,0.4
宗祠,广州,共现关联,0.4
佛山,晚年,共现关联,0.4
晚年,民国,共现关联,0.4
书画,博物馆,共现关联,0.4
孙中山,现代,共现关联,0.4
绘画,陶瓷,共现关联,0.4
国画,工艺,共现关联,0.4
一年,民乐,共现关联,0.4
图书馆,年代,共现关联,0.4
书馆,年代,共现关联,0.4
梁启超,石景宜,共现关联,0.4
先生,工艺,共现关联,0.4
书画,技艺,共现关联,0.4
书画,年间,共现关联,0.4
佛市,工艺,共现关联,0.4
佛市,绘画,共现关联,0.4
国画,明代,共现关联,0.4
时代,民国,共现关联,0.4
举人,书画,共现关联,0.4
三年,书画,共现关联,0.4
乾隆,草堂,共现关联,0.4
书画,近代,共现关联,0.4
十年,技艺,共现关联,0.4
三年,元年,共现关联,0.4
博物馆,时代,共现关联,0.4
技艺,绘画,共现关联,0.4
举人,官山,共现关联,0.4
书画,民国,共现关联,0.4
佛市,年代,共现关联,0.4
书画,同治,共现关联,0.4
晚年,道光,共现关联,0.4
当年,黄少强,共现关联,0.4
城区,铁路,共现关联,0.4
十年,清代,共现关联,0.4
民国,珠江,共现关联,0.4
现代,铁路,共现关联,0.4
四年,工艺,共现关联,0.4
五年,佛山市,共现关联,0.4
六年,尚书,共现关联,0.4
三年,书院,共现关联,0.4
一年,佛山市,共现关联,0.4
草堂,道光,共现关联,0.4
八年,西江,共现关联,0.4
三年,城区,共现关联,0.4
佛山市,光绪,共现关联,0.4
二年,佛山市,共现关联,0.4
学堂,民国,共现关联,0.4
民国,青年,共现关联,0.4
七年,医院,共现关联,0.4
广东,郊区,共现关联,0.4
陶瓷,青年,共现关联,0.4
官山,盐步,共现关联,0.4
公路,广州市,共现关联,0.4
书馆,城区,共现关联,0.4
五年,现代,共现关联,0.4
多年,青年,共现关联,0.4
四年,清朝,共现关联,0.4
公路,珠江,共现关联,0.4
多年,民国,共现关联,0.4
当年,珠江,共现关联,0.4
城市,青年,共现关联,0.4
城市,年代,共现关联,0.4
佛山市,周年,共现关联,0.4
民国,范围,共现关联,0.4
当年,范围,共现关联,0.4
罗村,范围,共现关联,0.4
公路,纺织,共现关联,0.4
佛山市,公路,共现关联,0.4
二年,公路,共现关联,0.4
珠江,铁路,共现关联,0.4
公路,范围,共现关联,0.4
佛市,平洲,共现关联,0.4
珠江,道光,共现关联,0.4
时代,陶瓷,共现关联,0.4
北江,民国,共现关联,0.4
年代,纺织,共现关联,0.4
农村,祠堂,共现关联,0.4
国画,年代,共现关联,0.4
和顺,城区,共现关联,0.4
孙中山,时代,共现关联,0.4
书馆,祖庙,共现关联,0.4
文艺,武术,共现关联,0.4
尚书,铁路,共现关联,0.4
尚书,近代,共现关联,0.4
木雕,粤剧,共现关联,0.4
木雕,近代,共现关联,0.4
书院,龙舟,共现关联,0.4
康有为,现代,共现关联,0.4
文艺,龙舟,共现关联,0.4
九江,博物馆,共现关联,0.4
十年,珠江,共现关联,0.4
珠江,粤剧,共现关联,0.4
周年,城市,共现关联,0.4
城区,城市,共现关联,0.4
先生,文艺,共现关联,0.4
博物馆,草堂,共现关联,0.4
康有为,文艺,共现关联,0.4
图书馆,岭南,共现关联,0.4
元年,学堂,共现关联,0.4
南海市,平洲,共现关联,0.4
平洲,青年,共现关联,0.4
书画,珠江,共现关联,0.4
歌曲,龙舟,共现关联,0.4
明代,近代,共现关联,0.4
佛市,周年,共现关联,0.4
南海市,岭南,共现关联,0.4
乡村,文艺,共现关联,0.4
南海县,歌曲,共现关联,0.4
和顺,歌曲,共现关联,0.4
和顺,文艺,共现关联,0.4
佛市,南海市,共现关联,0.4
南海市,国画,共现关联,0.4
书画,南海市,共现关联,0.4
年间,文艺,共现关联,0.4
南海市,粤曲,共现关联,0.4
当年,文艺,共现关联,0.4
当年,粤剧,共现关联,0.4
文艺,盐步,共现关联,0.4
南海县,时代,共现关联,0.4
乡村,粤剧,共现关联,0.4
乡村,平洲,共现关联,0.4
城市,歌曲,共现关联,0.4
公路,盐步,共现关联,0.4
南海市,罗村,共现关联,0.4
官山,歌曲,共现关联,0.4
年间,草堂,共现关联,0.4
公路,西樵山,共现关联,0.4
博物馆,宗祠,共现关联,0.4
书画,图书馆,共现关联,0.4
年代,黄少强,共现关联,0.4
图书馆,范围,共现关联,0.4
书馆,罗村,共现关联,0.4
年代,铁路,共现关联,0.4
平洲,民乐,共现关联,0.4
民国,草堂,共现关联,0.4
五年,草堂,共现关联,0.4
晚年,现代,共现关联,0.4
年代,粤曲,共现关联,0.4
十年,粤曲,共现关联,0.4
丝织,书院,共现关联,0.4
工艺,民乐,共现关联,0.4
农村,纺织,共现关联,0.4
九江,范围,共现关联,0.4
城区,西樵山,共现关联,0.4
民乐,西樵山,共现关联,0.4
年间,西江,共现关联,0.4
北江,四年,共现关联,0.4
乡村,西江,共现关联,0.4
南海,大岗圩,共现关联,0.4
大岗圩,官山,共现关联,0.4
公路,南海县,共现关联,0.4
年代,民乐,共现关联,0.4
乡村,官山圩,共现关联,0.4
丝织,农村,共现关联,0.4
农村,年间,共现关联,0.4
官山,道光,共现关联,0.4
四年,官山,共现关联,0.4
丝织,范围,共现关联,0.4
丝织,公路,共现关联,0.4
民乐,道光,共现关联,0.4
南海县,我县,共现关联,0.4
书馆,同治,共现关联,0.4
道光,青年,共现关联,0.4
书馆,近代,共现关联,0.4
南海县,西江,共现关联,0.4
近代,道光,共现关联,0.4
八年,周年,共现关联,0.4
八年,尚书,共现关联,0.4
周年,近代,共现关联,0.4
先生,范围,共现关联,0.4
三年,近代,共现关联,0.4
光绪,近代,共现关联,0.4
年代,广州市,共现关联,0.4
岭南,武馆,共现关联,0.4
六年,武馆,共现关联,0.4
北江,民乐,共现关联,0.4
广州,民乐,共现关联,0.4
明代,晚年,共现关联,0.4
工艺,平洲,共现关联,0.4
平洲,年代,共现关联,0.4
乾隆,当年,共现关联,0.4
书画,现代,共现关联,0.4
九江,宗祠,共现关联,0.4
举人,草堂,共现关联,0.4
国画,近代,共现关联,0.4
时代,晚年,共现关联,0.4
国画,康有为,共现关联,0.4
农村,国画,共现关联,0.4
岭南,龙狮,共现关联,0.4
七年,盐步,共现关联,0.4
广州市,龙舟,共现关联,0.4
当年,龙狮,共现关联,0.4
武馆,龙舟,共现关联,0.4
道光,龙舟,共现关联,0.4
技艺,龙舟,共现关联,0.4
青年,龙舟,共现关联,0.4
武术,绘画,共现关联,0.4
武术,祠堂,共现关联,0.4
三年,技艺,共现关联,0.4
技艺,民国,共现关联,0.4
武术,草堂,共现关联,0.4
黄飞鸿,龙狮,共现关联,0.4
珠江,龙狮,共现关联,0.4
现代,龙狮,共现关联,0.4
古村,广州,共现关联,0.4
武术,盐步,共现关联,0.4
佛山市,祠堂,共现关联,0.4
古村,武馆,共现关联,0.4
佛山市,龙狮,共现关联,0.4
佛山,古村,共现关联,0.4
宗祠,民国,共现关联,0.4
官山圩,官山,典籍记载,2.5
康有为故居,康有为,典籍记载,2.5
云泉仙馆,西樵山,典籍记载,2.5
康有为故居,南海,典籍记载,2.5
云泉仙馆,书院,典籍记载,2.5
大岗圩,南海,典籍记载,2.5
大岗圩,官山,典籍记载,2.5
官山圩,乡村,典籍记载,2.5
康有为,康有为故居,关联人物,2.0
康有为,康有为博物馆,关联人物,1.5
康有为,康有为书法艺术院,关联人物,1.5
黄飞鸿,黄飞鸿狮艺武术馆,关联人物,1.5
西樵镇-醒狮之乡,狮舞（广东醒狮）,文化承载,2.0
狮舞（广东醒狮）,西樵镇,传承于,1.5
十番音乐（佛山十番）,桂城街道,传承于,1.5
官窑生菜会,狮山镇,传承于,1.5
灯会（乐安花灯会）,桂城街道,传承于,1.5
九江双蒸酒酿制技艺,九江镇,传承于,1.5
赛龙舟（九江传统龙舟）,九江镇,传承于,1.5
端午节（盐步老龙礼俗）,大沥镇,传承于,1.5
咏春拳（叶问宗支）,桂城街道,传承于,1.5
藤编（大沥）,大沥镇,传承于,1.5
藤编（里水）,里水镇,传承于,1.5
金箔锻造技艺,大沥镇,传承于,1.5
庙会（大仙诞庙会）,西樵镇,传承于,1.5
粤曲,桂城街道,传承于,1.5
糕点制作技艺（九江煎堆）,九江镇,传承于,1.5
九江鱼花生产习俗,九江镇,传承于,1.5
广式家具制作技艺,九江镇,传承于,1.5
洪拳（南海洪拳）,西樵镇,传承于,1.5
龙舟说唱,桂城街道,传承于,1.5
白眉拳,里水镇,传承于,1.5
大头佛,西樵镇,传承于,1.5
南海灰塑,狮山镇,传承于,1.5
叠滘弯道赛龙船,桂城街道,传承于,1.5
平洲传统玉器制作技艺,桂城街道,传承于,1.5
丹灶葛洪炼丹传说,丹灶镇,传承于,1.5
华岳心意六合八法拳,大沥镇,传承于,1.5
西樵传统缫丝技艺,西樵镇,传承于,1.5
龙舟,赛龙舟（九江传统龙舟）,文化关联,2.0
龙舟,龙舟说唱,文化关联,2.0
技艺,九江双蒸酒酿制技艺,文化关联,2.0
技艺,金箔锻造技艺,文化关联,2.0
技艺,糕点制作技艺（九江煎堆）,文化关联,2.0
技艺,广式家具制作技艺,文化关联,2.0
技艺,平洲传统玉器制作技艺,文化关联,2.0
技艺,西樵传统缫丝技艺,文化关联,2.0
云泉仙馆,绮亭陈公祠,同时代,0.5
云泉仙馆,象林塔,同时代,0.5
云泉仙馆,西樵山采石场遗址,同时代,0.5
云泉仙馆,奎光楼,同时代,0.5
云泉仙馆,白云古寺,同时代,0.5
云泉仙馆,字祖庙,同时代,0.5
云泉仙馆,松塘世大夫家庙,同时代,0.5
绮亭陈公祠,象林塔,同时代,0.5
绮亭陈公祠,西樵山采石场遗址,同时代,0.5
绮亭陈公祠,奎光楼,同时代,0.5
绮亭陈公祠,白云古寺,同时代,0.5
绮亭陈公祠,字祖庙,同时代,0.5
绮亭陈公祠,松塘世大夫家庙,同时代,0.5
象林塔,西樵山采石场遗址,同时代,0.5
象林塔,奎光楼,同时代,0.5
象林塔,白云古寺,同时代,0.5
象林塔,字祖庙,同时代,0.5
象林塔,松塘世大夫家庙,同时代,0.5
西樵山采石场遗址,奎光楼,同时代,0.5
西樵山采石场遗址,白云古寺,同时代,0.5
西樵山采石场遗址,字祖庙,同时代,0.5
西樵山采石场遗址,松塘世大夫家庙,同时代,0.5
奎光楼,白云古寺,同时代,0.5
奎光楼,字祖庙,同时代,0.5
奎光楼,松塘世大夫家庙,同时代,0.5
白云古寺,字祖庙,同时代,0.5
白云古寺,松塘世大夫家庙,同时代,0.5
字祖庙,松塘世大夫家庙,同时代,0.5
四峰书院遗址,霍韬夫人墓,同时代,0.5
四峰书院遗址,宝峰胜处摩崖石刻,同时代,0.5
四峰书院遗址,西樵山百步云梯,同时代,0.5
四峰书院遗址,李子长墓,同时代,0.5
四峰书院遗址,玉廪峰摩崖石刻,同时代,0.5
四峰书院遗址,白云洞摩崖石刻,同时代,0.5
四峰书院遗址,九龙岩摩崖石刻,同时代,0.5
霍韬夫人墓,宝峰胜处摩崖石刻,同时代,0.5
霍韬夫人墓,西樵山百步云梯,同时代,0.5
霍韬夫人墓,李子长墓,同时代,0.5
霍韬夫人墓,玉廪峰摩崖石刻,同时代,0.5
霍韬夫人墓,白云洞摩崖石刻,同时代,0.5
霍韬夫人墓,九龙岩摩崖石刻,同时代,0.5
宝峰胜处摩崖石刻,西樵山百步云梯,同时代,0.5
宝峰胜处摩崖石刻,李子长墓,同时代,0.5
宝峰胜处摩崖石刻,玉廪峰摩崖石刻,同时代,0.5
宝峰胜处摩崖石刻,白云洞摩崖石刻,同时代,0.5
宝峰胜处摩崖石刻,九龙岩摩崖石刻,同时代,0.5
西樵山百步云梯,李子长墓,同时代,0.5
西樵山百步云梯,玉廪峰摩崖石刻,同时代,0.5
西樵山百步云梯,白云洞摩崖石刻,同时代,0.5
西樵山百步云梯,九龙岩摩崖石刻,同时代,0.5
李子长墓,玉廪峰摩崖石刻,同时代,0.5
李子长墓,白云洞摩崖石刻,同时代,0.5
李子长墓,九龙岩摩崖石刻,同时代,0.5
玉廪峰摩崖石刻,白云洞摩崖石刻,同时代,0.5
玉廪峰摩崖石刻,九龙岩摩崖石刻,同时代,0.5
白云洞摩崖石刻,九龙岩摩崖石刻,同时代,0.5
龙母庙,傅氏宗祠,同时代,0.5
龙母庙,傅氏山庄南门,同时代,0.5
龙母庙,敦义崇礼碉楼,同时代,0.5
龙母庙,傅老榕旧居,同时代,0.5
龙母庙,九江吴家大院,同时代,0.5
龙母庙,上东岑局楼,同时代,0.5
傅氏宗祠,傅氏山庄南门,同时代,0.5
傅氏宗祠,敦义崇礼碉楼,同时代,0.5
傅氏宗祠,傅老榕旧居,同时代,0.5
傅氏宗祠,九江吴家大院,同时代,0.5
傅氏宗祠,上东岑局楼,同时代,0.5
傅氏山庄南门,敦义崇礼碉楼,同时代,0.5
傅氏山庄南门,傅老榕旧居,同时代,0.5
傅氏山庄南门,九江吴家大院,同时代,0.5
傅氏山庄南门,上东岑局楼,同时代,0.5
敦义崇礼碉楼,傅老榕旧居,同时代,0.5
敦义崇礼碉楼,九江吴家大院,同时代,0.5
敦义崇礼碉楼,上东岑局楼,同时代,0.5
傅老榕旧居,九江吴家大院,同时代,0.5
傅老榕旧居,上东岑局楼,同时代,0.5
九江吴家大院,上东岑局楼,同时代,0.5
松塘甘井,阴骘井,同时代,0.5
松塘甘井,破排角遗址,同时代,0.5
松塘甘井,冯氏家族墓,同时代,0.5
阴骘井,破排角遗址,同时代,0.5
阴骘井,冯氏家族墓,同时代,0.5
破排角遗址,冯氏家族墓,同时代,0.5
大头佛（民乐大头佛）,大头佛,同门类,1.0
大头佛,大头佛,同门类,1.0
华岳心意六合八法拳,华岳心意六合八法拳,同门类,1.0
赛龙舟（九江传统龙舟）,赛龙舟（九江传统龙舟）,同门类,1.0
九江双蒸酒酿制技艺,九江双蒸酒酿制技艺,同门类,1.0
庙会（大仙诞庙会）,庙会（大仙诞庙会）,同门类,1.0
金箔锻造技艺,金箔锻造技艺,同门类,1.0
西樵传统缫丝技艺,西樵传统缫丝技艺,同门类,1.0
广式家具制作技艺,广式家具制作技艺,同门类,1.0
龙舟说唱（南海）,龙舟说唱,同门类,1.0
丹灶葛洪炼丹传说,丹灶葛洪炼丹传说,同门类,1.0
