id,name,type,mentions,confidence,source_count,weight,sources
E0001,南海,地点,7092,0.95,50,111344.4,南海县志(OCR);中枢与象征_佛山祖庙;佛山历史人物录;佛山市博物馆藏绘画;佛山市志_上;佛山市志_下;佛山文史资料;南海市文化艺术志;南海市西樵山旅游度假区志;南海文史资料_邹伯奇;南海美食_南海传说篇;南海美食_南海特产篇;南海美食_南海美食篇;南海美食南海特产南海传说_合辑;南海非遗_南海书画篇;南海龙狮南海衣冠南海古村_南海古村篇;南海龙狮南海衣冠南海古村_南海衣冠篇;南海龙狮南海衣冠南海古村_南海龙狮篇;大德南海志_维基文库;南海文史资料_第10辑_陈启沅与南海县纺织工业史专辑;南海文史资料_第11辑_(南海县政协文史资料研究委员会编);南海文史资料_第12辑_纪念康有为诞辰一百三十周年、戊戌维新运动九十周年专辑;南海文史资料_第13辑_(南海县政协文史资料研究委员会编);南海文史资料_第14辑_(南海县政协文史资料委员会编);南海文史资料_第15辑_(南海县政协文史资料委员会编);南海文史资料_第16辑_(南海县政协文史资料研究委员会);南海文史资料_第17辑_(南海县政协文史资料研究委员会);南海文史资料_第18辑_(南海县政协文史资料委员会编);南海文史资料_第19辑_(南海县政协文史资料委员会编);南海文史资料_第1辑_(政协南海县委员会文史组);南海文史资料_第20辑_(广东省南海县政协文史资料委员会编);南海文史资料_第21辑_(广东省南海市政协文史资料委员会编);南海文史资料_第22辑_(广东省南海市政协文史资料委员会编);南海文史资料_第23辑_石景宜先生传;南海文史资料_第24辑_蚕桑谱专辑;南海文史资料_第25辑_(广东省南海市政协文史资料委员会编);南海文史资料_第26辑_黄少强画传;南海文史资料_第27辑_(广东省南海市政协文史和学习委员会编);南海文史资料_第28辑_纪念詹天佑诞辰一百三十五周年特辑;南海文史资料_第29辑_(广东省南海市政协文史和学习委员会编);南海文史资料_第2辑_(政协南海县委员会文史组);南海文史资料_第30辑_近代改革的先驱者康有为;南海文史资料_第31辑_南海黄飞鸿传;南海文史资料_第34辑_(广东省南海市政协文史和学习委员会);南海文史资料_第36辑_纪念戴鸿慈诞辰一百五十周年特辑;南海文史资料_第37辑_后门中学七十年 1932年-2002年;南海文史资料_第3辑_西樵山专辑;南海文史资料_第5辑_(政协南海县委员会文史组编);南海文史资料_第6辑_(政协南海县委员会文史组编);南海文史资料_第8辑_(政协南海县委员会文史组)
E0002,佛山,地点,6897,0.95,44,95868.3,南海县志(OCR);中国旅行_广州佛山;中枢与象征_佛山祖庙;佛山历史人物录;佛山市博物馆藏绘画;佛山市志_上;佛山市志_下;佛山文史资料;佛山祖庙;南海市文化艺术志;南海市西樵山旅游度假区志;南海美食_南海传说篇;南海美食_南海特产篇;南海美食_南海美食篇;南海美食南海特产南海传说_合辑;南海非遗_南海书画篇;南海龙狮南海衣冠南海古村_南海古村篇;南海龙狮南海衣冠南海古村_南海衣冠篇;南海龙狮南海衣冠南海古村_南海龙狮篇;岭南文化知识书系_佛山祖庙;南海文史资料_第10辑_陈启沅与南海县纺织工业史专辑;南海文史资料_第11辑_(南海县政协文史资料研究委员会编);南海文史资料_第13辑_(南海县政协文史资料研究委员会编);南海文史资料_第14辑_(南海县政协文史资料委员会编);南海文史资料_第15辑_(南海县政协文史资料委员会编);南海文史资料_第17辑_(南海县政协文史资料研究委员会);南海文史资料_第18辑_(南海县政协文史资料委员会编);南海文史资料_第19辑_(南海县政协文史资料委员会编);南海文史资料_第1辑_(政协南海县委员会文史组);南海文史资料_第20辑_(广东省南海县政协文史资料委员会编);南海文史资料_第21辑_(广东省南海市政协文史资料委员会编);南海文史资料_第23辑_石景宜先生传;南海文史资料_第25辑_(广东省南海市政协文史资料委员会编);南海文史资料_第26辑_黄少强画传;南海文史资料_第29辑_(广东省南海市政协文史和学习委员会编);南海文史资料_第2辑_(政协南海县委员会文史组);南海文史资料_第31辑_南海黄飞鸿传;南海文史资料_第34辑_(广东省南海市政协文史和学习委员会);南海文史资料_第36辑_纪念戴鸿慈诞辰一百五十周年特辑;南海文史资料_第37辑_后门中学七十年 1932年-2002年;南海文史资料_第3辑_西樵山专辑;南海文史资料_第5辑_(政协南海县委员会文史组编);南海文史资料_第6辑_(政协南海县委员会文史组编);南海文史资料_第8辑_(政协南海县委员会文史组)
E0003,广州,地点,3249,0.95,50,51009.3,中国旅行_广州佛山;中枢与象征_佛山祖庙;佛山历史人物录;佛山市博物馆藏绘画;佛山市志_上;佛山市志_下;佛山文史资料;佛山祖庙;南海市文化艺术志;南海市西樵山旅游度假区志;南海文史资料_邹伯奇;南海美食_南海传说篇;南海美食_南海特产篇;南海美食_南海美食篇;南海美食南海特产南海传说_合辑;南海非遗_南海书画篇;南海龙狮南海衣冠南海古村_南海古村篇;南海龙狮南海衣冠南海古村_南海衣冠篇;南海龙狮南海衣冠南海古村_南海龙狮篇;大德南海志_维基文库;岭南文化知识书系_佛山祖庙;南海文史资料_第10辑_陈启沅与南海县纺织工业史专辑;南海文史资料_第11辑_(南海县政协文史资料研究委员会编);南海文史资料_第12辑_纪念康有为诞辰一百三十周年、戊戌维新运动九十周年专辑;南海文史资料_第13辑_(南海县政协文史资料研究委员会编);南海文史资料_第14辑_(南海县政协文史资料委员会编);南海文史资料_第15辑_(南海县政协文史资料委员会编);南海文史资料_第16辑_(南海县政协文史资料研究委员会);南海文史资料_第17辑_(南海县政协文史资料研究委员会);南海文史资料_第18辑_(南海县政协文史资料委员会编);南海文史资料_第19辑_(南海县政协文史资料委员会编);南海文史资料_第1辑_(政协南海县委员会文史组);南海文史资料_第20辑_(广东省南海县政协文史资料委员会编);南海文史资料_第21辑_(广东省南海市政协文史资料委员会编);南海文史资料_第22辑_(广东省南海市政协文史资料委员会编);南海文史资料_第23辑_石景宜先生传;南海文史资料_第25辑_(广东省南海市政协文史资料委员会编);南海文史资料_第26辑_黄少强画传;南海文史资料_第27辑_(广东省南海市政协文史和学习委员会编);南海文史资料_第28辑_纪念詹天佑诞辰一百三十五周年特辑;南海文史资料_第29辑_(广东省南海市政协文史和学习委员会编);南海文史资料_第2辑_(政协南海县委员会文史组);南海文史资料_第30辑_近代改革的先驱者康有为;南海文史资料_第31辑_南海黄飞鸿传;南海文史资料_第34辑_(广东省南海市政协文史和学习委员会);南海文史资料_第37辑_后门中学七十年 1932年-2002年;南海文史资料_第3辑_西樵山专辑;南海文史资料_第5辑_(政协南海县委员会文史组编);南海文史资料_第6辑_(政协南海县委员会文史组编);南海文史资料_第8辑_(政协南海县委员会文史组)
E0004,广东,地点,3054,0.95,51,48864.0,中国旅行_广州佛山;中枢与象征_佛山祖庙;佛山历史人物录;佛山市博物馆藏绘画;佛山市志_上;佛山市志_下;佛山文史资料;佛山祖庙;南海市文化艺术志;南海市西樵山旅游度假区志;南海文史资料_邹伯奇;南海美食_南海传说篇;南海美食_南海特产篇;南海美食_南海美食篇;南海美食南海特产南海传说_合辑;南海非遗_南海书画篇;南海龙狮南海衣冠南海古村_南海古村篇;南海龙狮南海衣冠南海古村_南海衣冠篇;南海龙狮南海衣冠南海古村_南海龙狮篇;大德南海志_维基文库;岭南文化知识书系_佛山祖庙;南海文史资料_第10辑_陈启沅与南海县纺织工业史专辑;南海文史资料_第11辑_(南海县政协文史资料研究委员会编);南海文史资料_第12辑_纪念康有为诞辰一百三十周年、戊戌维新运动九十周年专辑;南海文史资料_第13辑_(南海县政协文史资料研究委员会编);南海文史资料_第14辑_(南海县政协文史资料委员会编);南海文史资料_第15辑_(南海县政协文史资料委员会编);南海文史资料_第17辑_(南海县政协文史资料研究委员会);南海文史资料_第18辑_(南海县政协文史资料委员会编);南海文史资料_第19辑_(南海县政协文史资料委员会编);南海文史资料_第1辑_(政协南海县委员会文史组);南海文史资料_第20辑_(广东省南海县政协文史资料委员会编);南海文史资料_第21辑_(广东省南海市政协文史资料委员会编);南海文史资料_第22辑_(广东省南海市政协文史资料委员会编);南海文史资料_第23辑_石景宜先生传;南海文史资料_第24辑_蚕桑谱专辑;南海文史资料_第25辑_(广东省南海市政协文史资料委员会编);南海文史资料_第26辑_黄少强画传;南海文史资料_第27辑_(广东省南海市政协文史和学习委员会编);南海文史资料_第28辑_纪念詹天佑诞辰一百三十五周年特辑;南海文史资料_第29辑_(广东省南海市政协文史和学习委员会编);南海文史资料_第2辑_(政协南海县委员会文史组);南海文史资料_第30辑_近代改革的先驱者康有为;南海文史资料_第31辑_南海黄飞鸿传;南海文史资料_第34辑_(广东省南海市政协文史和学习委员会);南海文史资料_第36辑_纪念戴鸿慈诞辰一百五十周年特辑;南海文史资料_第37辑_后门中学七十年 1932年-2002年;南海文史资料_第3辑_西樵山专辑;南海文史资料_第5辑_(政协南海县委员会文史组编);南海文史资料_第6辑_(政协南海县委员会文史组编);南海文史资料_第8辑_(政协南海县委员会文史组)
E0005,先生,人物,2454,0.7,37,28957.2,南海县志(OCR);中枢与象征_佛山祖庙;佛山历史人物录;佛山市博物馆藏绘画;佛山文史资料;南海市文化艺术志;南海文史资料_邹伯奇;南海美食_南海传说篇;南海美食_南海美食篇;南海美食南海特产南海传说_合辑;南海非遗_南海书画篇;大德南海志_维基文库;南海文史资料_第11辑_(南海县政协文史资料研究委员会编);南海文史资料_第12辑_纪念康有为诞辰一百三十周年、戊戌维新运动九十周年专辑;南海文史资料_第13辑_(南海县政协文史资料研究委员会编);南海文史资料_第14辑_(南海县政协文史资料委员会编);南海文史资料_第15辑_(南海县政协文史资料委员会编);南海文史资料_第16辑_(南海县政协文史资料研究委员会);南海文史资料_第17辑_(南海县政协文史资料研究委员会);南海文史资料_第18辑_(南海县政协文史资料委员会编);南海文史资料_第1辑_(政协南海县委员会文史组);南海文史资料_第20辑_(广东省南海县政协文史资料委员会编);南海文史资料_第22辑_(广东省南海市政协文史资料委员会编);南海文史资料_第23辑_石景宜先生传;南海文史资料_第25辑_(广东省南海市政协文史资料委员会编);南海文史资料_第26辑_黄少强画传;南海文史资料_第27辑_(广东省南海市政协文史和学习委员会编);南海文史资料_第28辑_纪念詹天佑诞辰一百三十五周年特辑;南海文史资料_第29辑_(广东省南海市政协文史和学习委员会编);南海文史资料_第2辑_(政协南海县委员会文史组);南海文史资料_第30辑_近代改革的先驱者康有为;南海文史资料_第31辑_南海黄飞鸿传;南海文史资料_第34辑_(广东省南海市政协文史和学习委员会);南海文史资料_第37辑_后门中学七十年 1932年-2002年;南海文史资料_第3辑_西樵山专辑;南海文史资料_第6辑_(政协南海县委员会文史组编);南海文史资料_第8辑_(政协南海县委员会文史组)
E0006,九江,地点,1687,0.8,33,17882.2,南海县志(OCR);南海市文化艺术志;南海市西樵山旅游度假区志;南海美食_南海传说篇;南海美食_南海特产篇;南海美食_南海美食篇;南海美食南海特产南海传说_合辑;南海非遗_南海书画篇;南海龙狮南海衣冠南海古村_南海古村篇;南海龙狮南海衣冠南海古村_南海衣冠篇;南海龙狮南海衣冠南海古村_南海龙狮篇;南海文史资料_第10辑_陈启沅与南海县纺织工业史专辑;南海文史资料_第11辑_(南海县政协文史资料研究委员会编);南海文史资料_第12辑_纪念康有为诞辰一百三十周年、戊戌维新运动九十周年专辑;南海文史资料_第13辑_(南海县政协文史资料研究委员会编);南海文史资料_第14辑_(南海县政协文史资料委员会编);南海文史资料_第15辑_(南海县政协文史资料委员会编);南海文史资料_第17辑_(南海县政协文史资料研究委员会);南海文史资料_第18辑_(南海县政协文史资料委员会编);南海文史资料_第19辑_(南海县政协文史资料委员会编);南海文史资料_第1辑_(政协南海县委员会文史组);南海文史资料_第20辑_(广东省南海县政协文史资料委员会编);南海文史资料_第21辑_(广东省南海市政协文史资料委员会编);南海文史资料_第22辑_(广东省南海市政协文史资料委员会编);南海文史资料_第25辑_(广东省南海市政协文史资料委员会编);南海文史资料_第27辑_(广东省南海市政协文史和学习委员会编);南海文史资料_第2辑_(政协南海县委员会文史组);南海文史资料_第30辑_近代改革的先驱者康有为;南海文史资料_第34辑_(广东省南海市政协文史和学习委员会);南海文史资料_第3辑_西樵山专辑;南海文史资料_第5辑_(政协南海县委员会文史组编);南海文史资料_第6辑_(政协南海县委员会文史组编);南海文史资料_第8辑_(政协南海县委员会文史组)
E0007,康有为,人物,2400,0.95,21,16800.0,佛山文史资料;南海市文化艺术志;南海美食_南海传说篇;南海美食南海特产南海传说_合辑;南海非遗_南海书画篇;南海龙狮南海衣冠南海古村_南海衣冠篇;南海文史资料_第12辑_纪念康有为诞辰一百三十周年、戊戌维新运动九十周年专辑;南海文史资料_第13辑_(南海县政协文史资料研究委员会编);南海文史资料_第14辑_(南海县政协文史资料委员会编);南海文史资料_第15辑_(南海县政协文史资料委员会编);南海文史资料_第18辑_(南海县政协文史资料委员会编);南海文史资料_第1辑_(政协南海县委员会文史组);南海文史资料_第22辑_(广东省南海市政协文史资料委员会编);南海文史资料_第23辑_石景宜先生传;南海文史资料_第25辑_(广东省南海市政协文史资料委员会编);南海文史资料_第27辑_(广东省南海市政协文史和学习委员会编);南海文史资料_第2辑_(政协南海县委员会文史组);南海文史资料_第30辑_近代改革的先驱者康有为;南海文史资料_第36辑_纪念戴鸿慈诞辰一百五十周年特辑;南海文史资料_第3辑_西樵山专辑;南海文史资料_第8辑_(政协南海县委员会文史组)
E0008,南海县,地点,1557,0.8,33,16504.2,佛山历史人物录;佛山市志_上;佛山文史资料;南海市文化艺术志;南海市西樵山旅游度假区志;南海文史资料_邹伯奇;南海美食_南海特产篇;大德南海志_维基文库;南海文史资料_第10辑_陈启沅与南海县纺织工业史专辑;南海文史资料_第11辑_(南海县政协文史资料研究委员会编);南海文史资料_第12辑_纪念康有为诞辰一百三十周年、戊戌维新运动九十周年专辑;南海文史资料_第13辑_(南海县政协文史资料研究委员会编);南海文史资料_第14辑_(南海县政协文史资料委员会编);南海文史资料_第15辑_(南海县政协文史资料委员会编);南海文史资料_第16辑_(南海县政协文史资料研究委员会);南海文史资料_第17辑_(南海县政协文史资料研究委员会);南海文史资料_第18辑_(南海县政协文史资料委员会编);南海文史资料_第19辑_(南海县政协文史资料委员会编);南海文史资料_第1辑_(政协南海县委员会文史组);南海文史资料_第20辑_(广东省南海县政协文史资料委员会编);南海文史资料_第21辑_(广东省南海市政协文史资料委员会编);南海文史资料_第22辑_(广东省南海市政协文史资料委员会编);南海文史资料_第23辑_石景宜先生传;南海文史资料_第25辑_(广东省南海市政协文史资料委员会编);南海文史资料_第28辑_纪念詹天佑诞辰一百三十五周年特辑;南海文史资料_第29辑_(广东省南海市政协文史和学习委员会编);南海文史资料_第2辑_(政协南海县委员会文史组);南海文史资料_第34辑_(广东省南海市政协文史和学习委员会);南海文史资料_第37辑_后门中学七十年 1932年-2002年;南海文史资料_第3辑_西樵山专辑;南海文史资料_第5辑_(政协南海县委员会文史组编);南海文史资料_第6辑_(政协南海县委员会文史组编);南海文史资料_第8辑_(政协南海县委员会文史组)
E0009,民国,朝代,1296,0.95,33,13737.6,中枢与象征_佛山祖庙;佛山历史人物录;佛山市博物馆藏绘画;佛山市志_上;佛山市志_下;佛山文史资料;佛山祖庙;南海市文化艺术志;南海市西樵山旅游度假区志;南海美食_南海特产篇;南海龙狮南海衣冠南海古村_南海古村篇;南海龙狮南海衣冠南海古村_南海衣冠篇;南海龙狮南海衣冠南海古村_南海龙狮篇;岭南文化知识书系_佛山祖庙;南海文史资料_第10辑_陈启沅与南海县纺织工业史专辑;南海文史资料_第11辑_(南海县政协文史资料研究委员会编);南海文史资料_第12辑_纪念康有为诞辰一百三十周年、戊戌维新运动九十周年专辑;南海文史资料_第13辑_(南海县政协文史资料研究委员会编);南海文史资料_第14辑_(南海县政协文史资料委员会编);南海文史资料_第15辑_(南海县政协文史资料委员会编);南海文史资料_第18辑_(南海县政协文史资料委员会编);南海文史资料_第19辑_(南海县政协文史资料委员会编);南海文史资料_第1辑_(政协南海县委员会文史组);南海文史资料_第20辑_(广东省南海县政协文史资料委员会编);南海文史资料_第25辑_(广东省南海市政协文史资料委员会编);南海文史资料_第26辑_黄少强画传;南海文史资料_第28辑_纪念詹天佑诞辰一百三十五周年特辑;南海文史资料_第2辑_(政协南海县委员会文史组);南海文史资料_第34辑_(广东省南海市政协文史和学习委员会);南海文史资料_第37辑_后门中学七十年 1932年-2002年;南海文史资料_第5辑_(政协南海县委员会文史组编);南海文史资料_第6辑_(政协南海县委员会文史组编);南海文史资料_第8辑_(政协南海县委员会文史组)
E0010,岭南,地点,647,0.95,27,5693.6,中枢与象征_佛山祖庙;佛山历史人物录;佛山市博物馆藏绘画;佛山祖庙;南海文史资料_邹伯奇;南海美食_南海传说篇;南海美食_南海特产篇;南海美食_南海美食篇;南海美食南海特产南海传说_合辑;南海非遗_南海书画篇;南海龙狮南海衣冠南海古村_南海古村篇;南海龙狮南海衣冠南海古村_南海衣冠篇;南海龙狮南海衣冠南海古村_南海龙狮篇;大德南海志_维基文库;岭南文化知识书系_佛山祖庙;南海文史资料_第13辑_(南海县政协文史资料研究委员会编);南海文史资料_第15辑_(南海县政协文史资料委员会编);南海文史资料_第18辑_(南海县政协文史资料委员会编);南海文史资料_第20辑_(广东省南海县政协文史资料委员会编);南海文史资料_第25辑_(广东省南海市政协文史资料委员会编);南海文史资料_第26辑_黄少强画传;南海文史资料_第27辑_(广东省南海市政协文史和学习委员会编);南海文史资料_第31辑_南海黄飞鸿传;南海文史资料_第34辑_(广东省南海市政协文史和学习委员会);南海文史资料_第3辑_西樵山专辑;南海文史资料_第6辑_(政协南海县委员会文史组编);南海文史资料_第8辑_(政协南海县委员会文史组)
E0011,光绪,朝代,663,0.95,26,5635.5,中枢与象征_佛山祖庙;佛山市博物馆藏绘画;佛山文史资料;佛山祖庙;南海文史资料_邹伯奇;南海非遗_南海书画篇;南海龙狮南海衣冠南海古村_南海衣冠篇;岭南文化知识书系_佛山祖庙;南海文史资料_第10辑_陈启沅与南海县纺织工业史专辑;南海文史资料_第12辑_纪念康有为诞辰一百三十周年、戊戌维新运动九十周年专辑;南海文史资料_第13辑_(南海县政协文史资料研究委员会编);南海文史资料_第14辑_(南海县政协文史资料委员会编);南海文史资料_第15辑_(南海县政协文史资料委员会编);南海文史资料_第17辑_(南海县政协文史资料研究委员会);南海文史资料_第18辑_(南海县政协文史资料委员会编);南海文史资料_第1辑_(政协南海县委员会文史组);南海文史资料_第20辑_(广东省南海县政协文史资料委员会编);南海文史资料_第21辑_(广东省南海市政协文史资料委员会编);南海文史资料_第24辑_蚕桑谱专辑;南海文史资料_第27辑_(广东省南海市政协文史和学习委员会编);南海文史资料_第28辑_纪念詹天佑诞辰一百三十五周年特辑;南海文史资料_第2辑_(政协南海县委员会文史组);南海文史资料_第30辑_近代改革的先驱者康有为;南海文史资料_第34辑_(广东省南海市政协文史和学习委员会);南海文史资料_第36辑_纪念戴鸿慈诞辰一百五十周年特辑;南海文史资料_第3辑_西樵山专辑
E0012,年代,朝代,589,0.8,28,5359.9,中枢与象征_佛山祖庙;佛山历史人物录;佛山市博物馆藏绘画;佛山市志_上;佛山市志_下;佛山文史资料;佛山祖庙;南海市文化艺术志;南海市西樵山旅游度假区志;南海美食_南海特产篇;南海非遗_南海书画篇;南海龙狮南海衣冠南海古村_南海古村篇;南海龙狮南海衣冠南海古村_南海衣冠篇;南海龙狮南海衣冠南海古村_南海龙狮篇;岭南文化知识书系_佛山祖庙;南海文史资料_第10辑_陈启沅与南海县纺织工业史专辑;南海文史资料_第18辑_(南海县政协文史资料委员会编);南海文史资料_第1辑_(政协南海县委员会文史组);南海文史资料_第20辑_(广东省南海县政协文史资料委员会编);南海文史资料_第21辑_(广东省南海市政协文史资料委员会编);南海文史资料_第22辑_(广东省南海市政协文史资料委员会编);南海文史资料_第26辑_黄少强画传;南海文史资料_第29辑_(广东省南海市政协文史和学习委员会编);南海文史资料_第2辑_(政协南海县委员会文史组);南海文史资料_第34辑_(广东省南海市政协文史和学习委员会);南海文史资料_第3辑_西樵山专辑;南海文史资料_第6辑_(政协南海县委员会文史组编);南海文史资料_第8辑_(政协南海县委员会文史组)
E0013,龙舟,文化要素,1011,0.95,9,3437.4,南海美食_南海传说篇;南海美食_南海美食篇;南海美食南海特产南海传说_合辑;南海龙狮南海衣冠南海古村_南海古村篇;南海龙狮南海衣冠南海古村_南海衣冠篇;南海龙狮南海衣冠南海古村_南海龙狮篇;南海文史资料_第20辑_(广东省南海县政协文史资料委员会编);南海文史资料_第22辑_(广东省南海市政协文史资料委员会编);南海文史资料_第6辑_(政协南海县委员会文史组编)
E0014,佛山市,地点,719,0.95,13,3307.4,佛山历史人物录;佛山市志_上;佛山市志_下;佛山祖庙;南海市文化艺术志;岭南文化知识书系_佛山祖庙;南海文史资料_第1辑_(政协南海县委员会文史组);南海文史资料_第20辑_(广东省南海县政协文史资料委员会编);南海文史资料_第21辑_(广东省南海市政协文史资料委员会编);南海文史资料_第23辑_石景宜先生传;南海文史资料_第37辑_后门中学七十年 1932年-2002年;南海文史资料_第5辑_(政协南海县委员会文史组编);南海文史资料_第6辑_(政协南海县委员会文史组编)
E0015,珠江,地点,415,0.8,22,3029.5,中国旅行_广州佛山;中枢与象征_佛山祖庙;佛山市博物馆藏绘画;佛山市志_上;佛山市志_下;佛山祖庙;南海市文化艺术志;南海美食_南海传说篇;南海美食_南海特产篇;南海美食南海特产南海传说_合辑;南海龙狮南海衣冠南海古村_南海古村篇;南海龙狮南海衣冠南海古村_南海衣冠篇;南海龙狮南海衣冠南海古村_南海龙狮篇;岭南文化知识书系_佛山祖庙;南海文史资料_第11辑_(南海县政协文史资料研究委员会编);南海文史资料_第14辑_(南海县政协文史资料委员会编);南海文史资料_第15辑_(南海县政协文史资料委员会编);南海文史资料_第19辑_(南海县政协文史资料委员会编);南海文史资料_第1辑_(政协南海县委员会文史组);南海文史资料_第21辑_(广东省南海市政协文史资料委员会编);南海文史资料_第34辑_(广东省南海市政协文史和学习委员会);南海文史资料_第37辑_后门中学七十年 1932年-2002年
E0016,粤剧,文化要素,558,0.95,13,2566.8,中国旅行_广州佛山;佛山历史人物录;佛山文史资料;佛山祖庙;南海市文化艺术志;岭南文化知识书系_佛山祖庙;南海文史资料_第11辑_(南海县政协文史资料研究委员会编);南海文史资料_第14辑_(南海县政协文史资料委员会编);南海文史资料_第25辑_(广东省南海市政协文史资料委员会编);南海文史资料_第29辑_(广东省南海市政协文史和学习委员会编);南海文史资料_第2辑_(政协南海县委员会文史组);南海文史资料_第6辑_(政协南海县委员会文史组编);南海文史资料_第8辑_(政协南海县委员会文史组)
E0017,青年,朝代,366,0.8,20,2452.2,中国旅行_广州佛山;佛山历史人物录;佛山市志_上;南海市文化艺术志;南海非遗_南海书画篇;南海文史资料_第11辑_(南海县政协文史资料研究委员会编);南海文史资料_第12辑_纪念康有为诞辰一百三十周年、戊戌维新运动九十周年专辑;南海文史资料_第13辑_(南海县政协文史资料研究委员会编);南海文史资料_第15辑_(南海县政协文史资料委员会编);南海文史资料_第1辑_(政协南海县委员会文史组);南海文史资料_第20辑_(广东省南海县政协文史资料委员会编);南海文史资料_第21辑_(广东省南海市政协文史资料委员会编);南海文史资料_第22辑_(广东省南海市政协文史资料委员会编);南海文史资料_第25辑_(广东省南海市政协文史资料委员会编);南海文史资料_第26辑_黄少强画传;南海文史资料_第28辑_纪念詹天佑诞辰一百三十五周年特辑;南海文史资料_第34辑_(广东省南海市政协文史和学习委员会);南海文史资料_第37辑_后门中学七十年 1932年-2002年;南海文史资料_第6辑_(政协南海县委员会文史组编);南海文史资料_第8辑_(政协南海县委员会文史组)
E0018,农村,地点,460,0.8,14,2254.0,中国旅行_广州佛山;佛山市志_上;佛山市志_下;南海市文化艺术志;南海市西樵山旅游度假区志;南海非遗_南海书画篇;南海文史资料_第10辑_陈启沅与南海县纺织工业史专辑;南海文史资料_第15辑_(南海县政协文史资料委员会编);南海文史资料_第19辑_(南海县政协文史资料委员会编);南海文史资料_第20辑_(广东省南海县政协文史资料委员会编);南海文史资料_第21辑_(广东省南海市政协文史资料委员会编);南海文史资料_第25辑_(广东省南海市政协文史资料委员会编);南海文史资料_第5辑_(政协南海县委员会文史组编);南海文史资料_第6辑_(政协南海县委员会文史组编)
E0019,三年,朝代,320,0.8,21,2240.0,南海县志(OCR);中枢与象征_佛山祖庙;佛山市博物馆藏绘画;佛山市志_上;佛山文史资料;佛山祖庙;大德南海志_维基文库;岭南文化知识书系_佛山祖庙;南海文史资料_第10辑_陈启沅与南海县纺织工业史专辑;南海文史资料_第12辑_纪念康有为诞辰一百三十周年、戊戌维新运动九十周年专辑;南海文史资料_第13辑_(南海县政协文史资料研究委员会编);南海文史资料_第15辑_(南海县政协文史资料委员会编);南海文史资料_第1辑_(政协南海县委员会文史组);南海文史资料_第20辑_(广东省南海县政协文史资料委员会编);南海文史资料_第23辑_石景宜先生传;南海文史资料_第25辑_(广东省南海市政协文史资料委员会编);南海文史资料_第27辑_(广东省南海市政协文史和学习委员会编);南海文史资料_第28辑_纪念詹天佑诞辰一百三十五周年特辑;南海文史资料_第2辑_(政协南海县委员会文史组);南海文史资料_第36辑_纪念戴鸿慈诞辰一百五十周年特辑;南海文史资料_第3辑_西樵山专辑
E0020,道光,朝代,480,0.95,13,2208.0,南海县志(OCR);中枢与象征_佛山祖庙;佛山市博物馆藏绘画;佛山祖庙;南海文史资料_邹伯奇;岭南文化知识书系_佛山祖庙;南海文史资料_第11辑_(南海县政协文史资料研究委员会编);南海文史资料_第13辑_(南海县政协文史资料研究委员会编);南海文史资料_第18辑_(南海县政协文史资料委员会编);南海文史资料_第1辑_(政协南海县委员会文史组);南海文史资料_第27辑_(广东省南海市政协文史和学习委员会编);南海文史资料_第2辑_(政协南海县委员会文史组);南海文史资料_第3辑_西樵山专辑
E0021,书院,建筑,378,0.95,17,2192.4,中枢与象征_佛山祖庙;佛山历史人物录;佛山文史资料;南海文史资料_邹伯奇;南海非遗_南海书画篇;南海龙狮南海衣冠南海古村_南海衣冠篇;大德南海志_维基文库;南海文史资料_第11辑_(南海县政协文史资料研究委员会编);南海文史资料_第12辑_纪念康有为诞辰一百三十周年、戊戌维新运动九十周年专辑;南海文史资料_第13辑_(南海县政协文史资料研究委员会编);南海文史资料_第14辑_(南海县政协文史资料委员会编);南海文史资料_第15辑_(南海县政协文史资料委员会编);南海文史资料_第16辑_(南海县政协文史资料研究委员会);南海文史资料_第18辑_(南海县政协文史资料委员会编);南海文史资料_第1辑_(政协南海县委员会文史组);南海文史资料_第27辑_(广东省南海市政协文史和学习委员会编);南海文史资料_第3辑_西樵山专辑
E0022,西樵山,地点,429,0.95,14,2102.1,南海市西樵山旅游度假区志;南海美食_南海传说篇;南海美食_南海美食篇;南海美食南海特产南海传说_合辑;南海龙狮南海衣冠南海古村_南海衣冠篇;南海文史资料_第11辑_(南海县政协文史资料研究委员会编);南海文史资料_第12辑_纪念康有为诞辰一百三十周年、戊戌维新运动九十周年专辑;南海文史资料_第13辑_(南海县政协文史资料研究委员会编);南海文史资料_第1辑_(政协南海县委员会文史组);南海文史资料_第21辑_(广东省南海市政协文史资料委员会编);南海文史资料_第22辑_(广东省南海市政协文史资料委员会编);南海文史资料_第2辑_(政协南海县委员会文史组);南海文史资料_第3辑_西樵山专辑;南海文史资料_第5辑_(政协南海县委员会文史组编)
E0023,铁路,地点,631,0.8,8,1956.1,佛山市志_下;南海文史资料_第11辑_(南海县政协文史资料研究委员会编);南海文史资料_第14辑_(南海县政协文史资料委员会编);南海文史资料_第28辑_纪念詹天佑诞辰一百三十五周年特辑;南海文史资料_第2辑_(政协南海县委员会文史组);南海文史资料_第36辑_纪念戴鸿慈诞辰一百五十周年特辑;南海文史资料_第5辑_(政协南海县委员会文史组编);南海文史资料_第6辑_(政协南海县委员会文史组编)
E0024,年间,朝代,276,0.8,21,1932.0,中枢与象征_佛山祖庙;佛山历史人物录;佛山市博物馆藏绘画;佛山市志_上;佛山市志_下;佛山祖庙;南海美食_南海传说篇;南海美食_南海特产篇;南海美食南海特产南海传说_合辑;南海龙狮南海衣冠南海古村_南海衣冠篇;岭南文化知识书系_佛山祖庙;南海文史资料_第10辑_陈启沅与南海县纺织工业史专辑;南海文史资料_第12辑_纪念康有为诞辰一百三十周年、戊戌维新运动九十周年专辑;南海文史资料_第14辑_(南海县政协文史资料委员会编);南海文史资料_第18辑_(南海县政协文史资料委员会编);南海文史资料_第22辑_(广东省南海市政协文史资料委员会编);南海文史资料_第26辑_黄少强画传;南海文史资料_第29辑_(广东省南海市政协文史和学习委员会编);南海文史资料_第2辑_(政协南海县委员会文史组);南海文史资料_第3辑_西樵山专辑;南海文史资料_第5辑_(政协南海县委员会文史组编)
E0025,一年,朝代,275,0.8,21,1925.0,南海县志(OCR);中枢与象征_佛山祖庙;佛山市博物馆藏绘画;佛山文史资料;南海美食_南海美食篇;南海文史资料_第10辑_陈启沅与南海县纺织工业史专辑;南海文史资料_第11辑_(南海县政协文史资料研究委员会编);南海文史资料_第12辑_纪念康有为诞辰一百三十周年、戊戌维新运动九十周年专辑;南海文史资料_第13辑_(南海县政协文史资料研究委员会编);南海文史资料_第15辑_(南海县政协文史资料委员会编);南海文史资料_第16辑_(南海县政协文史资料研究委员会);南海文史资料_第18辑_(南海县政协文史资料委员会编);南海文史资料_第1辑_(政协南海县委员会文史组);南海文史资料_第20辑_(广东省南海县政协文史资料委员会编);南海文史资料_第22辑_(广东省南海市政协文史资料委员会编);南海文史资料_第23辑_石景宜先生传;南海文史资料_第24辑_蚕桑谱专辑;南海文史资料_第26辑_黄少强画传;南海文史资料_第29辑_(广东省南海市政协文史和学习委员会编);南海文史资料_第2辑_(政协南海县委员会文史组);南海文史资料_第37辑_后门中学七十年 1932年-2002年
E0026,孙中山,地点,353,0.8,15,1835.6,佛山历史人物录;佛山文史资料;南海文史资料_第11辑_(南海县政协文史资料研究委员会编);南海文史资料_第12辑_纪念康有为诞辰一百三十周年、戊戌维新运动九十周年专辑;南海文史资料_第14辑_(南海县政协文史资料委员会编);南海文史资料_第15辑_(南海县政协文史资料委员会编);南海文史资料_第16辑_(南海县政协文史资料研究委员会);南海文史资料_第23辑_石景宜先生传;南海文史资料_第25辑_(广东省南海市政协文史资料委员会编);南海文史资料_第28辑_纪念詹天佑诞辰一百三十五周年特辑;南海文史资料_第29辑_(广东省南海市政协文史和学习委员会编);南海文史资料_第2辑_(政协南海县委员会文史组);南海文史资料_第30辑_近代改革的先驱者康有为;南海文史资料_第34辑_(广东省南海市政协文史和学习委员会);南海文史资料_第6辑_(政协南海县委员会文史组编)
E0027,二年,朝代,293,0.8,17,1699.4,南海县志(OCR);中枢与象征_佛山祖庙;佛山市博物馆藏绘画;佛山祖庙;南海非遗_南海书画篇;大德南海志_维基文库;岭南文化知识书系_佛山祖庙;南海文史资料_第10辑_陈启沅与南海县纺织工业史专辑;南海文史资料_第12辑_纪念康有为诞辰一百三十周年、戊戌维新运动九十周年专辑;南海文史资料_第13辑_(南海县政协文史资料研究委员会编);南海文史资料_第18辑_(南海县政协文史资料委员会编);南海文史资料_第1辑_(政协南海县委员会文史组);南海文史资料_第27辑_(广东省南海市政协文史和学习委员会编);南海文史资料_第28辑_纪念詹天佑诞辰一百三十五周年特辑;南海文史资料_第2辑_(政协南海县委员会文史组);南海文史资料_第36辑_纪念戴鸿慈诞辰一百五十周年特辑;南海文史资料_第3辑_西樵山专辑
E0028,当年,朝代,274,0.8,18,1671.4,佛山市志_下;南海美食_南海传说篇;南海美食_南海特产篇;南海美食南海特产南海传说_合辑;南海龙狮南海衣冠南海古村_南海衣冠篇;南海文史资料_第10辑_陈启沅与南海县纺织工业史专辑;南海文史资料_第11辑_(南海县政协文史资料研究委员会编);南海文史资料_第13辑_(南海县政协文史资料研究委员会编);南海文史资料_第15辑_(南海县政协文史资料委员会编);南海文史资料_第16辑_(南海县政协文史资料研究委员会);南海文史资料_第20辑_(广东省南海县政协文史资料委员会编);南海文史资料_第23辑_石景宜先生传;南海文史资料_第26辑_黄少强画传;南海文史资料_第29辑_(广东省南海市政协文史和学习委员会编);南海文史资料_第34辑_(广东省南海市政协文史和学习委员会);南海文史资料_第37辑_后门中学七十年 1932年-2002年;南海文史资料_第3辑_西樵山专辑;南海文史资料_第5辑_(政协南海县委员会文史组编)
E0029,现代,朝代,272,0.8,17,1577.6,中枢与象征_佛山祖庙;佛山历史人物录;佛山市博物馆藏绘画;佛山市志_上;佛山祖庙;南海市文化艺术志;南海美食_南海特产篇;南海美食_南海美食篇;南海非遗_南海书画篇;南海龙狮南海衣冠南海古村_南海古村篇;南海龙狮南海衣冠南海古村_南海衣冠篇;南海龙狮南海衣冠南海古村_南海龙狮篇;岭南文化知识书系_佛山祖庙;南海文史资料_第10辑_陈启沅与南海县纺织工业史专辑;南海文史资料_第13辑_(南海县政协文史资料研究委员会编);南海文史资料_第26辑_黄少强画传;南海文史资料_第37辑_后门中学七十年 1932年-2002年
E0030,黄飞鸿,人物,824,0.95,4,1565.6,南海龙狮南海衣冠南海古村_南海古村篇;南海龙狮南海衣冠南海古村_南海龙狮篇;南海文史资料_第29辑_(广东省南海市政协文史和学习委员会编);南海文史资料_第31辑_南海黄飞鸿传
E0031,武术,文化要素,498,0.95,8,1543.8,佛山历史人物录;佛山祖庙;南海龙狮南海衣冠南海古村_南海古村篇;南海龙狮南海衣冠南海古村_南海龙狮篇;岭南文化知识书系_佛山祖庙;南海文史资料_第20辑_(广东省南海县政协文史资料委员会编);南海文史资料_第29辑_(广东省南海市政协文史和学习委员会编);南海文史资料_第31辑_南海黄飞鸿传
E0032,官山,地点,316,0.8,11,1264.0,南海市西樵山旅游度假区志;南海文史资料_第10辑_陈启沅与南海县纺织工业史专辑;南海文史资料_第13辑_(南海县政协文史资料研究委员会编);南海文史资料_第15辑_(南海县政协文史资料委员会编);南海文史资料_第1辑_(政协南海县委员会文史组);南海文史资料_第22辑_(广东省南海市政协文史资料委员会编);南海文史资料_第2辑_(政协南海县委员会文史组);南海文史资料_第3辑_西樵山专辑;南海文史资料_第5辑_(政协南海县委员会文史组编);南海文史资料_第6辑_(政协南海县委员会文史组编);南海文史资料_第8辑_(政协南海县委员会文史组)
E0033,进士,文化要素,235,0.95,15,1222.0,佛山历史人物录;佛山市博物馆藏绘画;南海美食_南海传说篇;南海美食南海特产南海传说_合辑;南海非遗_南海书画篇;南海龙狮南海衣冠南海古村_南海衣冠篇;大德南海志_维基文库;南海文史资料_第13辑_(南海县政协文史资料研究委员会编);南海文史资料_第15辑_(南海县政协文史资料委员会编);南海文史资料_第18辑_(南海县政协文史资料委员会编);南海文史资料_第20辑_(广东省南海县政协文史资料委员会编);南海文史资料_第27辑_(广东省南海市政协文史和学习委员会编);南海文史资料_第2辑_(政协南海县委员会文史组);南海文史资料_第36辑_纪念戴鸿慈诞辰一百五十周年特辑;南海文史资料_第3辑_西樵山专辑
E0034,同治,朝代,386,0.95,8,1196.6,南海县志(OCR);佛山市博物馆藏绘画;南海文史资料_邹伯奇;南海文史资料_第10辑_陈启沅与南海县纺织工业史专辑;南海文史资料_第12辑_纪念康有为诞辰一百三十周年、戊戌维新运动九十周年专辑;南海文史资料_第13辑_(南海县政协文史资料研究委员会编);南海文史资料_第18辑_(南海县政协文史资料委员会编);南海文史资料_第2辑_(政协南海县委员会文史组)
E0035,文艺,文化要素,518,0.75,5,1139.6,中国旅行_广州佛山;佛山历史人物录;南海市文化艺术志;南海文史资料_第19辑_(南海县政协文史资料委员会编);南海文史资料_第29辑_(广东省南海市政协文史和学习委员会编)
E0036,盐步,地点,208,0.95,15,1081.6,南海市文化艺术志;南海美食_南海特产篇;南海美食_南海美食篇;南海龙狮南海衣冠南海古村_南海古村篇;南海龙狮南海衣冠南海古村_南海龙狮篇;南海文史资料_第10辑_陈启沅与南海县纺织工业史专辑;南海文史资料_第11辑_(南海县政协文史资料研究委员会编);南海文史资料_第14辑_(南海县政协文史资料委员会编);南海文史资料_第15辑_(南海县政协文史资料委员会编);南海文史资料_第19辑_(南海县政协文史资料委员会编);南海文史资料_第1辑_(政协南海县委员会文史组);南海文史资料_第20辑_(广东省南海县政协文史资料委员会编);南海文史资料_第21辑_(广东省南海市政协文史资料委员会编);南海文史资料_第2辑_(政协南海县委员会文史组);南海文史资料_第37辑_后门中学七十年 1932年-2002年
E0037,书画,文化要素,384,0.75,7,1075.2,佛山历史人物录;佛山市博物馆藏绘画;南海市文化艺术志;南海非遗_南海书画篇;南海文史资料_第15辑_(南海县政协文史资料委员会编);南海文史资料_第23辑_石景宜先生传;南海文史资料_第27辑_(广东省南海市政协文史和学习委员会编)
E0038,城市,地点,275,0.8,10,1017.5,中国旅行_广州佛山;中枢与象征_佛山祖庙;佛山市博物馆藏绘画;佛山市志_上;佛山市志_下;佛山祖庙;南海美食_南海特产篇;南海美食_南海美食篇;南海龙狮南海衣冠南海古村_南海衣冠篇;岭南文化知识书系_佛山祖庙
E0039,石景宜,人物,622,0.95,3,995.2,佛山历史人物录;南海文史资料_第20辑_(广东省南海县政协文史资料委员会编);南海文史资料_第23辑_石景宜先生传
E0040,四年,朝代,242,0.8,11,968.0,南海县志(OCR);中枢与象征_佛山祖庙;南海非遗_南海书画篇;大德南海志_维基文库;南海文史资料_第10辑_陈启沅与南海县纺织工业史专辑;南海文史资料_第12辑_纪念康有为诞辰一百三十周年、戊戌维新运动九十周年专辑;南海文史资料_第1辑_(政协南海县委员会文史组);南海文史资料_第25辑_(广东省南海市政协文史资料委员会编);南海文史资料_第27辑_(广东省南海市政协文史和学习委员会编);南海文史资料_第2辑_(政协南海县委员会文史组);南海文史资料_第5辑_(政协南海县委员会文史组编)
E0041,广州市,地点,182,0.8,15,946.4,中国旅行_广州佛山;南海文史资料_第11辑_(南海县政协文史资料研究委员会编);南海文史资料_第13辑_(南海县政协文史资料研究委员会编);南海文史资料_第14辑_(南海县政协文史资料委员会编);南海文史资料_第15辑_(南海县政协文史资料委员会编);南海文史资料_第18辑_(南海县政协文史资料委员会编);南海文史资料_第19辑_(南海县政协文史资料委员会编);南海文史资料_第20辑_(广东省南海县政协文史资料委员会编);南海文史资料_第23辑_石景宜先生传;南海文史资料_第25辑_(广东省南海市政协文史资料委员会编);南海文史资料_第29辑_(广东省南海市政协文史和学习委员会编);南海文史资料_第34辑_(广东省南海市政协文史和学习委员会);南海文史资料_第37辑_后门中学七十年 1932年-2002年;南海文史资料_第6辑_(政协南海县委员会文史组编);南海文史资料_第8辑_(政协南海县委员会文史组)
E0042,明代,朝代,250,0.95,10,925.0,中枢与象征_佛山祖庙;佛山历史人物录;佛山市博物馆藏绘画;佛山祖庙;南海美食_南海特产篇;南海非遗_南海书画篇;南海龙狮南海衣冠南海古村_南海衣冠篇;岭南文化知识书系_佛山祖庙;南海文史资料_第11辑_(南海县政协文史资料研究委员会编);南海文史资料_第3辑_西樵山专辑
E0043,国画,文化要素,404,0.75,5,888.8,佛山历史人物录;佛山市博物馆藏绘画;南海市文化艺术志;南海非遗_南海书画篇;南海文史资料_第26辑_黄少强画传
E0044,医院,建筑,260,0.8,9,884.0,中国旅行_广州佛山;佛山历史人物录;佛山文史资料;南海文史资料_第15辑_(南海县政协文史资料委员会编);南海文史资料_第16辑_(南海县政协文史资料研究委员会);南海文史资料_第17辑_(南海县政协文史资料研究委员会);南海文史资料_第18辑_(南海县政协文史资料委员会编);南海文史资料_第21辑_(广东省南海市政协文史资料委员会编);南海文史资料_第22辑_(广东省南海市政协文史资料委员会编)
E0045,时代,朝代,170,0.8,15,884.0,佛山市博物馆藏绘画;佛山文史资料;南海非遗_南海书画篇;南海文史资料_第11辑_(南海县政协文史资料研究委员会编);南海文史资料_第12辑_纪念康有为诞辰一百三十周年、戊戌维新运动九十周年专辑;南海文史资料_第13辑_(南海县政协文史资料研究委员会编);南海文史资料_第16辑_(南海县政协文史资料研究委员会);南海文史资料_第17辑_(南海县政协文史资料研究委员会);南海文史资料_第22辑_(广东省南海市政协文史资料委员会编);南海文史资料_第25辑_(广东省南海市政协文史资料委员会编);南海文史资料_第26辑_黄少强画传;南海文史资料_第27辑_(广东省南海市政协文史和学习委员会编);南海文史资料_第30辑_近代改革的先驱者康有为;南海文史资料_第36辑_纪念戴鸿慈诞辰一百五十周年特辑;南海文史资料_第3辑_西樵山专辑
E0046,绘画,文化要素,387,0.75,5,851.4,佛山历史人物录;佛山市博物馆藏绘画;南海非遗_南海书画篇;南海文史资料_第13辑_(南海县政协文史资料研究委员会编);南海文史资料_第26辑_黄少强画传
E0047,工艺,文化要素,246,0.75,9,836.4,中国旅行_广州佛山;中枢与象征_佛山祖庙;佛山历史人物录;佛山市志_下;南海市西樵山旅游度假区志;南海美食_南海特产篇;南海龙狮南海衣冠南海古村_南海古村篇;南海龙狮南海衣冠南海古村_南海衣冠篇;南海龙狮南海衣冠南海古村_南海龙狮篇
E0048,戴鸿慈,人物,635,0.95,2,825.5,南海文史资料_第17辑_(南海县政协文史资料研究委员会);南海文史资料_第36辑_纪念戴鸿慈诞辰一百五十周年特辑
E0049,梁启超,人物,373,0.95,5,820.6,南海文史资料_第12辑_纪念康有为诞辰一百三十周年、戊戌维新运动九十周年专辑;南海文史资料_第22辑_(广东省南海市政协文史资料委员会编);南海文史资料_第2辑_(政协南海县委员会文史组);南海文史资料_第30辑_近代改革的先驱者康有为;南海文史资料_第36辑_纪念戴鸿慈诞辰一百五十周年特辑
E0050,五年,朝代,188,0.8,12,808.4,南海县志(OCR);中国旅行_广州佛山;中枢与象征_佛山祖庙;佛山文史资料;佛山祖庙;大德南海志_维基文库;岭南文化知识书系_佛山祖庙;南海文史资料_第10辑_陈启沅与南海县纺织工业史专辑;南海文史资料_第16辑_(南海县政协文史资料研究委员会);南海文史资料_第17辑_(南海县政协文史资料研究委员会);南海文史资料_第26辑_黄少强画传;南海文史资料_第2辑_(政协南海县委员会文史组)
E0051,元年,朝代,207,0.8,10,765.9,南海县志(OCR);中枢与象征_佛山祖庙;佛山市志_上;南海市西樵山旅游度假区志;大德南海志_维基文库;南海文史资料_第18辑_(南海县政协文史资料委员会编);南海文史资料_第1辑_(政协南海县委员会文史组);南海文史资料_第28辑_纪念詹天佑诞辰一百三十五周年特辑;南海文史资料_第2辑_(政协南海县委员会文史组);南海文史资料_第6辑_(政协南海县委员会文史组编)
E0052,近代,朝代,246,0.8,8,762.6,佛山市博物馆藏绘画;南海文史资料_邹伯奇;南海文史资料_第10辑_陈启沅与南海县纺织工业史专辑;南海文史资料_第12辑_纪念康有为诞辰一百三十周年、戊戌维新运动九十周年专辑;南海文史资料_第22辑_(广东省南海市政协文史资料委员会编);南海文史资料_第28辑_纪念詹天佑诞辰一百三十五周年特辑;南海文史资料_第30辑_近代改革的先驱者康有为;南海文史资料_第36辑_纪念戴鸿慈诞辰一百五十周年特辑
E0053,平洲,地点,220,0.95,8,682.0,南海市文化艺术志;南海美食_南海特产篇;南海文史资料_第10辑_陈启沅与南海县纺织工业史专辑;南海文史资料_第19辑_(南海县政协文史资料委员会编);南海文史资料_第1辑_(政协南海县委员会文史组);南海文史资料_第20辑_(广东省南海县政协文史资料委员会编);南海文史资料_第21辑_(广东省南海市政协文史资料委员会编);南海文史资料_第29辑_(广东省南海市政协文史和学习委员会编)
E0054,民乐,地点,356,0.95,4,676.4,南海市西樵山旅游度假区志;南海文史资料_第10辑_陈启沅与南海县纺织工业史专辑;南海文史资料_第15辑_(南海县政协文史资料委员会编);南海文史资料_第1辑_(政协南海县委员会文史组)
E0055,城区,地点,295,0.8,5,649.0,佛山市志_上;佛山市志_下;南海市文化艺术志;南海市西樵山旅游度假区志;南海文史资料_第21辑_(广东省南海市政协文史资料委员会编)
E0056,举人,文化要素,174,0.95,10,643.8,佛山市博物馆藏绘画;南海非遗_南海书画篇;南海龙狮南海衣冠南海古村_南海衣冠篇;南海文史资料_第12辑_纪念康有为诞辰一百三十周年、戊戌维新运动九十周年专辑;南海文史资料_第13辑_(南海县政协文史资料研究委员会编);南海文史资料_第14辑_(南海县政协文史资料委员会编);南海文史资料_第17辑_(南海县政协文史资料研究委员会);南海文史资料_第18辑_(南海县政协文史资料委员会编);南海文史资料_第21辑_(广东省南海市政协文史资料委员会编);南海文史资料_第2辑_(政协南海县委员会文史组)
E0057,祠堂,建筑,159,0.95,11,636.0,中枢与象征_佛山祖庙;佛山祖庙;南海美食_南海传说篇;南海美食_南海特产篇;南海美食南海特产南海传说_合辑;南海龙狮南海衣冠南海古村_南海古村篇;南海龙狮南海衣冠南海古村_南海衣冠篇;南海龙狮南海衣冠南海古村_南海龙狮篇;岭南文化知识书系_佛山祖庙;南海文史资料_第3辑_西樵山专辑;南海文史资料_第6辑_(政协南海县委员会文史组编)
E0058,公路,地点,227,0.8,7,635.6,佛山市志_下;南海市西樵山旅游度假区志;南海文史资料_第19辑_(南海县政协文史资料委员会编);南海文史资料_第1辑_(政协南海县委员会文史组);南海文史资料_第21辑_(广东省南海市政协文史资料委员会编);南海文史资料_第2辑_(政协南海县委员会文史组);南海文史资料_第8辑_(政协南海县委员会文史组)
E0059,清朝,朝代,181,0.8,9,615.4,佛山文史资料;佛山祖庙;岭南文化知识书系_佛山祖庙;南海文史资料_第12辑_纪念康有为诞辰一百三十周年、戊戌维新运动九十周年专辑;南海文史资料_第17辑_(南海县政协文史资料研究委员会);南海文史资料_第1辑_(政协南海县委员会文史组);南海文史资料_第2辑_(政协南海县委员会文史组);南海文史资料_第30辑_近代改革的先驱者康有为;南海文史资料_第36辑_纪念戴鸿慈诞辰一百五十周年特辑
E0060,南海市,地点,244,0.8,6,610.0,南海市文化艺术志;南海文史资料_第25辑_(广东省南海市政协文史资料委员会编);南海文史资料_第26辑_黄少强画传;南海文史资料_第27辑_(广东省南海市政协文史和学习委员会编);南海文史资料_第28辑_纪念詹天佑诞辰一百三十五周年特辑;南海文史资料_第37辑_后门中学七十年 1932年-2002年
E0061,学堂,建筑,179,0.8,9,608.6,南海文史资料_第10辑_陈启沅与南海县纺织工业史专辑;南海文史资料_第12辑_纪念康有为诞辰一百三十周年、戊戌维新运动九十周年专辑;南海文史资料_第13辑_(南海县政协文史资料研究委员会编);南海文史资料_第14辑_(南海县政协文史资料委员会编);南海文史资料_第22辑_(广东省南海市政协文史资料委员会编);南海文史资料_第28辑_纪念詹天佑诞辰一百三十五周年特辑;南海文史资料_第2辑_(政协南海县委员会文史组);南海文史资料_第30辑_近代改革的先驱者康有为;南海文史资料_第36辑_纪念戴鸿慈诞辰一百五十周年特辑
E0062,乾隆,朝代,215,0.95,7,602.0,南海县志(OCR);中枢与象征_佛山祖庙;佛山市博物馆藏绘画;佛山祖庙;南海美食_南海传说篇;南海美食南海特产南海传说_合辑;岭南文化知识书系_佛山祖庙
E0063,七年,朝代,177,0.8,9,601.8,南海县志(OCR);中枢与象征_佛山祖庙;南海非遗_南海书画篇;大德南海志_维基文库;南海文史资料_第10辑_陈启沅与南海县纺织工业史专辑;南海文史资料_第12辑_纪念康有为诞辰一百三十周年、戊戌维新运动九十周年专辑;南海文史资料_第1辑_(政协南海县委员会文史组);南海文史资料_第27辑_(广东省南海市政协文史和学习委员会编);南海文史资料_第2辑_(政协南海县委员会文史组)
E0064,周年,朝代,171,0.8,9,581.4,南海市文化艺术志;南海非遗_南海书画篇;南海文史资料_第12辑_纪念康有为诞辰一百三十周年、戊戌维新运动九十周年专辑;南海文史资料_第20辑_(广东省南海县政协文史资料委员会编);南海文史资料_第23辑_石景宜先生传;南海文史资料_第25辑_(广东省南海市政协文史资料委员会编);南海文史资料_第27辑_(广东省南海市政协文史和学习委员会编);南海文史资料_第28辑_纪念詹天佑诞辰一百三十五周年特辑;南海文史资料_第37辑_后门中学七十年 1932年-2002年
E0065,詹天佑,人物,442,0.95,2,574.6,南海文史资料_第28辑_纪念詹天佑诞辰一百三十五周年特辑;南海文史资料_第2辑_(政协南海县委员会文史组)
E0066,书馆,建筑,433,0.8,2,562.9,佛山历史人物录;南海市文化艺术志
E0067,六年,朝代,161,0.8,9,547.4,南海县志(OCR);大德南海志_维基文库;南海文史资料_第10辑_陈启沅与南海县纺织工业史专辑;南海文史资料_第12辑_纪念康有为诞辰一百三十周年、戊戌维新运动九十周年专辑;南海文史资料_第18辑_(南海县政协文史资料委员会编);南海文史资料_第1辑_(政协南海县委员会文史组);南海文史资料_第27辑_(广东省南海市政协文史和学习委员会编);南海文史资料_第2辑_(政协南海县委员会文史组);南海文史资料_第5辑_(政协南海县委员会文史组编)
E0068,乡村,地点,137,0.8,10,506.9,南海市西樵山旅游度假区志;南海龙狮南海衣冠南海古村_南海衣冠篇;南海文史资料_第10辑_陈启沅与南海县纺织工业史专辑;南海文史资料_第13辑_(南海县政协文史资料研究委员会编);南海文史资料_第15辑_(南海县政协文史资料委员会编);南海文史资料_第18辑_(南海县政协文史资料委员会编);南海文史资料_第21辑_(广东省南海市政协文史资料委员会编);南海文史资料_第37辑_后门中学七十年 1932年-2002年;南海文史资料_第5辑_(政协南海县委员会文史组编);南海文史资料_第8辑_(政协南海县委员会文史组)
E0069,佛市,地点,228,0.8,5,501.6,中枢与象征_佛山祖庙;佛山市博物馆藏绘画;佛山市志_上;佛山市志_下;南海市文化艺术志
E0070,技艺,文化要素,134,0.75,10,495.8,佛山历史人物录;佛山市博物馆藏绘画;佛山祖庙;南海美食_南海特产篇;南海龙狮南海衣冠南海古村_南海古村篇;南海龙狮南海衣冠南海古村_南海龙狮篇;岭南文化知识书系_佛山祖庙;南海文史资料_第20辑_(广东省南海县政协文史资料委员会编);南海文史资料_第31辑_南海黄飞鸿传;南海文史资料_第8辑_(政协南海县委员会文史组)
E0071,清代,朝代,145,0.95,9,493.0,中枢与象征_佛山祖庙;佛山历史人物录;佛山市博物馆藏绘画;南海非遗_南海书画篇;南海文史资料_第11辑_(南海县政协文史资料研究委员会编);南海文史资料_第14辑_(南海县政协文史资料委员会编);南海文史资料_第27辑_(广东省南海市政协文史和学习委员会编);南海文史资料_第29辑_(广东省南海市政协文史和学习委员会编);南海文史资料_第3辑_西樵山专辑
E0072,罗村,地点,158,0.95,8,489.8,南海市文化艺术志;南海美食_南海美食篇;南海文史资料_第13辑_(南海县政协文史资料研究委员会编);南海文史资料_第15辑_(南海县政协文史资料委员会编);南海文史资料_第19辑_(南海县政协文史资料委员会编);南海文史资料_第1辑_(政协南海县委员会文史组);南海文史资料_第21辑_(广东省南海市政协文史资料委员会编);南海文史资料_第34辑_(广东省南海市政协文史和学习委员会)
E0073,八年,朝代,132,0.8,10,488.4,南海县志(OCR);佛山祖庙;大德南海志_维基文库;岭南文化知识书系_佛山祖庙;南海文史资料_第10辑_陈启沅与南海县纺织工业史专辑;南海文史资料_第12辑_纪念康有为诞辰一百三十周年、戊戌维新运动九十周年专辑;南海文史资料_第18辑_(南海县政协文史资料委员会编);南海文史资料_第27辑_(广东省南海市政协文史和学习委员会编);南海文史资料_第2辑_(政协南海县委员会文史组);南海文史资料_第3辑_西樵山专辑
E0074,博物馆,建筑,191,0.8,6,477.5,中国旅行_广州佛山;佛山历史人物录;佛山市博物馆藏绘画;南海市文化艺术志;南海文史资料_第36辑_纪念戴鸿慈诞辰一百五十周年特辑;南海文史资料_第3辑_西樵山专辑
E0075,范围,地点,187,0.8,6,467.5,中枢与象征_佛山祖庙;佛山市志_上;佛山市志_下;南海市文化艺术志;南海市西樵山旅游度假区志;南海文史资料_第3辑_西樵山专辑
E0076,官窑,地点,124,0.95,10,458.8,南海文史资料_第14辑_(南海县政协文史资料委员会编);南海文史资料_第15辑_(南海县政协文史资料委员会编);南海文史资料_第19辑_(南海县政协文史资料委员会编);南海文史资料_第1辑_(政协南海县委员会文史组);南海文史资料_第21辑_(广东省南海市政协文史资料委员会编);南海文史资料_第26辑_黄少强画传;南海文史资料_第29辑_(广东省南海市政协文史和学习委员会编);南海文史资料_第2辑_(政协南海县委员会文史组);南海文史资料_第37辑_后门中学七十年 1932年-2002年;南海文史资料_第8辑_(政协南海县委员会文史组)
E0077,尚书,人物,133,0.7,9,452.2,佛山祖庙;南海美食_南海传说篇;南海美食南海特产南海传说_合辑;南海非遗_南海书画篇;岭南文化知识书系_佛山祖庙;南海文史资料_第17辑_(南海县政协文史资料研究委员会);南海文史资料_第22辑_(广东省南海市政协文史资料委员会编);南海文史资料_第36辑_纪念戴鸿慈诞辰一百五十周年特辑;南海文史资料_第3辑_西樵山专辑
E0078,祖庙,建筑,282,0.95,3,451.2,中枢与象征_佛山祖庙;佛山祖庙;岭南文化知识书系_佛山祖庙
E0079,宗祠,建筑,203,0.95,5,446.6,中枢与象征_佛山祖庙;南海市文化艺术志;南海市西樵山旅游度假区志;南海龙狮南海衣冠南海古村_南海衣冠篇;南海文史资料_第29辑_(广东省南海市政协文史和学习委员会编)
E0080,西江,地点,129,0.95,9,438.6,中国旅行_广州佛山;南海市西樵山旅游度假区志;南海美食_南海传说篇;南海美食_南海特产篇;南海美食南海特产南海传说_合辑;南海龙狮南海衣冠南海古村_南海衣冠篇;南海文史资料_第11辑_(南海县政协文史资料研究委员会编);南海文史资料_第2辑_(政协南海县委员会文史组);南海文史资料_第6辑_(政协南海县委员会文史组编)
E0081,陈启沅,人物,263,0.95,3,420.8,南海文史资料_第10辑_陈启沅与南海县纺织工业史专辑;南海文史资料_第13辑_(南海县政协文史资料研究委员会编);南海文史资料_第24辑_蚕桑谱专辑
E0082,十年,朝代,142,0.8,7,397.6,南海县志(OCR);大德南海志_维基文库;南海文史资料_第10辑_陈启沅与南海县纺织工业史专辑;南海文史资料_第17辑_(南海县政协文史资料研究委员会);南海文史资料_第26辑_黄少强画传;南海文史资料_第2辑_(政协南海县委员会文史组);南海文史资料_第36辑_纪念戴鸿慈诞辰一百五十周年特辑
E0083,纺织,文化要素,243,0.95,3,388.8,佛山市志_下;南海市西樵山旅游度假区志;南海文史资料_第10辑_陈启沅与南海县纺织工业史专辑
E0084,歌曲,文化要素,202,0.75,4,383.8,南海市文化艺术志;南海文史资料_第18辑_(南海县政协文史资料委员会编);南海文史资料_第20辑_(广东省南海县政协文史资料委员会编);南海文史资料_第2辑_(政协南海县委员会文史组)
E0085,丝织,文化要素,232,0.95,3,371.2,南海市西樵山旅游度假区志;南海文史资料_第10辑_陈启沅与南海县纺织工业史专辑;南海文史资料_第1辑_(政协南海县委员会文史组)
E0086,晚年,朝代,106,0.8,9,360.4,佛山历史人物录;南海文史资料_邹伯奇;南海美食_南海传说篇;南海美食南海特产南海传说_合辑;南海非遗_南海书画篇;南海文史资料_第12辑_纪念康有为诞辰一百三十周年、戊戌维新运动九十周年专辑;南海文史资料_第13辑_(南海县政协文史资料研究委员会编);南海文史资料_第27辑_(广东省南海市政协文史和学习委员会编);南海文史资料_第34辑_(广东省南海市政协文史和学习委员会)
E0087,北江,地点,116,0.95,8,359.6,南海市西樵山旅游度假区志;南海美食_南海传说篇;南海美食南海特产南海传说_合辑;南海龙狮南海衣冠南海古村_南海衣冠篇;南海文史资料_第15辑_(南海县政协文史资料委员会编);南海文史资料_第1辑_(政协南海县委员会文史组);南海文史资料_第21辑_(广东省南海市政协文史资料委员会编);南海文史资料_第34辑_(广东省南海市政协文史和学习委员会)
E0088,和顺,地点,127,0.95,7,355.6,南海市文化艺术志;南海美食_南海特产篇;南海文史资料_第14辑_(南海县政协文史资料委员会编);南海文史资料_第15辑_(南海县政协文史资料委员会编);南海文史资料_第1辑_(政协南海县委员会文史组);南海文史资料_第37辑_后门中学七十年 1932年-2002年;南海文史资料_第8辑_(政协南海县委员会文史组)
E0089,木雕,文化要素,161,0.95,5,354.2,中枢与象征_佛山祖庙;佛山祖庙;南海龙狮南海衣冠南海古村_南海衣冠篇;岭南文化知识书系_佛山祖庙;南海文史资料_第11辑_(南海县政协文史资料研究委员会编)
E0090,图书馆,建筑,161,0.8,5,354.2,南海市文化艺术志;大德南海志_维基文库;南海文史资料_第20辑_(广东省南海县政协文史资料委员会编);南海文史资料_第23辑_石景宜先生传;南海文史资料_第37辑_后门中学七十年 1932年-2002年
E0091,我县,地点,122,0.8,7,341.6,南海文史资料_第11辑_(南海县政协文史资料研究委员会编);南海文史资料_第13辑_(南海县政协文史资料研究委员会编);南海文史资料_第15辑_(南海县政协文史资料委员会编);南海文史资料_第1辑_(政协南海县委员会文史组);南海文史资料_第2辑_(政协南海县委员会文史组);南海文史资料_第5辑_(政协南海县委员会文史组编);南海文史资料_第6辑_(政协南海县委员会文史组编)
E0092,多年,朝代,97,0.8,9,329.8,南海文史资料_第15辑_(南海县政协文史资料委员会编);南海文史资料_第17辑_(南海县政协文史资料研究委员会);南海文史资料_第20辑_(广东省南海县政协文史资料委员会编);南海文史资料_第23辑_石景宜先生传;南海文史资料_第25辑_(广东省南海市政协文史资料委员会编);南海文史资料_第27辑_(广东省南海市政协文史和学习委员会编);南海文史资料_第31辑_南海黄飞鸿传;南海文史资料_第37辑_后门中学七十年 1932年-2002年;南海文史资料_第3辑_西樵山专辑
E0093,古村,地点,172,0.8,4,326.8,南海美食_南海美食篇;南海龙狮南海衣冠南海古村_南海古村篇;南海龙狮南海衣冠南海古村_南海衣冠篇;南海龙狮南海衣冠南海古村_南海龙狮篇
E0094,陶瓷,文化要素,139,0.75,5,305.8,中国旅行_广州佛山;佛山历史人物录;佛山市志_上;佛山市志_下;南海市西樵山旅游度假区志
E0095,草堂,建筑,138,0.8,5,303.6,南海非遗_南海书画篇;南海文史资料_第12辑_纪念康有为诞辰一百三十周年、戊戌维新运动九十周年专辑;南海文史资料_第22辑_(广东省南海市政协文史资料委员会编);南海文史资料_第27辑_(广东省南海市政协文史和学习委员会编);南海文史资料_第30辑_近代改革的先驱者康有为
E0096,龙狮,文化要素,179,0.95,3,286.4,南海龙狮南海衣冠南海古村_南海古村篇;南海龙狮南海衣冠南海古村_南海衣冠篇;南海龙狮南海衣冠南海古村_南海龙狮篇
E0097,郊区,地点,178,0.8,3,284.8,中国旅行_广州佛山;佛山市志_上;佛山市志_下
E0098,朱次琦,人物,178,0.95,3,284.8,南海文史资料_第12辑_纪念康有为诞辰一百三十周年、戊戌维新运动九十周年专辑;南海文史资料_第1辑_(政协南海县委员会文史组);南海文史资料_第27辑_(广东省南海市政协文史和学习委员会编)
E0099,武馆,建筑,113,0.8,6,282.5,南海美食_南海传说篇;南海美食南海特产南海传说_合辑;南海龙狮南海衣冠南海古村_南海古村篇;南海龙狮南海衣冠南海古村_南海龙狮篇;南海文史资料_第29辑_(广东省南海市政协文史和学习委员会编);南海文史资料_第31辑_南海黄飞鸿传
E0100,黄少强,人物,121,0.95,5,266.2,佛山市博物馆藏绘画;南海文史资料_第13辑_(南海县政协文史资料研究委员会编);南海文史资料_第26辑_黄少强画传;南海文史资料_第6辑_(政协南海县委员会文史组编);南海文史资料_第8辑_(政协南海县委员会文史组)
E0101,重修,事件,119,0.95,5,261.8,中枢与象征_佛山祖庙;佛山祖庙;南海龙狮南海衣冠南海古村_南海衣冠篇;岭南文化知识书系_佛山祖庙;南海文史资料_第21辑_(广东省南海市政协文史资料委员会编)
E0102,百年,朝代,114,0.8,5,250.8,中国旅行_广州佛山;中枢与象征_佛山祖庙;南海文史资料_邹伯奇;南海龙狮南海衣冠南海古村_南海衣冠篇;南海文史资料_第1辑_(政协南海县委员会文史组)
E0103,道路,地点,112,0.8,5,246.4,中国旅行_广州佛山;佛山市志_下;南海市西樵山旅游度假区志;南海文史资料_第30辑_近代改革的先驱者康有为;南海文史资料_第8辑_(政协南海县委员会文史组)
E0104,戊戌变法,事件,154,0.95,3,246.4,南海文史资料_第12辑_纪念康有为诞辰一百三十周年、戊戌维新运动九十周年专辑;南海文史资料_第22辑_(广东省南海市政协文史资料委员会编);南海文史资料_第30辑_近代改革的先驱者康有为
E0105,简村,地点,110,0.95,5,242.0,南海市西樵山旅游度假区志;南海文史资料_第10辑_陈启沅与南海县纺织工业史专辑;南海文史资料_第13辑_(南海县政协文史资料研究委员会编);南海文史资料_第1辑_(政协南海县委员会文史组);南海文史资料_第3辑_西樵山专辑
E0106,九年,朝代,86,0.8,7,240.8,南海县志(OCR);佛山文史资料;佛山祖庙;大德南海志_维基文库;岭南文化知识书系_佛山祖庙;南海文史资料_第1辑_(政协南海县委员会文史组);南海文史资料_第2辑_(政协南海县委员会文史组)
E0107,少年,朝代,77,0.8,8,238.7,南海美食_南海传说篇;南海美食南海特产南海传说_合辑;南海龙狮南海衣冠南海古村_南海古村篇;南海龙狮南海衣冠南海古村_南海龙狮篇;南海文史资料_第20辑_(广东省南海县政协文史资料委员会编);南海文史资料_第22辑_(广东省南海市政协文史资料委员会编);南海文史资料_第26辑_黄少强画传;南海文史资料_第31辑_南海黄飞鸿传
E0108,状元,人物,93,0.7,6,232.5,佛山历史人物录;佛山文史资料;南海美食_南海传说篇;南海美食南海特产南海传说_合辑;南海龙狮南海衣冠南海古村_南海衣冠篇;南海文史资料_第29辑_(广东省南海市政协文史和学习委员会编)
E0109,三十二年,朝代,137,0.8,3,219.2,南海县志(OCR);南海文史资料_第28辑_纪念詹天佑诞辰一百三十五周年特辑;南海文史资料_第36辑_纪念戴鸿慈诞辰一百五十周年特辑
E0110,康氏,人物,132,0.7,3,211.2,南海文史资料_第12辑_纪念康有为诞辰一百三十周年、戊戌维新运动九十周年专辑;南海文史资料_第22辑_(广东省南海市政协文史资料委员会编);南海文史资料_第27辑_(广东省南海市政协文史和学习委员会编)
E0111,功夫,文化要素,110,0.95,4,209.0,南海美食_南海美食篇;南海龙狮南海衣冠南海古村_南海古村篇;南海龙狮南海衣冠南海古村_南海龙狮篇;南海文史资料_第31辑_南海黄飞鸿传
E0112,市区,地点,130,0.8,3,208.0,中国旅行_广州佛山;佛山市志_上;佛山市志_下
E0113,历代,朝代,83,0.8,6,207.5,中枢与象征_佛山祖庙;佛山历史人物录;佛山市博物馆藏绘画;南海文史资料_邹伯奇;南海非遗_南海书画篇;南海文史资料_第27辑_(广东省南海市政协文史和学习委员会编)
E0114,污染,文化要素,159,0.75,2,206.7,佛山市志_下;南海市西樵山旅游度假区志
E0115,抗日战争,事件,73,0.95,7,204.4,南海文史资料_第11辑_(南海县政协文史资料研究委员会编);南海文史资料_第13辑_(南海县政协文史资料研究委员会编);南海文史资料_第14辑_(南海县政协文史资料委员会编);南海文史资料_第15辑_(南海县政协文史资料委员会编);南海文史资料_第34辑_(广东省南海市政协文史和学习委员会);南海文史资料_第6辑_(政协南海县委员会文史组编);南海文史资料_第8辑_(政协南海县委员会文史组)
E0116,宣统,朝代,72,0.95,7,201.6,佛山祖庙;岭南文化知识书系_佛山祖庙;南海文史资料_第13辑_(南海县政协文史资料研究委员会编);南海文史资料_第17辑_(南海县政协文史资料研究委员会);南海文史资料_第18辑_(南海县政协文史资料委员会编);南海文史资料_第28辑_纪念詹天佑诞辰一百三十五周年特辑;南海文史资料_第36辑_纪念戴鸿慈诞辰一百五十周年特辑
E0117,牌坊,建筑,103,0.95,4,195.7,中枢与象征_佛山祖庙;佛山祖庙;南海龙狮南海衣冠南海古村_南海衣冠篇;岭南文化知识书系_佛山祖庙
E0118,妻陳氏,人物,195,0.7,1,195.0,南海县志(OCR)
E0119,知县,地点,77,0.8,6,192.5,佛山市博物馆藏绘画;南海非遗_南海书画篇;大德南海志_维基文库;南海文史资料_第12辑_纪念康有为诞辰一百三十周年、戊戌维新运动九十周年专辑;南海文史资料_第13辑_(南海县政协文史资料研究委员会编);南海文史资料_第27辑_(广东省南海市政协文史和学习委员会编)
E0120,沙头,地点,77,0.95,6,192.5,南海市文化艺术志;南海文史资料_第10辑_陈启沅与南海县纺织工业史专辑;南海文史资料_第19辑_(南海县政协文史资料委员会编);南海文史资料_第1辑_(政协南海县委员会文史组);南海文史资料_第34辑_(广东省南海市政协文史和学习委员会);南海文史资料_第3辑_西樵山专辑
E0121,套路,地点,101,0.8,4,191.9,南海龙狮南海衣冠南海古村_南海古村篇;南海龙狮南海衣冠南海古村_南海龙狮篇;南海文史资料_第20辑_(广东省南海县政协文史资料委员会编);南海文史资料_第29辑_(广东省南海市政协文史和学习委员会编)
E0122,应祠,建筑,119,0.8,3,190.4,中枢与象征_佛山祖庙;佛山祖庙;岭南文化知识书系_佛山祖庙
E0123,影剧院,建筑,190,0.8,1,190.0,南海市文化艺术志
E0124,樵山,地点,73,0.8,6,182.5,南海市西樵山旅游度假区志;南海美食_南海传说篇;南海美食_南海美食篇;南海美食南海特产南海传说_合辑;南海龙狮南海衣冠南海古村_南海衣冠篇;南海文史资料_第3辑_西樵山专辑
E0125,曲艺,文化要素,137,0.75,2,178.1,佛山历史人物录;南海市文化艺术志
E0126,咸丰,朝代,63,0.95,7,176.4,佛山市博物馆藏绘画;佛山祖庙;南海文史资料_邹伯奇;岭南文化知识书系_佛山祖庙;南海文史资料_第1辑_(政协南海县委员会文史组);南海文史资料_第27辑_(广东省南海市政协文史和学习委员会编);南海文史资料_第29辑_(广东省南海市政协文史和学习委员会编)
E0127,文化馆,建筑,170,0.8,1,170.0,南海市文化艺术志
E0128,翰林,文化要素,77,0.95,5,169.4,南海县志(OCR);南海龙狮南海衣冠南海古村_南海衣冠篇;南海文史资料_第12辑_纪念康有为诞辰一百三十周年、戊戌维新运动九十周年专辑;南海文史资料_第13辑_(南海县政协文史资料研究委员会编);南海文史资料_第17辑_(南海县政协文史资料研究委员会)
E0129,公园,建筑,76,0.8,5,167.2,中国旅行_广州佛山;佛山市志_下;南海龙狮南海衣冠南海古村_南海古村篇;南海龙狮南海衣冠南海古村_南海龙狮篇;南海文史资料_第3辑_西樵山专辑
E0130,黄岐,地点,87,0.95,4,165.3,南海市文化艺术志;南海文史资料_第2辑_(政协南海县委员会文史组);南海文史资料_第34辑_(广东省南海市政协文史和学习委员会);南海文史资料_第37辑_后门中学七十年 1932年-2002年
E0131,三十年,朝代,101,0.8,3,161.6,南海县志(OCR);大德南海志_维基文库;南海文史资料_第10辑_陈启沅与南海县纺织工业史专辑
E0132,江浦,地点,85,0.95,4,161.5,南海县志(OCR);南海市西樵山旅游度假区志;南海文史资料_第10辑_陈启沅与南海县纺织工业史专辑;南海文史资料_第17辑_(南海县政协文史资料研究委员会)
E0133,梁氏,人物,124,0.7,2,161.2,南海县志(OCR);南海文史资料_第22辑_(广东省南海市政协文史资料委员会编)
E0134,潘氏,人物,120,0.7,2,156.0,南海县志(OCR);南海龙狮南海衣冠南海古村_南海衣冠篇
E0135,校园,建筑,75,0.8,4,142.5,南海龙狮南海衣冠南海古村_南海古村篇;南海龙狮南海衣冠南海古村_南海龙狮篇;南海文史资料_第37辑_后门中学七十年 1932年-2002年;南海文史资料_第6辑_(政协南海县委员会文史组编)
E0136,蚕桑,文化要素,89,0.95,3,142.4,南海文史资料_第10辑_陈启沅与南海县纺织工业史专辑;南海文史资料_第13辑_(南海县政协文史资料研究委员会编);南海文史资料_第24辑_蚕桑谱专辑
E0137,南海区,地点,64,0.95,5,140.8,南海美食_南海美食篇;南海非遗_南海书画篇;南海龙狮南海衣冠南海古村_南海古村篇;南海龙狮南海衣冠南海古村_南海衣冠篇;南海龙狮南海衣冠南海古村_南海龙狮篇
E0138,社区,地点,140,0.8,1,140.0,中枢与象征_佛山祖庙
E0139,梁宽,人物,138,0.95,1,138.0,南海文史资料_第31辑_南海黄飞鸿传
E0140,姓氏,人物,101,0.7,2,131.3,南海市西樵山旅游度假区志;南海龙狮南海衣冠南海古村_南海衣冠篇
E0141,二十四年,朝代,69,0.8,4,131.1,南海县志(OCR);南海文史资料_第13辑_(南海县政协文史资料研究委员会编);南海文史资料_第16辑_(南海县政协文史资料研究委员会);南海文史资料_第30辑_近代改革的先驱者康有为
E0142,诗歌,文化要素,81,0.75,3,129.6,南海市文化艺术志;南海文史资料_第25辑_(广东省南海市政协文史资料委员会编);南海文史资料_第29辑_(广东省南海市政协文史和学习委员会编)
E0143,海县,地点,81,0.8,3,129.6,南海市文化艺术志;南海市西樵山旅游度假区志;南海文史资料_第19辑_(南海县政协文史资料委员会编)
E0144,铁桥,建筑,99,0.8,2,128.7,南海文史资料_第29辑_(广东省南海市政协文史和学习委员会编);南海文史资料_第31辑_南海黄飞鸿传
E0145,珠江三角洲,地点,51,0.95,6,127.5,南海文史资料_第10辑_陈启沅与南海县纺织工业史专辑;南海文史资料_第11辑_(南海县政协文史资料研究委员会编);南海文史资料_第1辑_(政协南海县委员会文史组);南海文史资料_第25辑_(广东省南海市政协文史资料委员会编);南海文史资料_第2辑_(政协南海县委员会文史组);南海文史资料_第3辑_西樵山专辑
E0146,三十六年,朝代,98,0.8,2,127.4,南海县志(OCR);南海文史资料_第19辑_(南海县政协文史资料委员会编)
E0147,会馆,建筑,67,0.8,4,127.3,南海文史资料_第14辑_(南海县政协文史资料委员会编);南海文史资料_第22辑_(广东省南海市政协文史资料委员会编);南海文史资料_第29辑_(广东省南海市政协文史和学习委员会编);南海文史资料_第6辑_(政协南海县委员会文史组编)
E0148,当代,朝代,79,0.8,3,126.4,中枢与象征_佛山祖庙;南海非遗_南海书画篇;南海文史资料_第23辑_石景宜先生传
E0149,党组织,文化要素,57,0.75,5,125.4,南海文史资料_第11辑_(南海县政协文史资料研究委员会编);南海文史资料_第13辑_(南海县政协文史资料研究委员会编);南海文史资料_第19辑_(南海县政协文史资料委员会编);南海文史资料_第21辑_(广东省南海市政协文史资料委员会编);南海文史资料_第8辑_(政协南海县委员会文史组)
E0150,画坛,建筑,78,0.8,3,124.8,佛山市博物馆藏绘画;南海非遗_南海书画篇;南海文史资料_第26辑_黄少强画传
E0151,堤围,地点,78,0.8,3,124.8,南海市西樵山旅游度假区志;南海文史资料_第11辑_(南海县政协文史资料研究委员会编);南海文史资料_第2辑_(政协南海县委员会文史组)
E0152,三十一年,朝代,93,0.8,2,120.9,南海县志(OCR);南海文史资料_第2辑_(政协南海县委员会文史组)
E0153,辛亥革命,事件,48,0.95,6,120.0,南海文史资料_第11辑_(南海县政协文史资料研究委员会编);南海文史资料_第14辑_(南海县政协文史资料委员会编);南海文史资料_第1辑_(政协南海县委员会文史组);南海文史资料_第25辑_(广东省南海市政协文史资料委员会编);南海文史资料_第28辑_纪念詹天佑诞辰一百三十五周年特辑;南海文史资料_第2辑_(政协南海县委员会文史组)
E0154,翰林院,建筑,63,0.8,4,119.7,南海县志(OCR);南海文史资料_第13辑_(南海县政协文史资料研究委员会编);南海文史资料_第17辑_(南海县政协文史资料研究委员会);南海文史资料_第36辑_纪念戴鸿慈诞辰一百五十周年特辑
E0155,三十七年,朝代,92,0.8,2,119.6,南海县志(OCR);南海文史资料_第19辑_(南海县政协文史资料委员会编)
E0156,林世荣,人物,92,0.95,2,119.6,南海文史资料_第29辑_(广东省南海市政协文史和学习委员会编);南海文史资料_第31辑_南海黄飞鸿传
E0157,小塘,地点,53,0.95,5,116.6,南海文史资料_第14辑_(南海县政协文史资料委员会编);南海文史资料_第15辑_(南海县政协文史资料委员会编);南海文史资料_第19辑_(南海县政协文史资料委员会编);南海文史资料_第1辑_(政协南海县委员会文史组);南海文史资料_第2辑_(政协南海县委员会文史组)
E0158,嘉靖,朝代,59,0.95,4,112.1,中枢与象征_佛山祖庙;佛山祖庙;岭南文化知识书系_佛山祖庙;南海文史资料_第3辑_西樵山专辑
E0159,白云洞,地点,83,0.95,2,107.9,南海文史资料_第12辑_纪念康有为诞辰一百三十周年、戊戌维新运动九十周年专辑;南海文史资料_第3辑_西樵山专辑
E0160,云泉仙馆,建筑,67,0.95,3,107.2,南海文史资料_第11辑_(南海县政协文史资料研究委员会编);南海文史资料_第21辑_(广东省南海市政协文史资料委员会编);南海文史资料_第3辑_西樵山专辑
E0161,妻黃氏,人物,106,0.7,1,106.0,南海县志(OCR)
E0162,画院,建筑,66,0.8,3,105.6,南海市文化艺术志;南海非遗_南海书画篇;南海文史资料_第26辑_黄少强画传
E0163,狮山,地点,48,0.8,5,105.6,南海美食_南海传说篇;南海美食_南海美食篇;南海美食南海特产南海传说_合辑;南海文史资料_第1辑_(政协南海县委员会文史组);南海文史资料_第2辑_(政协南海县委员会文史组)
E0164,李氏,人物,105,0.7,1,105.0,南海县志(OCR)
E0165,嘉庆,朝代,55,0.95,4,104.5,佛山市博物馆藏绘画;南海美食_南海传说篇;南海美食南海特产南海传说_合辑;南海文史资料_第29辑_(广东省南海市政协文史和学习委员会编)
E0166,秋色,文化要素,77,0.95,2,100.1,中枢与象征_佛山祖庙;佛山历史人物录
E0167,议院,建筑,76,0.8,2,98.8,南海文史资料_第30辑_近代改革的先驱者康有为;南海文史资料_第36辑_纪念戴鸿慈诞辰一百五十周年特辑
E0168,总督,人物,61,0.7,3,97.6,南海文史资料_第16辑_(南海县政协文史资料研究委员会);南海文史资料_第17辑_(南海县政协文史资料研究委员会);南海文史资料_第36辑_纪念戴鸿慈诞辰一百五十周年特辑
E0169,舞台,建筑,44,0.8,5,96.8,佛山历史人物录;佛山文史资料;佛山祖庙;岭南文化知识书系_佛山祖庙;南海文史资料_第8辑_(政协南海县委员会文史组)
E0170,國朝,朝代,96,0.8,1,96.0,南海县志(OCR)
E0171,科举,文化要素,50,0.95,4,95.0,南海非遗_南海书画篇;南海龙狮南海衣冠南海古村_南海衣冠篇;南海文史资料_第12辑_纪念康有为诞辰一百三十周年、戊戌维新运动九十周年专辑;南海文史资料_第30辑_近代改革的先驱者康有为
E0172,何氏,人物,93,0.7,1,93.0,南海县志(OCR)
E0173,三十三年,朝代,92,0.8,1,92.0,南海县志(OCR)
E0174,该村,地点,57,0.8,3,91.2,南海市西樵山旅游度假区志;南海龙狮南海衣冠南海古村_南海衣冠篇;南海文史资料_第8辑_(政协南海县委员会文史组)
E0175,康熙,朝代,70,0.95,2,91.0,南海县志(OCR);南海文史资料_第29辑_(广东省南海市政协文史和学习委员会编)
E0176,三十四年,朝代,90,0.8,1,90.0,南海县志(OCR)
E0177,三十五年,朝代,89,0.8,1,89.0,南海县志(OCR)
E0178,戴氏,人物,68,0.7,2,88.4,南海文史资料_第17辑_(南海县政协文史资料研究委员会);南海文史资料_第36辑_纪念戴鸿慈诞辰一百五十周年特辑
E0179,三十八年,朝代,87,0.8,1,87.0,南海县志(OCR)
E0180,二十五年,朝代,66,0.8,2,85.8,南海县志(OCR);南海文史资料_第2辑_(政协南海县委员会文史组)
E0181,油画,文化要素,66,0.75,2,85.8,南海市文化艺术志;南海非遗_南海书画篇
E0182,理学,文化要素,53,0.95,3,84.8,佛山历史人物录;南海文史资料_第12辑_纪念康有为诞辰一百三十周年、戊戌维新运动九十周年专辑;南海文史资料_第27辑_(广东省南海市政协文史和学习委员会编)
E0183,馮氏,人物,83,0.7,1,83.0,南海县志(OCR)
E0184,四十一年,朝代,81,0.8,1,81.0,南海县志(OCR)
E0185,二十六年,朝代,61,0.8,2,79.3,南海县志(OCR);南海文史资料_第2辑_(政协南海县委员会文史组)
E0186,三水县,地点,36,0.8,5,79.2,南海文史资料_第11辑_(南海县政协文史资料研究委员会编);南海文史资料_第14辑_(南海县政协文史资料委员会编);南海文史资料_第1辑_(政协南海县委员会文史组);南海文史资料_第21辑_(广东省南海市政协文史资料委员会编);南海文史资料_第29辑_(广东省南海市政协文史和学习委员会编)
E0187,粤汉铁路,地点,60,0.8,2,78.0,南海文史资料_第28辑_纪念詹天佑诞辰一百三十五周年特辑;南海文史资料_第2辑_(政协南海县委员会文史组)
E0188,鄧氏,人物,77,0.7,1,77.0,南海县志(OCR)
E0189,漫画,文化要素,59,0.75,2,76.7,南海市文化艺术志;南海非遗_南海书画篇
E0190,学宫,建筑,59,0.8,2,76.7,南海文史资料_第15辑_(南海县政协文史资料委员会编);南海文史资料_第19辑_(南海县政协文史资料委员会编)
E0191,永乐,朝代,76,0.95,1,76.0,大德南海志_维基文库
E0192,九区,地点,47,0.8,3,75.2,南海文史资料_第19辑_(南海县政协文史资料委员会编);南海文史资料_第37辑_后门中学七十年 1932年-2002年;南海文史资料_第5辑_(政协南海县委员会文史组编)
E0193,四十年,朝代,74,0.8,1,74.0,南海县志(OCR)
E0194,十三年,朝代,46,0.8,3,73.6,南海县志(OCR);大德南海志_维基文库;南海文史资料_第10辑_陈启沅与南海县纺织工业史专辑
E0195,海区,地点,38,0.8,4,72.2,南海美食_南海特产篇;南海非遗_南海书画篇;南海龙狮南海衣冠南海古村_南海古村篇;南海龙狮南海衣冠南海古村_南海龙狮篇
E0196,灰塑,文化要素,44,0.95,3,70.4,中枢与象征_佛山祖庙;佛山祖庙;岭南文化知识书系_佛山祖庙
E0197,戏院,建筑,44,0.8,3,70.4,佛山历史人物录;南海文史资料_第29辑_(广东省南海市政协文史和学习委员会编);南海文史资料_第5辑_(政协南海县委员会文史组编)
E0198,朱先生,人物,70,0.7,1,70.0,南海文史资料_第27辑_(广东省南海市政协文史和学习委员会编)
E0199,剪纸,文化要素,69,0.95,1,69.0,佛山历史人物录
E0200,各区,地点,36,0.8,4,68.4,南海文史资料_第14辑_(南海县政协文史资料委员会编);南海文史资料_第15辑_(南海县政协文史资料委员会编);南海文史资料_第19辑_(南海县政协文史资料委员会编);南海文史资料_第5辑_(政协南海县委员会文史组编)
E0201,中山,地点,31,0.8,5,68.2,佛山文史资料;南海文史资料_第14辑_(南海县政协文史资料委员会编);南海文史资料_第19辑_(南海县政协文史资料委员会编);南海文史资料_第2辑_(政协南海县委员会文史组);南海文史资料_第6辑_(政协南海县委员会文史组编)
E0202,四十三年,朝代,68,0.8,1,68.0,南海县志(OCR)
E0203,朱氏,人物,52,0.7,2,67.6,南海县志(OCR);南海文史资料_第27辑_(广东省南海市政协文史和学习委员会编)
E0204,山市,地点,52,0.8,2,67.6,佛山市志_上;佛山市志_下
E0205,酒楼,建筑,65,0.8,1,65.0,南海美食_南海美食篇
E0206,欧洲,地点,34,0.8,4,64.6,南海文史资料_邹伯奇;南海非遗_南海书画篇;南海文史资料_第16辑_(南海县政协文史资料研究委员会);南海文史资料_第22辑_(广东省南海市政协文史资料委员会编)
E0207,二十九年,朝代,63,0.8,1,63.0,南海县志(OCR)
E0208,四十五年,朝代,63,0.8,1,63.0,南海县志(OCR)
E0209,洗氏,人物,47,0.7,2,61.1,南海县志(OCR);南海文史资料_第18辑_(南海县政协文史资料委员会编)
E0210,张楼,建筑,47,0.8,2,61.1,佛山市志_下;佛山文史资料
E0211,劉氏,人物,61,0.7,1,61.0,南海县志(OCR)
E0212,二十八年,朝代,61,0.8,1,61.0,南海县志(OCR)
E0213,古代,朝代,38,0.8,3,60.8,南海文史资料_邹伯奇;南海龙狮南海衣冠南海古村_南海衣冠篇;南海文史资料_第11辑_(南海县政协文史资料研究委员会编)
E0214,三山,地点,60,0.8,1,60.0,南海文史资料_第20辑_(广东省南海县政协文史资料委员会编)
E0215,百日维新,事件,46,0.95,2,59.8,南海文史资料_第12辑_纪念康有为诞辰一百三十周年、戊戌维新运动九十周年专辑;南海文史资料_第30辑_近代改革的先驱者康有为
E0216,马先生,人物,46,0.7,2,59.8,南海文史资料_第17辑_(南海县政协文史资料研究委员会);南海文史资料_第18辑_(南海县政协文史资料委员会编)
E0217,十一年,朝代,37,0.8,3,59.2,南海县志(OCR);南海文史资料_第13辑_(南海县政协文史资料研究委员会编);南海文史资料_第2辑_(政协南海县委员会文史组)
E0218,正殿,建筑,37,0.8,3,59.2,中枢与象征_佛山祖庙;佛山祖庙;岭南文化知识书系_佛山祖庙
E0219,三十九年,朝代,59,0.8,1,59.0,南海县志(OCR)
E0220,張氏,人物,59,0.7,1,59.0,南海县志(OCR)
E0221,四十二年,朝代,58,0.8,1,58.0,南海县志(OCR)
E0222,北朝,朝代,58,0.8,1,58.0,南海市西樵山旅游度假区志
E0223,大理院,建筑,58,0.8,1,58.0,南海文史资料_第36辑_纪念戴鸿慈诞辰一百五十周年特辑
E0224,简氏,人物,36,0.7,3,57.6,佛山文史资料;南海文史资料_第17辑_(南海县政协文史资料研究委员会);南海文史资料_第27辑_(广东省南海市政协文史和学习委员会编)
E0225,妻黎氏,人物,57,0.7,1,57.0,南海县志(OCR)
E0226,妻何氏,人物,56,0.7,1,56.0,南海县志(OCR)
E0227,四十四年,朝代,56,0.8,1,56.0,南海县志(OCR)
E0228,邹伯奇,人物,35,0.95,3,56.0,南海文史资料_邹伯奇;南海文史资料_第13辑_(南海县政协文史资料研究委员会编);南海文史资料_第8辑_(政协南海县委员会文史组)
E0229,大镇,地点,35,0.8,3,56.0,南海文史资料_第1辑_(政协南海县委员会文史组);南海文史资料_第5辑_(政协南海县委员会文史组编);南海文史资料_第6辑_(政协南海县委员会文史组编)
E0230,博物院,建筑,56,0.8,1,56.0,南海文史资料_第36辑_纪念戴鸿慈诞辰一百五十周年特辑
E0231,武术馆,建筑,34,0.8,3,54.4,南海龙狮南海衣冠南海古村_南海古村篇;南海龙狮南海衣冠南海古村_南海龙狮篇;南海文史资料_第31辑_南海黄飞鸿传
E0232,譚氏,人物,54,0.7,1,54.0,南海县志(OCR)
E0233,花灯,文化要素,54,0.95,1,54.0,南海美食_南海特产篇
E0234,浙江,地点,41,0.8,2,53.3,南海县志(OCR);佛山市博物馆藏绘画
E0235,管理区,地点,53,0.8,1,53.0,南海市西樵山旅游度假区志
E0236,招氏,人物,40,0.7,2,52.0,南海县志(OCR);南海文史资料_第25辑_(广东省南海市政协文史资料委员会编)
E0237,度假区,地点,52,0.8,1,52.0,南海市西樵山旅游度假区志
E0238,寺庙,建筑,51,0.8,1,51.0,南海文史资料_第11辑_(南海县政协文史资料研究委员会编)
E0239,青岛,地点,39,0.8,2,50.7,南海文史资料_第12辑_纪念康有为诞辰一百三十周年、戊戌维新运动九十周年专辑;南海文史资料_第25辑_(广东省南海市政协文史资料委员会编)
E0240,吳氏,人物,50,0.7,1,50.0,南海县志(OCR)
E0241,氛围,地点,31,0.8,3,49.6,中枢与象征_佛山祖庙;佛山祖庙;岭南文化知识书系_佛山祖庙
E0242,作画,文化要素,31,0.75,3,49.6,佛山市博物馆藏绘画;南海非遗_南海书画篇;南海文史资料_第26辑_黄少强画传
E0243,金山,地点,31,0.8,3,49.6,南海美食_南海传说篇;南海美食南海特产南海传说_合辑;南海文史资料_第2辑_(政协南海县委员会文史组)
E0244,郭氏,人物,49,0.7,1,49.0,南海县志(OCR)
E0245,主编,文化要素,37,0.75,2,48.1,佛山历史人物录;南海非遗_南海书画篇
E0246,千年,朝代,30,0.8,3,48.0,南海美食_南海传说篇;南海美食南海特产南海传说_合辑;南海龙狮南海衣冠南海古村_南海衣冠篇
E0247,二十年,朝代,30,0.8,3,48.0,南海文史资料_第11辑_(南海县政协文史资料研究委员会编);南海文史资料_第13辑_(南海县政协文史资料研究委员会编);南海文史资料_第2辑_(政协南海县委员会文史组)
E0248,妻羅氏,人物,46,0.7,1,46.0,南海县志(OCR)
E0249,二十七年,朝代,45,0.8,1,45.0,南海县志(OCR)
E0250,關氏,人物,45,0.7,1,45.0,南海县志(OCR)
E0251,方献夫,人物,28,0.95,3,44.8,南海美食_南海特产篇;南海龙狮南海衣冠南海古村_南海衣冠篇;南海文史资料_第3辑_西樵山专辑
E0252,石雕,文化要素,34,0.75,2,44.2,佛山祖庙;岭南文化知识书系_佛山祖庙
E0253,礼山,地点,34,0.8,2,44.2,南海文史资料_第12辑_纪念康有为诞辰一百三十周年、戊戌维新运动九十周年专辑;南海文史资料_第27辑_(广东省南海市政协文史和学习委员会编)
E0254,書院,建筑,44,0.8,1,44.0,南海县志(OCR)
E0255,马路,地点,44,0.8,1,44.0,佛山市志_下
E0256,南宋,朝代,27,0.95,3,43.2,佛山市博物馆藏绘画;南海龙狮南海衣冠南海古村_南海衣冠篇;南海文史资料_第25辑_(广东省南海市政协文史资料委员会编)
E0257,花园,建筑,27,0.8,3,43.2,南海美食_南海传说篇;南海美食南海特产南海传说_合辑;南海文史资料_第12辑_纪念康有为诞辰一百三十周年、戊戌维新运动九十周年专辑
E0258,官山圩,地点,27,0.9,3,43.2,南海文史资料_第22辑_(广东省南海市政协文史资料委员会编);南海文史资料_第3辑_西樵山专辑;南海文史资料_第8辑_(政协南海县委员会文史组)
E0259,四十八年,朝代,43,0.8,1,43.0,南海县志(OCR)
E0260,四十六年,朝代,43,0.8,1,43.0,南海县志(OCR)
E0261,西湖,地点,33,0.8,2,42.9,南海县志(OCR);南海文史资料_第13辑_(南海县政协文史资料研究委员会编)
E0262,专区,地点,33,0.8,2,42.9,南海市文化艺术志;南海文史资料_第6辑_(政协南海县委员会文史组编)
E0263,番禺县,地点,42,0.8,1,42.0,大德南海志_维基文库
E0264,李国桥,建筑,42,0.8,1,42.0,南海文史资料_第37辑_后门中学七十年 1932年-2002年
E0265,古寺,建筑,32,0.8,2,41.6,南海美食_南海传说篇;南海美食南海特产南海传说_合辑
E0266,狮艺,文化要素,32,0.75,2,41.6,南海龙狮南海衣冠南海古村_南海古村篇;南海龙狮南海衣冠南海古村_南海龙狮篇
E0267,康先生,人物,26,0.7,3,41.6,南海文史资料_第12辑_纪念康有为诞辰一百三十周年、戊戌维新运动九十周年专辑;南海文史资料_第15辑_(南海县政协文史资料委员会编);南海文史资料_第8辑_(政协南海县委员会文史组)
E0268,内阁,建筑,32,0.8,2,41.6,南海文史资料_第17辑_(南海县政协文史资料研究委员会);南海文史资料_第36辑_纪念戴鸿慈诞辰一百五十周年特辑
E0269,我市,地点,26,0.8,3,41.6,南海文史资料_第25辑_(广东省南海市政协文史资料委员会编);南海文史资料_第27辑_(广东省南海市政协文史和学习委员会编);南海文史资料_第28辑_纪念詹天佑诞辰一百三十五周年特辑
E0270,季氏,人物,41,0.7,1,41.0,南海县志(OCR)
E0271,戏曲,文化要素,41,0.75,1,41.0,南海市文化艺术志
E0272,行政村,地点,41,0.8,1,41.0,南海市西樵山旅游度假区志
E0273,黄君璧,人物,41,0.95,1,41.0,南海文史资料_第20辑_(广东省南海县政协文史资料委员会编)
E0274,四十七年,朝代,40,0.8,1,40.0,南海县志(OCR)
E0275,文化宫,建筑,40,0.8,1,40.0,南海市文化艺术志
E0276,拱桥,建筑,40,0.8,1,40.0,南海市西樵山旅游度假区志
E0277,刺绣,文化要素,40,0.95,1,40.0,南海美食_南海特产篇
E0278,学院,建筑,25,0.8,3,40.0,南海文史资料_第12辑_纪念康有为诞辰一百三十周年、戊戌维新运动九十周年专辑;南海文史资料_第16辑_(南海县政协文史资料研究委员会);南海文史资料_第26辑_黄少强画传
E0279,朝山,地点,38,0.8,1,38.0,南海市西樵山旅游度假区志
E0280,明年,朝代,29,0.8,2,37.7,南海县志(OCR);大德南海志_维基文库
E0281,西村,地点,29,0.8,2,37.7,南海市西樵山旅游度假区志;南海美食_南海特产篇
E0282,醒狮,文化要素,29,0.95,2,37.7,南海文史资料_第20辑_(广东省南海县政协文史资料委员会编);南海文史资料_第31辑_南海黄飞鸿传
E0283,幼儿园,建筑,28,0.8,2,36.4,中国旅行_广州佛山;南海市文化艺术志
E0284,壁画,文化要素,28,0.75,2,36.4,南海美食_南海特产篇;南海龙狮南海衣冠南海古村_南海衣冠篇
E0285,九江镇,地点,28,0.95,2,36.4,南海文史资料_第10辑_陈启沅与南海县纺织工业史专辑;南海文史资料_第27辑_(广东省南海市政协文史和学习委员会编)
E0286,侍郎,人物,28,0.7,2,36.4,南海文史资料_第17辑_(南海县政协文史资料研究委员会);南海文史资料_第36辑_纪念戴鸿慈诞辰一百五十周年特辑
E0287,铁村,地点,28,0.8,2,36.4,南海文史资料_第19辑_(南海县政协文史资料委员会编);南海文史资料_第5辑_(政协南海县委员会文史组编)
E0288,线路,地点,28,0.8,2,36.4,南海文史资料_第28辑_纪念詹天佑诞辰一百三十五周年特辑;南海文史资料_第2辑_(政协南海县委员会文史组)
E0289,川汉铁路,地点,28,0.8,2,36.4,南海文史资料_第28辑_纪念詹天佑诞辰一百三十五周年特辑;南海文史资料_第2辑_(政协南海县委员会文史组)
E0290,妻梁氏,人物,36,0.7,1,36.0,南海县志(OCR)
E0291,增城县,地点,36,0.8,1,36.0,大德南海志_维基文库
E0292,苏村,地点,27,0.8,2,35.1,南海龙狮南海衣冠南海古村_南海衣冠篇;南海文史资料_第12辑_纪念康有为诞辰一百三十周年、戊戌维新运动九十周年专辑
E0293,四十九年,朝代,35,0.8,1,35.0,南海县志(OCR)
E0294,五十年,朝代,35,0.8,1,35.0,南海县志(OCR)
E0295,天湖,地点,35,0.95,1,35.0,南海文史资料_第3辑_西樵山专辑
E0296,二十三年,朝代,34,0.8,1,34.0,南海县志(OCR)
E0297,妻季氏,人物,34,0.7,1,34.0,南海县志(OCR)
E0298,周氏,人物,34,0.7,1,34.0,南海县志(OCR)
E0299,海市,地点,34,0.8,1,34.0,南海市文化艺术志
E0300,东莞县,地点,34,0.8,1,34.0,大德南海志_维基文库
E0301,本县,地点,34,0.8,1,34.0,南海文史资料_第10辑_陈启沅与南海县纺织工业史专辑
E0302,粤路,地点,34,0.8,1,34.0,南海文史资料_第28辑_纪念詹天佑诞辰一百三十五周年特辑
E0303,赛龙舟,文化要素,26,0.95,2,33.8,南海龙狮南海衣冠南海古村_南海古村篇;南海龙狮南海衣冠南海古村_南海龙狮篇
E0304,显纲村,地点,26,0.95,2,33.8,南海文史资料_第21辑_(广东省南海市政协文史资料委员会编);南海文史资料_第8辑_(政协南海县委员会文史组)
E0305,巡抚,人物,26,0.7,2,33.8,南海文史资料_第27辑_(广东省南海市政协文史和学习委员会编);南海文史资料_第36辑_纪念戴鸿慈诞辰一百五十周年特辑
E0306,周围,地点,21,0.8,3,33.6,南海龙狮南海衣冠南海古村_南海衣冠篇;南海文史资料_第24辑_蚕桑谱专辑;南海文史资料_第3辑_西樵山专辑
E0307,五十一年,朝代,33,0.8,1,33.0,南海县志(OCR)
E0308,霍氏,人物,33,0.7,1,33.0,南海县志(OCR)
E0309,纪念馆,建筑,33,0.8,1,33.0,南海市文化艺术志
E0310,自然村,地点,33,0.8,1,33.0,南海市西樵山旅游度假区志
E0311,编织,文化要素,33,0.75,1,33.0,南海美食_南海特产篇
E0312,三湖书院,建筑,25,0.95,2,32.5,南海文史资料_第11辑_(南海县政协文史资料研究委员会编);南海文史资料_第3辑_西樵山专辑
E0313,颐和园,建筑,25,0.8,2,32.5,南海文史资料_第1辑_(政协南海县委员会文史组);南海文史资料_第30辑_近代改革的先驱者康有为
E0314,数十年,朝代,25,0.8,2,32.5,南海文史资料_第25辑_(广东省南海市政协文史资料委员会编);南海文史资料_第31辑_南海黄飞鸿传
E0315,陶艺,文化要素,32,0.75,1,32.0,佛山历史人物录
E0316,江河,地点,32,0.8,1,32.0,佛山市志_下
E0317,亚洲,地点,24,0.8,2,31.2,南海龙狮南海衣冠南海古村_南海古村篇;南海龙狮南海衣冠南海古村_南海龙狮篇
E0318,办公,人物,31,0.7,1,31.0,佛山市志_上
E0319,徐氏,人物,30,0.7,1,30.0,南海县志(OCR)
E0320,謝氏,人物,30,0.7,1,30.0,南海县志(OCR)
E0321,挥拳,文化要素,30,0.75,1,30.0,南海文史资料_第31辑_南海黄飞鸿传
E0322,黄花岗,地点,23,0.8,2,29.9,南海文史资料_第15辑_(南海县政协文史资料委员会编);南海文史资料_第29辑_(广东省南海市政协文史和学习委员会编)
E0323,明朝,朝代,23,0.8,2,29.9,南海文史资料_第2辑_(政协南海县委员会文史组);南海文史资料_第3辑_西樵山专辑
E0324,一堂,建筑,29,0.8,1,29.0,中枢与象征_佛山祖庙
E0325,新河,地点,29,0.8,1,29.0,南海市西樵山旅游度假区志
E0326,五十二年,朝代,28,0.8,1,28.0,南海县志(OCR)
E0327,崔氏,人物,28,0.7,1,28.0,南海县志(OCR)
E0328,五十五年,朝代,28,0.8,1,28.0,南海县志(OCR)
E0329,美术馆,建筑,21,0.8,2,27.3,南海非遗_南海书画篇;南海文史资料_第34辑_(广东省南海市政协文史和学习委员会)
E0330,善堂,建筑,21,0.8,2,27.3,南海文史资料_第14辑_(南海县政协文史资料委员会编);南海文史资料_第1辑_(政协南海县委员会文史组)
E0331,雕塑,文化要素,17,0.75,3,27.2,佛山祖庙;南海非遗_南海书画篇;岭南文化知识书系_佛山祖庙
E0332,楊氏,人物,27,0.7,1,27.0,南海县志(OCR)
E0333,胡氏,人物,27,0.7,1,27.0,南海县志(OCR)
E0334,新村,地点,27,0.8,1,27.0,南海市西樵山旅游度假区志
E0335,板桥,建筑,27,0.8,1,27.0,南海市西樵山旅游度假区志
E0336,门楼,建筑,27,0.95,1,27.0,南海龙狮南海衣冠南海古村_南海衣冠篇
E0337,新会县,地点,27,0.8,1,27.0,大德南海志_维基文库
E0338,检察院,建筑,26,0.8,1,26.0,佛山市志_上
E0339,孔庙,建筑,20,0.8,2,26.0,佛山祖庙;岭南文化知识书系_佛山祖庙
E0340,里水镇,地点,20,0.95,2,26.0,南海文史资料_第15辑_(南海县政协文史资料委员会编);南海文史资料_第21辑_(广东省南海市政协文史资料委员会编)
E0341,何福堂,建筑,20,0.8,2,26.0,南海文史资料_第15辑_(南海县政协文史资料委员会编);南海文史资料_第16辑_(南海县政协文史资料研究委员会)
E0342,设馆,建筑,26,0.8,1,26.0,南海文史资料_第31辑_南海黄飞鸿传
E0343,五十四年,朝代,25,0.8,1,25.0,南海县志(OCR)
E0344,曾氏,人物,25,0.7,1,25.0,南海县志(OCR)
E0345,一代,朝代,25,0.8,1,25.0,佛山历史人物录
E0346,辖村,地点,25,0.8,1,25.0,南海市西樵山旅游度假区志
E0347,同村,地点,25,0.8,1,25.0,南海市西樵山旅游度假区志
E0348,档案馆,建筑,25,0.8,1,25.0,南海文史资料_第15辑_(南海县政协文史资料委员会编)
E0349,懋勤殿,建筑,25,0.8,1,25.0,南海文史资料_第30辑_近代改革的先驱者康有为
E0350,礼堂,建筑,25,0.8,1,25.0,南海文史资料_第37辑_后门中学七十年 1932年-2002年
E0351,五十三年,朝代,24,0.8,1,24.0,南海县志(OCR)
E0352,扩建,事件,15,0.95,3,24.0,中国旅行_广州佛山;南海文史资料_第16辑_(南海县政协文史资料研究委员会);南海文史资料_第5辑_(政协南海县委员会文史组编)
E0353,南市,地点,24,0.8,1,24.0,南海市文化艺术志
E0354,大岗圩,地点,24,0.9,1,24.0,南海文史资料_第13辑_(南海县政协文史资料研究委员会编)
E0355,公车上书,事件,24,0.95,1,24.0,南海文史资料_第30辑_近代改革的先驱者康有为
E0356,钟江,地点,18,0.8,2,23.4,南海美食_南海传说篇;南海美食南海特产南海传说_合辑
E0357,平台,建筑,18,0.8,2,23.4,南海龙狮南海衣冠南海古村_南海古村篇;南海龙狮南海衣冠南海古村_南海龙狮篇
E0358,鱼塘,地点,18,0.8,2,23.4,南海文史资料_第24辑_蚕桑谱专辑;南海文史资料_第2辑_(政协南海县委员会文史组)
E0359,二十二年,朝代,23,0.8,1,23.0,南海县志(OCR)
E0360,王氏,人物,23,0.7,1,23.0,南海县志(OCR)
E0361,竹山,地点,23,0.8,1,23.0,佛山历史人物录
E0362,山城区,地点,23,0.8,1,23.0,南海市西樵山旅游度假区志
E0363,管区,地点,23,0.8,1,23.0,南海市西樵山旅游度假区志
E0364,棉织,文化要素,23,0.75,1,23.0,南海文史资料_第10辑_陈启沅与南海县纺织工业史专辑
E0365,仙馆,建筑,23,0.8,1,23.0,南海文史资料_第3辑_西樵山专辑
E0366,陶塑,文化要素,14,0.75,3,22.4,佛山祖庙;岭南文化知识书系_佛山祖庙;南海文史资料_第11辑_(南海县政协文史资料研究委员会编)
E0367,鼓舞,文化要素,17,0.75,2,22.1,南海文史资料_第18辑_(南海县政协文史资料委员会编);南海文史资料_第28辑_纪念詹天佑诞辰一百三十五周年特辑
E0368,秀山,地点,22,0.8,1,22.0,南海县志(OCR)
E0369,妻麥氏,人物,22,0.7,1,22.0,南海县志(OCR)
E0370,妻林氏,人物,22,0.7,1,22.0,南海县志(OCR)
E0371,武当山,地点,22,0.8,1,22.0,中枢与象征_佛山祖庙
E0372,关公,人物,22,0.7,1,22.0,佛山历史人物录
E0373,雍正,朝代,21,0.95,1,21.0,中枢与象征_佛山祖庙
E0374,香山县,地点,21,0.8,1,21.0,大德南海志_维基文库
E0375,报馆,建筑,21,0.8,1,21.0,南海文史资料_第30辑_近代改革的先驱者康有为
E0376,茶楼,建筑,21,0.8,1,21.0,南海文史资料_第31辑_南海黄飞鸿传
E0377,北村,地点,21,0.8,1,21.0,南海文史资料_第37辑_后门中学七十年 1932年-2002年
E0378,寒山寺,建筑,16,0.8,2,20.8,南海文史资料_第12辑_纪念康有为诞辰一百三十周年、戊戌维新运动九十周年专辑;南海文史资料_第8辑_(政协南海县委员会文史组)
E0379,末年,朝代,16,0.8,2,20.8,南海文史资料_第25辑_(广东省南海市政协文史资料委员会编);南海文史资料_第29辑_(广东省南海市政协文史和学习委员会编)
E0380,年画,文化要素,20,0.75,1,20.0,佛山历史人物录
E0381,太守,人物,20,0.7,1,20.0,大德南海志_维基文库
E0382,明伦堂,建筑,20,0.8,1,20.0,南海文史资料_第19辑_(南海县政协文史资料委员会编)
E0383,蚕区,地点,20,0.8,1,20.0,南海文史资料_第24辑_蚕桑谱专辑
E0384,黄麒英,人物,20,0.95,1,20.0,南海文史资料_第31辑_南海黄飞鸿传
E0385,存县,地点,19,0.8,1,19.0,南海文史资料_第15辑_(南海县政协文史资料委员会编)
E0386,珠玑巷,地点,19,0.95,1,19.0,南海文史资料_第25辑_(广东省南海市政协文史资料委员会编)
E0387,纪念堂,建筑,19,0.8,1,19.0,南海文史资料_第27辑_(广东省南海市政协文史和学习委员会编)
E0388,陈凤江,地点,19,0.8,1,19.0,南海文史资料_第37辑_后门中学七十年 1932年-2002年
E0389,霍韬,人物,19,0.95,1,19.0,南海文史资料_第3辑_西樵山专辑
E0390,德镇,地点,14,0.8,2,18.2,佛山祖庙;岭南文化知识书系_佛山祖庙
E0391,中国画,文化要素,14,0.75,2,18.2,南海非遗_南海书画篇;南海文史资料_第34辑_(广东省南海市政协文史和学习委员会)
E0392,先河,地点,14,0.8,2,18.2,南海龙狮南海衣冠南海古村_南海古村篇;南海龙狮南海衣冠南海古村_南海龙狮篇
E0393,抗美援朝,朝代,14,0.8,2,18.2,南海文史资料_第19辑_(南海县政协文史资料委员会编);南海文史资料_第21辑_(广东省南海市政协文史资料委员会编)
E0394,石围,地点,14,0.8,2,18.2,南海文史资料_第5辑_(政协南海县委员会文史组编);南海文史资料_第6辑_(政协南海县委员会文史组编)
E0395,手艺,文化要素,18,0.75,1,18.0,南海美食_南海特产篇
E0396,医学院,建筑,18,0.8,1,18.0,南海文史资料_第16辑_(南海县政协文史资料研究委员会)
E0397,武艺,文化要素,18,0.75,1,18.0,南海文史资料_第31辑_南海黄飞鸿传
E0398,江湖,地点,18,0.8,1,18.0,南海文史资料_第31辑_南海黄飞鸿传
E0399,天主堂,建筑,18,0.8,1,18.0,南海文史资料_第34辑_(广东省南海市政协文史和学习委员会)
E0400,铸造,文化要素,17,0.95,1,17.0,中枢与象征_佛山祖庙
E0401,光年,朝代,17,0.8,1,17.0,南海文史资料_邹伯奇
E0402,鱼花,文化要素,17,0.95,1,17.0,南海美食_南海特产篇
E0403,南村,地点,17,0.8,1,17.0,南海龙狮南海衣冠南海古村_南海衣冠篇
E0404,松塘,地点,17,0.8,1,17.0,南海龙狮南海衣冠南海古村_南海衣冠篇
E0405,自编,文化要素,17,0.75,1,17.0,南海文史资料_第12辑_纪念康有为诞辰一百三十周年、戊戌维新运动九十周年专辑
E0406,邹先生,人物,17,0.7,1,17.0,南海文史资料_第13辑_(南海县政协文史资料研究委员会编)
E0407,生菜会,文化要素,17,0.95,1,17.0,南海文史资料_第1辑_(政协南海县委员会文史组)
E0408,漆园,建筑,17,0.8,1,17.0,南海文史资料_第26辑_黄少强画传
E0409,大桥,建筑,17,0.8,1,17.0,南海文史资料_第28辑_纪念詹天佑诞辰一百三十五周年特辑
E0410,陆正刚,人物,17,0.95,1,17.0,南海文史资料_第31辑_南海黄飞鸿传
E0411,诸公,人物,17,0.7,1,17.0,南海文史资料_第37辑_后门中学七十年 1932年-2002年
E0412,崇祯,朝代,13,0.95,2,16.9,大德南海志_维基文库;南海文史资料_第25辑_(广东省南海市政协文史资料委员会编)
E0413,四区,地点,13,0.8,2,16.9,南海文史资料_第21辑_(广东省南海市政协文史资料委员会编);南海文史资料_第5辑_(政协南海县委员会文史组编)
E0414,青山,地点,13,0.8,2,16.9,南海文史资料_第34辑_(广东省南海市政协文史和学习委员会);南海文史资料_第3辑_西樵山专辑
E0415,广市,地点,10,0.8,3,16.0,中国旅行_广州佛山;佛山祖庙;岭南文化知识书系_佛山祖庙
E0416,宋代,朝代,16,0.95,1,16.0,中枢与象征_佛山祖庙
E0417,边区,地点,16,0.8,1,16.0,南海文史资料_第14辑_(南海县政协文史资料委员会编)
E0418,丹山,地点,16,0.8,1,16.0,南海文史资料_第14辑_(南海县政协文史资料委员会编)
E0419,筑路,地点,16,0.8,1,16.0,南海文史资料_第28辑_纪念詹天佑诞辰一百三十五周年特辑
E0420,提督,人物,16,0.7,1,16.0,南海文史资料_第31辑_南海黄飞鸿传
E0421,责任内阁,建筑,16,0.8,1,16.0,南海文史资料_第36辑_纪念戴鸿慈诞辰一百五十周年特辑
E0422,荒村,地点,12,0.8,2,15.6,南海美食_南海传说篇;南海美食南海特产南海传说_合辑
E0423,假山,地点,12,0.8,2,15.6,南海美食_南海传说篇;南海美食南海特产南海传说_合辑
E0424,十四年,朝代,12,0.8,2,15.6,大德南海志_维基文库;南海文史资料_第2辑_(政协南海县委员会文史组)
E0425,孔村,地点,15,0.95,1,15.0,南海龙狮南海衣冠南海古村_南海衣冠篇
E0426,颜边村,地点,15,0.95,1,15.0,南海龙狮南海衣冠南海古村_南海衣冠篇
E0427,山区,地点,15,0.8,1,15.0,南海文史资料_第19辑_(南海县政协文史资料委员会编)
E0428,简朝亮,人物,15,0.95,1,15.0,南海文史资料_第27辑_(广东省南海市政协文史和学习委员会编)
E0429,青龙桥,建筑,15,0.8,1,15.0,南海文史资料_第28辑_纪念詹天佑诞辰一百三十五周年特辑
E0430,区梦觉,人物,15,0.95,1,15.0,南海文史资料_第29辑_(广东省南海市政协文史和学习委员会编)
E0431,新艺,文化要素,15,0.75,1,15.0,南海文史资料_第31辑_南海黄飞鸿传
E0432,桑园围,地点,11,0.95,2,14.3,南海文史资料_第14辑_(南海县政协文史资料委员会编);南海文史资料_第3辑_西樵山专辑
E0433,花鸟画,文化要素,14,0.75,1,14.0,佛山市博物馆藏绘画
E0434,作坊,建筑,14,0.8,1,14.0,南海美食_南海特产篇
E0435,头村,地点,14,0.8,1,14.0,南海龙狮南海衣冠南海古村_南海衣冠篇
E0436,溪村,地点,14,0.8,1,14.0,南海龙狮南海衣冠南海古村_南海衣冠篇
E0437,八十年代,朝代,14,0.8,1,14.0,南海文史资料_第10辑_陈启沅与南海县纺织工业史专辑
E0438,南雄,地点,14,0.95,1,14.0,南海文史资料_第25辑_(广东省南海市政协文史资料委员会编)
E0439,金竹村,地点,14,0.8,1,14.0,南海文史资料_第29辑_(广东省南海市政协文史和学习委员会编)
E0440,火山,地点,14,0.8,1,14.0,南海文史资料_第3辑_西樵山专辑
E0441,文人画,文化要素,13,0.75,1,13.0,佛山市博物馆藏绘画
E0442,戏台,建筑,10,0.8,2,13.0,佛山祖庙;岭南文化知识书系_佛山祖庙
E0443,浮雕,文化要素,10,0.75,2,13.0,佛山祖庙;岭南文化知识书系_佛山祖庙
E0444,砖雕,文化要素,10,0.75,2,13.0,佛山祖庙;岭南文化知识书系_佛山祖庙
E0445,山镇,地点,10,0.8,2,13.0,南海美食_南海传说篇;南海美食南海特产南海传说_合辑
E0446,山村,地点,13,0.8,1,13.0,南海龙狮南海衣冠南海古村_南海衣冠篇
E0447,陈启枢,人物,13,0.95,1,13.0,南海文史资料_第10辑_陈启沅与南海县纺织工业史专辑
E0448,银塘,地点,13,0.8,1,13.0,南海文史资料_第12辑_纪念康有为诞辰一百三十周年、戊戌维新运动九十周年专辑
E0449,冯乃超,人物,13,0.95,1,13.0,南海文史资料_第13辑_(南海县政协文史资料研究委员会编)
E0450,县令,人物,13,0.7,1,13.0,南海文史资料_第27辑_(广东省南海市政协文史和学习委员会编)
E0451,一拳,文化要素,13,0.75,1,13.0,南海文史资料_第31辑_南海黄飞鸿传
E0452,凌云阶,人物,13,0.95,1,13.0,南海文史资料_第31辑_南海黄飞鸿传
E0453,名山,地点,13,0.8,1,13.0,南海文史资料_第3辑_西樵山专辑
E0454,愚园,建筑,12,0.8,1,12.0,南海文史资料_第12辑_纪念康有为诞辰一百三十周年、戊戌维新运动九十周年专辑
E0455,如楼,建筑,12,0.8,1,12.0,南海文史资料_第12辑_纪念康有为诞辰一百三十周年、戊戌维新运动九十周年专辑
E0456,立法院,建筑,12,0.8,1,12.0,南海文史资料_第18辑_(南海县政协文史资料委员会编)
E0457,松年,朝代,12,0.8,1,12.0,南海文史资料_第19辑_(南海县政协文史资料委员会编)
E0458,历史博物馆,建筑,12,0.8,1,12.0,南海文史资料_第23辑_石景宜先生传
E0459,止庐,建筑,12,0.8,1,12.0,南海文史资料_第26辑_黄少强画传
E0460,陆氏,人物,12,0.7,1,12.0,南海文史资料_第29辑_(广东省南海市政协文史和学习委员会编)
E0461,隔山,地点,11,0.8,1,11.0,佛山市博物馆藏绘画
E0462,竹编,文化要素,11,0.95,1,11.0,南海美食_南海特产篇
E0463,孔氏,人物,11,0.7,1,11.0,南海龙狮南海衣冠南海古村_南海衣冠篇
E0464,上林村,地点,11,0.95,1,11.0,南海龙狮南海衣冠南海古村_南海衣冠篇
E0465,沙水村,地点,11,0.8,1,11.0,南海龙狮南海衣冠南海古村_南海衣冠篇
E0466,麻织,文化要素,11,0.75,1,11.0,南海文史资料_第10辑_陈启沅与南海县纺织工业史专辑
E0467,康有为故居,建筑,11,0.95,1,11.0,南海文史资料_第12辑_纪念康有为诞辰一百三十周年、戊戌维新运动九十周年专辑
E0468,大楼,建筑,11,0.8,1,11.0,南海文史资料_第18辑_(南海县政协文史资料委员会编)
E0469,石余氏,人物,11,0.7,1,11.0,南海文史资料_第23辑_石景宜先生传
E0470,粤曲,文化要素,11,0.95,1,11.0,南海文史资料_第25辑_(广东省南海市政协文史资料委员会编)
E0471,陵县,地点,11,0.8,1,11.0,南海文史资料_第27辑_(广东省南海市政协文史和学习委员会编)
E0472,滦河,地点,11,0.8,1,11.0,南海文史资料_第28辑_纪念詹天佑诞辰一百三十五周年特辑
E0473,姚氏,人物,11,0.7,1,11.0,南海文史资料_第29辑_(广东省南海市政协文史和学习委员会编)
E0474,梁赞,人物,11,0.95,1,11.0,南海文史资料_第29辑_(广东省南海市政协文史和学习委员会编)
E0475,陈大年,朝代,11,0.8,1,11.0,南海文史资料_第34辑_(广东省南海市政协文史和学习委员会)
E0476,澳洲,地点,11,0.8,1,11.0,南海文史资料_第34辑_(广东省南海市政协文史和学习委员会)
E0477,白云古寺,建筑,11,0.9,1,11.0,南海文史资料_第3辑_西樵山专辑
E0478,鉴湖,地点,11,0.8,1,11.0,南海文史资料_第3辑_西樵山专辑
E0479,电影院,建筑,11,0.8,1,11.0,南海文史资料_第5辑_(政协南海县委员会文史组编)
E0480,边村,地点,10,0.8,1,10.0,南海龙狮南海衣冠南海古村_南海衣冠篇
E0481,世代,朝代,10,0.8,1,10.0,南海龙狮南海衣冠南海古村_南海衣冠篇
E0482,华平村,地点,10,0.95,1,10.0,南海龙狮南海衣冠南海古村_南海衣冠篇
E0483,本路,地点,10,0.8,1,10.0,大德南海志_维基文库
E0484,香山,地点,10,0.8,1,10.0,大德南海志_维基文库
E0485,天街,地点,10,0.8,1,10.0,南海文史资料_第19辑_(南海县政协文史资料委员会编)
E0486,宾馆,建筑,10,0.8,1,10.0,南海文史资料_第23辑_石景宜先生传
E0487,游击区,地点,10,0.8,1,10.0,南海文史资料_第25辑_(广东省南海市政协文史资料委员会编)
E0488,保路,地点,10,0.8,1,10.0,南海文史资料_第28辑_纪念詹天佑诞辰一百三十五周年特辑
E0489,武状元,人物,10,0.7,1,10.0,南海文史资料_第29辑_(广东省南海市政协文史和学习委员会编)
E0490,洪拳,文化要素,10,0.95,1,10.0,南海文史资料_第29辑_(广东省南海市政协文史和学习委员会编)
E0491,地母堂,建筑,10,0.8,1,10.0,南海文史资料_第34辑_(广东省南海市政协文史和学习委员会)
E0492,韩雍,人物,10,0.95,1,10.0,南海文史资料_第3辑_西樵山专辑
E0493,海堂,建筑,9,0.8,1,9.0,南海文史资料_邹伯奇
E0494,版画,文化要素,9,0.75,1,9.0,南海非遗_南海书画篇
E0495,十五年,朝代,9,0.8,1,9.0,大德南海志_维基文库
E0496,印染,文化要素,9,0.75,1,9.0,南海文史资料_第10辑_陈启沅与南海县纺织工业史专辑
E0497,销路,地点,9,0.8,1,9.0,南海文史资料_第10辑_陈启沅与南海县纺织工业史专辑
E0498,根年,朝代,9,0.8,1,9.0,南海文史资料_第19辑_(南海县政协文史资料委员会编)
E0499,瑶区,地点,9,0.8,1,9.0,南海文史资料_第19辑_(南海县政协文史资料委员会编)
E0500,米市,地点,9,0.8,1,9.0,南海文史资料_第19辑_(南海县政协文史资料委员会编)
E0501,该寺,建筑,9,0.8,1,9.0,南海文史资料_第1辑_(政协南海县委员会文史组)
E0502,九路,地点,9,0.8,1,9.0,南海文史资料_第23辑_石景宜先生传
E0503,叶问,人物,9,0.95,1,9.0,南海文史资料_第29辑_(广东省南海市政协文史和学习委员会编)
E0504,金山寺,建筑,9,0.8,1,9.0,南海文史资料_第2辑_(政协南海县委员会文史组)
E0505,枕流亭,建筑,9,0.9,1,9.0,南海文史资料_第3辑_西樵山专辑
E0506,东塘,地点,9,0.8,1,9.0,南海文史资料_第5辑_(政协南海县委员会文史组编)
E0507,花县,地点,9,0.8,1,9.0,南海文史资料_第8辑_(政协南海县委员会文史组)
E0508,非遗,文化要素,8,0.95,1,8.0,南海非遗_南海书画篇
E0509,林村,地点,8,0.8,1,8.0,南海龙狮南海衣冠南海古村_南海衣冠篇
E0510,峰村,地点,8,0.8,1,8.0,南海龙狮南海衣冠南海古村_南海衣冠篇
E0511,棉纺织,文化要素,8,0.75,1,8.0,南海文史资料_第10辑_陈启沅与南海县纺织工业史专辑
E0512,麻纺织,文化要素,8,0.75,1,8.0,南海文史资料_第10辑_陈启沅与南海县纺织工业史专辑
E0513,七十年代,朝代,8,0.8,1,8.0,南海文史资料_第10辑_陈启沅与南海县纺织工业史专辑
E0514,殿堂,建筑,8,0.8,1,8.0,南海文史资料_第11辑_(南海县政协文史资料研究委员会编)
E0515,国史馆,建筑,8,0.8,1,8.0,南海文史资料_第13辑_(南海县政协文史资料研究委员会编)
E0516,陈氏,人物,8,0.7,1,8.0,南海文史资料_第13辑_(南海县政协文史资料研究委员会编)
E0517,业务范围,地点,8,0.8,1,8.0,南海文史资料_第15辑_(南海县政协文史资料委员会编)
E0518,欧阳山,地点,8,0.8,1,8.0,南海文史资料_第19辑_(南海县政协文史资料委员会编)
E0519,星洲,地点,8,0.8,1,8.0,南海文史资料_第22辑_(广东省南海市政协文史资料委员会编)
E0520,画艺,文化要素,8,0.75,1,8.0,南海文史资料_第26辑_黄少强画传
E0521,心学,文化要素,8,0.95,1,8.0,南海文史资料_第27辑_(广东省南海市政协文史和学习委员会编)
E0522,张路,地点,8,0.8,1,8.0,南海文史资料_第28辑_纪念詹天佑诞辰一百三十五周年特辑
E0523,阳台,建筑,8,0.8,1,8.0,南海文史资料_第29辑_(广东省南海市政协文史和学习委员会编)
E0524,社会青年,朝代,8,0.8,1,8.0,南海文史资料_第34辑_(广东省南海市政协文史和学习委员会)
E0525,湖山,地点,8,0.8,1,8.0,南海文史资料_第3辑_西樵山专辑
E0526,万历,朝代,8,0.95,1,8.0,南海文史资料_第3辑_西樵山专辑
E0527,湛若水,人物,8,0.95,1,8.0,南海文史资料_第3辑_西樵山专辑
E0528,三湖,地点,8,0.8,1,8.0,南海文史资料_第3辑_西樵山专辑
E0529,教堂,建筑,8,0.8,1,8.0,南海文史资料_第5辑_(政协南海县委员会文史组编)
E0530,水区,地点,8,0.8,1,8.0,南海文史资料_第6辑_(政协南海县委员会文史组编)
E0531,黄先生,人物,8,0.7,1,8.0,南海文史资料_第6辑_(政协南海县委员会文史组编)
E0532,真楼,建筑,6,0.8,2,7.8,佛山祖庙;岭南文化知识书系_佛山祖庙
E0533,钟鼓楼,建筑,6,0.8,2,7.8,佛山祖庙;岭南文化知识书系_佛山祖庙
E0534,行宫,建筑,6,0.8,2,7.8,佛山祖庙;岭南文化知识书系_佛山祖庙
E0535,山水画,文化要素,7,0.75,1,7.0,佛山市博物馆藏绘画
E0536,擅画,文化要素,7,0.75,1,7.0,佛山市博物馆藏绘画
E0537,苏仁山,地点,7,0.8,1,7.0,佛山市博物馆藏绘画
E0538,庐山,地点,7,0.8,1,7.0,佛山市博物馆藏绘画
E0539,渔村,地点,7,0.8,1,7.0,南海美食_南海美食篇
E0540,茶艺,文化要素,7,0.75,1,7.0,南海美食_南海美食篇
E0541,松岗,地点,7,0.95,1,7.0,南海美食_南海美食篇
E0542,林良,人物,7,0.95,1,7.0,南海非遗_南海书画篇
E0543,彩画,文化要素,7,0.75,1,7.0,南海非遗_南海书画篇
E0544,圣朝,朝代,7,0.8,1,7.0,大德南海志_维基文库
E0545,郡县,地点,7,0.8,1,7.0,大德南海志_维基文库
E0546,讲堂,建筑,7,0.8,1,7.0,大德南海志_维基文库
E0547,仙湖,地点,7,0.8,1,7.0,大德南海志_维基文库
E0548,妙高台,建筑,7,0.8,1,7.0,大德南海志_维基文库
E0549,两广总督,人物,7,0.7,1,7.0,南海文史资料_第11辑_(南海县政协文史资料研究委员会编)
E0550,何先生,人物,7,0.7,1,7.0,南海文史资料_第11辑_(南海县政协文史资料研究委员会编)
E0551,早年,朝代,7,0.8,1,7.0,南海文史资料_第13辑_(南海县政协文史资料研究委员会编)
E0552,民国初年,朝代,7,0.8,1,7.0,南海文史资料_第15辑_(南海县政协文史资料委员会编)
E0553,一镇,地点,7,0.8,1,7.0,南海文史资料_第17辑_(南海县政协文史资料研究委员会)
E0554,下半年,朝代,7,0.8,1,7.0,南海文史资料_第19辑_(南海县政协文史资料委员会编)
E0555,六区,地点,7,0.8,1,7.0,南海文史资料_第19辑_(南海县政协文史资料委员会编)
E0556,区新,人物,7,0.95,1,7.0,南海文史资料_第1辑_(政协南海县委员会文史组)
E0557,禅寺,建筑,7,0.8,1,7.0,南海文史资料_第1辑_(政协南海县委员会文史组)
E0558,罗格,人物,7,0.95,1,7.0,南海文史资料_第1辑_(政协南海县委员会文史组)
E0559,两年,朝代,7,0.8,1,7.0,南海文史资料_第20辑_(广东省南海县政协文史资料委员会编)
E0560,教育馆,建筑,7,0.8,1,7.0,南海文史资料_第20辑_(广东省南海县政协文史资料委员会编)
E0561,农学院,建筑,7,0.8,1,7.0,南海文史资料_第24辑_蚕桑谱专辑
E0562,传染,文化要素,7,0.75,1,7.0,南海文史资料_第24辑_蚕桑谱专辑
E0563,解放区,地点,7,0.8,1,7.0,南海文史资料_第25辑_(广东省南海市政协文史资料委员会编)
E0564,江村,地点,7,0.8,1,7.0,南海文史资料_第26辑_黄少强画传
E0565,人物画,文化要素,7,0.75,1,7.0,南海文史资料_第26辑_黄少强画传
E0566,终年,朝代,7,0.8,1,7.0,南海文史资料_第29辑_(广东省南海市政协文史和学习委员会编)
E0567,状元坊,建筑,7,0.8,1,7.0,南海文史资料_第29辑_(广东省南海市政协文史和学习委员会编)
E0568,石山,地点,7,0.8,1,7.0,南海文史资料_第3辑_西樵山专辑
E0569,云路村,地点,7,0.95,1,7.0,南海文史资料_第3辑_西樵山专辑
E0570,宝峰寺,建筑,7,0.95,1,7.0,南海文史资料_第3辑_西樵山专辑
E0571,石燕岩,地点,7,0.95,1,7.0,南海文史资料_第3辑_西樵山专辑
E0572,入馆,建筑,7,0.8,1,7.0,南海文史资料_第3辑_西樵山专辑
E0573,泰山,地点,7,0.8,1,7.0,南海文史资料_第5辑_(政协南海县委员会文史组编)
E0574,礼拜堂,建筑,7,0.8,1,7.0,南海文史资料_第5辑_(政协南海县委员会文史组编)
E0575,八角亭,建筑,7,0.8,1,7.0,南海文史资料_第6辑_(政协南海县委员会文史组编)
E0576,后代,朝代,7,0.8,1,7.0,南海文史资料_第6辑_(政协南海县委员会文史组编)
E0577,邝氏,人物,7,0.7,1,7.0,南海文史资料_第6辑_(政协南海县委员会文史组编)
E0578,黄山,地点,7,0.8,1,7.0,南海文史资料_第8辑_(政协南海县委员会文史组)
E0579,博山,地点,6,0.8,1,6.0,佛山市博物馆藏绘画
E0580,童年,朝代,6,0.8,1,6.0,佛山文史资料
E0581,煎堆,文化要素,6,0.95,1,6.0,南海美食_南海特产篇
E0582,笔画,文化要素,6,0.75,1,6.0,南海非遗_南海书画篇
E0583,张镇,地点,6,0.8,1,6.0,大德南海志_维基文库
E0584,十二年,朝代,6,0.8,1,6.0,南海文史资料_第13辑_(南海县政协文史资料研究委员会编)
E0585,大沥镇,地点,6,0.95,1,6.0,南海文史资料_第15辑_(南海县政协文史资料委员会编)
E0586,瀛台,建筑,6,0.8,1,6.0,南海文史资料_第1辑_(政协南海县委员会文史组)
E0587,民教馆,建筑,6,0.8,1,6.0,南海文史资料_第21辑_(广东省南海市政协文史资料委员会编)
E0588,龙山,地点,6,0.8,1,6.0,南海文史资料_第24辑_蚕桑谱专辑
E0589,潘先生,人物,6,0.7,1,6.0,南海文史资料_第25辑_(广东省南海市政协文史资料委员会编)
E0590,诗画,文化要素,6,0.75,1,6.0,南海文史资料_第26辑_黄少强画传
E0591,江山,地点,6,0.8,1,6.0,南海文史资料_第26辑_黄少强画传
E0592,良凿围,地点,6,0.8,1,6.0,南海文史资料_第2辑_(政协南海县委员会文史组)
E0593,西山,地点,6,0.8,1,6.0,南海文史资料_第3辑_西樵山专辑
E0594,正德,朝代,6,0.95,1,6.0,南海文史资料_第3辑_西樵山专辑
E0595,近年,朝代,6,0.8,1,6.0,南海文史资料_第3辑_西樵山专辑
E0596,三路,地点,6,0.8,1,6.0,南海文史资料_第5辑_(政协南海县委员会文史组编)
E0597,渡河,地点,6,0.8,1,6.0,南海文史资料_第5辑_(政协南海县委员会文史组编)
E0598,岗山,地点,6,0.8,1,6.0,南海文史资料_第6辑_(政协南海县委员会文史组编)
E0599,酱油,文化要素,5,0.95,1,5.0,南海美食_南海特产篇
E0600,厨艺,文化要素,5,0.75,1,5.0,南海美食_南海美食篇
E0601,三院,建筑,5,0.8,1,5.0,南海文史资料_第14辑_(南海县政协文史资料委员会编)
E0602,王朝,朝代,5,0.8,1,5.0,南海文史资料_第16辑_(南海县政协文史资料研究委员会)
E0603,学年,朝代,5,0.8,1,5.0,南海文史资料_第16辑_(南海县政协文史资料研究委员会)
E0604,一区,地点,5,0.8,1,5.0,南海文史资料_第1辑_(政协南海县委员会文史组)
E0605,显岗,地点,5,0.8,1,5.0,南海文史资料_第1辑_(政协南海县委员会文史组)
E0606,各县,地点,5,0.8,1,5.0,南海文史资料_第24辑_蚕桑谱专辑
E0607,其画,文化要素,5,0.75,1,5.0,南海文史资料_第26辑_黄少强画传
E0608,学画,文化要素,5,0.75,1,5.0,南海文史资料_第26辑_黄少强画传
E0609,瀑亭,建筑,5,0.8,1,5.0,南海文史资料_第3辑_西樵山专辑
E0610,大科书院,建筑,5,0.95,1,5.0,南海文史资料_第3辑_西樵山专辑
E0611,芳村,地点,5,0.8,1,5.0,南海文史资料_第5辑_(政协南海县委员会文史组编)
E0612,数年,朝代,5,0.8,1,5.0,南海文史资料_第5辑_(政协南海县委员会文史组编)
E0613,冈村,地点,5,0.8,1,5.0,南海文史资料_第6辑_(政协南海县委员会文史组编)
E0614,续编,文化要素,5,0.75,1,5.0,南海文史资料_第8辑_(政协南海县委员会文史组)
E0615,餐馆,建筑,4,0.8,1,4.0,南海美食_南海美食篇
E0616,林寺,建筑,4,0.8,1,4.0,南海文史资料_第1辑_(政协南海县委员会文史组)
E0617,画馆,建筑,4,0.8,1,4.0,南海文史资料_第26辑_黄少强画传
E0618,天风楼,建筑,4,0.8,1,4.0,南海文史资料_第26辑_黄少强画传
E0619,四十周年,朝代,4,0.8,1,4.0,南海文史资料_第8辑_(政协南海县委员会文史组)
E0620,州市,地点,3,0.8,1,3.0,中国旅行_广州佛山
E0621,摄氏,人物,3,0.7,1,3.0,中国旅行_广州佛山
E0622,风景区,地点,3,0.8,1,3.0,中国旅行_广州佛山
E0623,以画,文化要素,3,0.75,1,3.0,南海文史资料_第26辑_黄少强画传
E0624,东山,地点,2,0.8,1,2.0,中国旅行_广州佛山
E0625,滨江路,地点,2,0.8,1,2.0,中国旅行_广州佛山
E0626,会县,地点,2,0.8,1,2.0,中国旅行_广州佛山
