id,name,anchor_type,sub_type,era,protection_level,address,town,lng,lat,coord_source,coord_confidence,source_record_ids,source_types,anchor_source_20260510
OFF_20260510_0001,果岗江孔殷桅杆夹,官方资源扩展,不可移动文物,清代,尚未核定公布为文物保护单位的不可移动文物,广东省佛山市南海区狮山镇罗村联和社区居委会果岗村联和大道旁江氏宗祠前,狮山镇,113.030542,23.122685,address_token_centroid,0.72,['IH_0001'],['不可移动文物'],official_resource_expansion
OFF_20260510_0002,环溪安宁桥,官方资源扩展,不可移动文物,清代,尚未核定公布为文物保护单位的不可移动文物,广东省佛山市南海区桂城街道夏南一社区居委会环溪村司马里对面,桂城街道,113.15563,23.044054,address_token_centroid,0.72,['IH_0005'],['不可移动文物'],official_resource_expansion
OFF_20260510_0003,娥媚坑竹西岗墓群,官方资源扩展,不可移动文物,战国秦汉,市级和县级文物保护单位,广东省佛山市南海区桂城街道林岳社区居委会娥媚坑竹西岗,桂城街道,113.251149,22.998477,address_token_centroid,0.62,['IH_0006'],['不可移动文物'],official_resource_expansion
OFF_20260510_0004,西华寺遗址,官方资源扩展,不可移动文物,"隋唐五代十国,宋辽西夏金元,明代,清代",省级文物保护单位,广东省佛山市南海区里水镇草场社区居委会石门山南麓西华村西华街13号,里水镇,113.138868,23.223757,town_representative_point,0.38,['IH_0007'],['不可移动文物'],official_resource_expansion
OFF_20260510_0005,太监岗遗址,官方资源扩展,不可移动文物,新石器时代,尚未核定公布为文物保护单位的不可移动文物,广东省佛山市南海区西樵镇山根社区居委会太监岗,西樵镇,112.985257,22.935854,address_token_centroid,0.72,['IH_0008'],['不可移动文物'],official_resource_expansion
OFF_20260510_0006,石龙大夫第门楼,官方资源扩展,不可移动文物,清代,尚未核定公布为文物保护单位的不可移动文物,广东省佛山市南海区西樵镇七星村委会石龙里大夫第巷1号,西樵镇,112.935322,22.941121,town_representative_point,0.38,['IH_0009'],['不可移动文物'],official_resource_expansion
OFF_20260510_0007,西岸接源亭,官方资源扩展,不可移动文物,近现代,尚未核定公布为文物保护单位的不可移动文物,广东省佛山市南海区西樵镇西岸社区居委会银坑村接源桥侧,西樵镇,112.935322,22.941121,town_representative_point,0.38,['IH_0010'],['不可移动文物'],official_resource_expansion
OFF_20260510_0008,林得润夫妇墓,官方资源扩展,不可移动文物,明代,尚未核定公布为文物保护单位的不可移动文物,广东省佛山市南海区西樵镇大同社区居委会柏山村口牌坊后小山岗,西樵镇,112.935322,22.941121,town_representative_point,0.38,['IH_0011'],['不可移动文物'],official_resource_expansion
OFF_20260510_0009,西樵山火石迳古道,官方资源扩展,不可移动文物,清代,尚未核定公布为文物保护单位的不可移动文物,广东省佛山市南海区西樵镇东碧社区黄旗峰迳边村至山根莘村,西樵镇,112.972637,22.930869,address_token_centroid,0.72,['IH_0012'],['不可移动文物'],official_resource_expansion
OFF_20260510_0010,西樵山岑氏家族墓,官方资源扩展,不可移动文物,清代,尚未核定公布为文物保护单位的不可移动文物,广东省佛山市南海区西樵镇东碧社区西樵山云路村九稔岗,西樵镇,112.972637,22.930869,address_token_centroid,0.72,['IH_0013'],['不可移动文物'],official_resource_expansion
OFF_20260510_0011,西樵山杨氏家族墓,官方资源扩展,不可移动文物,宋辽西夏金元,尚未核定公布为文物保护单位的不可移动文物,广东省佛山市南海区西樵镇东碧社区西樵山云路村楠木坑,西樵镇,112.972637,22.930869,address_token_centroid,0.72,['IH_0018'],['不可移动文物'],official_resource_expansion
OFF_20260510_0012,李咸江墓,官方资源扩展,不可移动文物,宋辽西夏金元,尚未核定公布为文物保护单位的不可移动文物,广东省佛山市南海区西樵镇东碧社区西樵山云路村铁泉峰飞鹅岭,西樵镇,112.935322,22.941121,town_representative_point,0.38,['IH_0021'],['不可移动文物'],official_resource_expansion
OFF_20260510_0013,厚村刘氏大宗祠,官方资源扩展,不可移动文物,清代,尚未核定公布为文物保护单位的不可移动文物,广东省佛山市南海区狮山镇官窑社区居委会厚东村,狮山镇,113.074893,23.225188,poi_name_fuzzy,0.84,['IH_0023'],['不可移动文物'],official_resource_expansion
OFF_20260510_0014,大何长庚古道,官方资源扩展,不可移动文物,清代,尚未核定公布为文物保护单位的不可移动文物,广东省佛山市南海区狮山镇狮西村委会大何村西侧,狮山镇,113.030542,23.122685,address_token_centroid,0.72,['IH_0024'],['不可移动文物'],official_resource_expansion
OFF_20260510_0015,瑶头窑址,官方资源扩展,不可移动文物,"隋唐五代十国,宋辽西夏金元",尚未核定公布为文物保护单位的不可移动文物,广东省佛山市南海区里水镇瑶头村委会窑张村石角,里水镇,113.138868,23.223757,town_representative_point,0.38,['IH_0025'],['不可移动文物'],official_resource_expansion
OFF_20260510_0016,和平吕氏家庙,官方资源扩展,不可移动文物,清代,尚未核定公布为文物保护单位的不可移动文物,广东省佛山市南海区里水镇大冲社区居委会和平村大冲幼儿园右侧,里水镇,113.125218,23.156106,poi_name_fuzzy,0.84,['IH_0026'],['不可移动文物'],official_resource_expansion
OFF_20260510_0017,月池黄氏家族墓,官方资源扩展,不可移动文物,宋辽西夏金元,尚未核定公布为文物保护单位的不可移动文物,广东省佛山市南海区里水镇河村社区居委会月池村月姑池,里水镇,113.138868,23.223757,town_representative_point,0.38,['IH_0027'],['不可移动文物'],official_resource_expansion
OFF_20260510_0018,潭边石板桥,官方资源扩展,不可移动文物,清代,尚未核定公布为文物保护单位的不可移动文物,广东省佛山市南海区里水镇麻奢村委会潭边村四巷六号右前方（潭边文化室右边）,里水镇,113.138868,23.223757,town_representative_point,0.38,['IH_0028'],['不可移动文物'],official_resource_expansion
OFF_20260510_0019,北约石梁桥,官方资源扩展,不可移动文物,"明代,清代",尚未核定公布为文物保护单位的不可移动文物,广东省佛山市南海区桂城街道北约社区居委会住宅六区65号侧,桂城街道,113.15563,23.044054,address_token_centroid,0.72,['IH_0029'],['不可移动文物'],official_resource_expansion
OFF_20260510_0020,友谅徐公祠,官方资源扩展,不可移动文物,清代,尚未核定公布为文物保护单位的不可移动文物,广东省佛山市南海区狮山镇莲塘村委会莲北村居安里1号侧,狮山镇,113.030542,23.122685,address_token_centroid,0.72,['IH_0030'],['不可移动文物'],official_resource_expansion
OFF_20260510_0021,陈茂兴、吴太安人墓,官方资源扩展,不可移动文物,宋辽西夏金元,尚未核定公布为文物保护单位的不可移动文物,广东省佛山市南海区丹灶镇仙岗社区居委会赤坎村南部村口处,丹灶镇,112.92091,23.06365,town_representative_point,0.38,['IH_0031'],['不可移动文物'],official_resource_expansion
OFF_20260510_0022,梁植伟旧居,官方资源扩展,不可移动文物,近现代,尚未核定公布为文物保护单位的不可移动文物,广东省佛山市南海区大沥镇岐城社区均安大街六巷3至9号,大沥镇,113.194093,23.117805,poi_name_exact,0.94,['IH_0032'],['不可移动文物'],official_resource_expansion
OFF_20260510_0023,禄舟水井,官方资源扩展,不可移动文物,明代,尚未核定公布为文物保护单位的不可移动文物,广东省佛山市南海区西樵镇岭西村委会禄舟村20号万寿堂前,西樵镇,112.935322,22.941121,town_representative_point,0.38,['IH_0033'],['不可移动文物'],official_resource_expansion
OFF_20260510_0024,大岸霍氏宗祠,官方资源扩展,不可移动文物,清代,尚未核定公布为文物保护单位的不可移动文物,广东省佛山市南海区西樵镇大岸村委会八村村绵绵里17号侧,西樵镇,112.930983,22.991846,poi_name_fuzzy,0.84,['IH_0034'],['不可移动文物'],official_resource_expansion
OFF_20260510_0025,罗城三眼井,官方资源扩展,不可移动文物,清代,尚未核定公布为文物保护单位的不可移动文物,广东省佛山市南海区大沥镇雅瑶社区居委会罗城村大街南十巷5号前,大沥镇,113.141389,23.1262,poi_name_exact,0.94,['IH_0035'],['不可移动文物'],official_resource_expansion
OFF_20260510_0026,白沙杏花桥,官方资源扩展,不可移动文物,清代,尚未核定公布为文物保护单位的不可移动文物,广东省佛山市南海区大沥镇白沙社区居委会白沙村杏花桥大街5号,大沥镇,113.145463,23.118352,town_representative_point,0.38,['IH_0036'],['不可移动文物'],official_resource_expansion
OFF_20260510_0027,碧华文昌塔,官方资源扩展,不可移动文物,清代,尚未核定公布为文物保护单位的不可移动文物,广东省佛山市南海区大沥镇东秀社区居委会碧华村张王爷坊47号前,大沥镇,113.145463,23.118352,town_representative_point,0.38,['IH_0037'],['不可移动文物'],official_resource_expansion
OFF_20260510_0028,联安汇龙桥,官方资源扩展,不可移动文物,清代,尚未核定公布为文物保护单位的不可移动文物,广东省佛山市南海区大沥镇联安社区居委会汇龙村东隅大街3号侧,大沥镇,113.145463,23.118352,town_representative_point,0.38,['IH_0038'],['不可移动文物'],official_resource_expansion
OFF_20260510_0029,沙溪小学校牌坊,官方资源扩展,不可移动文物,近现代,尚未核定公布为文物保护单位的不可移动文物,广东省佛山市南海区大沥镇沙溪社区居委会正西村大街沙溪公园,大沥镇,113.196199,23.127511,poi_name_fuzzy,0.84,['IH_0039'],['不可移动文物'],official_resource_expansion
OFF_20260510_0030,泌冲楼巷门楼,官方资源扩展,不可移动文物,近现代,尚未核定公布为文物保护单位的不可移动文物,广东省佛山市南海区大沥镇泌冲社区居委会泌冲村西南约大街9号侧,大沥镇,113.145463,23.118352,town_representative_point,0.38,['IH_0040'],['不可移动文物'],official_resource_expansion
OFF_20260510_0031,隔岗方井,官方资源扩展,不可移动文物,明代,尚未核定公布为文物保护单位的不可移动文物,广东省佛山市南海区大沥镇沥西社区居委会隔岗村南九巷2号侧,大沥镇,113.145463,23.118352,town_representative_point,0.38,['IH_0042'],['不可移动文物'],official_resource_expansion
OFF_20260510_0032,沙咀石桥,官方资源扩展,不可移动文物,清代,尚未核定公布为文物保护单位的不可移动文物,广东省佛山市南海区九江镇沙咀社区居委会三村村大门楼38号侧,九江镇,112.959097,22.865251,town_representative_point,0.38,['IH_0043'],['不可移动文物'],official_resource_expansion
OFF_20260510_0033,果岗石兽,官方资源扩展,不可移动文物,明代,尚未核定公布为文物保护单位的不可移动文物,广东省佛山市南海区狮山镇罗村联和社区居委会果岗村果岗乡牌坊前方南侧,狮山镇,113.030542,23.122685,address_token_centroid,0.72,['IH_0044'],['不可移动文物'],official_resource_expansion
OFF_20260510_0034,上林樵岭南来第一门牌坊,官方资源扩展,不可移动文物,清代,尚未核定公布为文物保护单位的不可移动文物,广东省佛山市南海区丹灶镇东升社区居委会上林村村口,丹灶镇,112.92091,23.06365,town_representative_point,0.38,['IH_0046'],['不可移动文物'],official_resource_expansion
OFF_20260510_0035,仙岗陈氏一世祖墓,官方资源扩展,不可移动文物,宋辽西夏金元,尚未核定公布为文物保护单位的不可移动文物,广东省佛山市南海区丹灶镇仙岗社区居委会大仙岗东南麓,丹灶镇,112.92091,23.06365,town_representative_point,0.38,['IH_0047'],['不可移动文物'],official_resource_expansion
OFF_20260510_0036,仙岗石狮,官方资源扩展,不可移动文物,"明代,清代",尚未核定公布为文物保护单位的不可移动文物,广东省佛山市南海区丹灶镇仙岗社区居委会仙岗村石狮巷巷口,丹灶镇,112.92091,23.06365,town_representative_point,0.38,['IH_0048'],['不可移动文物'],official_resource_expansion
OFF_20260510_0037,仙岗仙迹丹泉,官方资源扩展,不可移动文物,"三国两晋南北朝,明代,清代",省级文物保护单位,广东省佛山市南海区丹灶镇仙岗社区居委会仙岗村流水井二巷前,丹灶镇,112.886577,23.039443,existing_anchor_fuzzy,0.88,['IH_0052'],['不可移动文物'],official_resource_expansion
OFF_20260510_0038,沙水白银窦,官方资源扩展,不可移动文物,清代,尚未核定公布为文物保护单位的不可移动文物,广东省佛山市南海区丹灶镇劳边社区居委会沙水村沙水路沙岸鱼塘侧,丹灶镇,112.930547,23.049446,address_token_centroid,0.62,['IH_0053'],['不可移动文物'],official_resource_expansion
OFF_20260510_0039,料美水井,官方资源扩展,不可移动文物,清代,尚未核定公布为文物保护单位的不可移动文物,广东省佛山市南海区里水镇小布村委会料美村兴仁里25号前,里水镇,113.138868,23.223757,town_representative_point,0.38,['IH_0054'],['不可移动文物'],official_resource_expansion
OFF_20260510_0040,徐边无辜受害死难贫下中农纪念碑,官方资源扩展,不可移动文物,近现代,尚未核定公布为文物保护单位的不可移动文物,广东省佛山市南海区丹灶镇劳边社区居委会徐边通衢入口200米处,丹灶镇,112.932456,23.061795,poi_name_exact,0.94,['IH_0055'],['不可移动文物'],official_resource_expansion
OFF_20260510_0041,水南村冯氏家族墓,官方资源扩展,不可移动文物,宋辽西夏金元,市级和县级文物保护单位,广东省佛山市南海区九江镇水南社区居委会迎安大道东边约50米处,九江镇,113.030182,22.910187,existing_anchor_fuzzy,0.88,['IH_0057'],['不可移动文物'],official_resource_expansion
OFF_20260510_0042,桑园围东堤,官方资源扩展,不可移动文物,"宋辽西夏金元,明代,清代",尚未核定公布为文物保护单位的不可移动文物,广东省佛山市南海区九江镇沙头社区东北边,九江镇,112.959097,22.865251,town_representative_point,0.38,['IH_0059'],['不可移动文物'],official_resource_expansion
OFF_20260510_0043,世老石堤围,官方资源扩展,不可移动文物,明代,尚未核定公布为文物保护单位的不可移动文物,广东省佛山市南海区九江镇朗星社区居委会世老村村面,九江镇,112.959097,22.865251,town_representative_point,0.38,['IH_0060'],['不可移动文物'],official_resource_expansion
OFF_20260510_0044,溪头一眼桥,官方资源扩展,不可移动文物,明代,尚未核定公布为文物保护单位的不可移动文物,广东省佛山市南海区大沥镇河西社区居委会溪头村,大沥镇,113.145463,23.118352,town_representative_point,0.38,['IH_0061'],['不可移动文物'],official_resource_expansion
OFF_20260510_0045,邹特夫墓,官方资源扩展,不可移动文物,清代,市级和县级文物保护单位,广东省佛山市南海区大沥镇泌冲社区居委会后海村长青墓园内,大沥镇,113.145463,23.118352,town_representative_point,0.38,['IH_0062'],['不可移动文物'],official_resource_expansion
OFF_20260510_0046,西桥卢氏祖墓,官方资源扩展,不可移动文物,明代,尚未核定公布为文物保护单位的不可移动文物,广东省佛山市南海区九江镇西桥社区居委会西桥村九樵路侧,九江镇,112.959097,22.865251,town_representative_point,0.38,['IH_0063'],['不可移动文物'],official_resource_expansion
OFF_20260510_0047,北约香亭,官方资源扩展,不可移动文物,清代,尚未核定公布为文物保护单位的不可移动文物,广东省佛山市南海区桂城街道北约社区居委会老人协会南侧,桂城街道,113.15563,23.044054,address_token_centroid,0.72,['IH_0064'],['不可移动文物'],official_resource_expansion
OFF_20260510_0048,张边南队旧址,官方资源扩展,不可移动文物,近现代,尚未核定公布为文物保护单位的不可移动文物,广东省佛山市南海区狮山镇高边社区居委会张南村张南一巷1号,狮山镇,113.030542,23.122685,address_token_centroid,0.72,['IH_0065'],['不可移动文物'],official_resource_expansion
OFF_20260510_0049,西龙水步,官方资源扩展,不可移动文物,清代,尚未核定公布为文物保护单位的不可移动文物,广东省佛山市南海区桂城街道平胜社区居委会西龙村西龙街26号西北侧西龙涌边,桂城街道,113.17698,23.002205,address_token_centroid,0.62,['IH_0066'],['不可移动文物'],official_resource_expansion
OFF_20260510_0050,东约古庙,官方资源扩展,不可移动文物,清代,尚未核定公布为文物保护单位的不可移动文物,广东省佛山市南海区桂城街道东二社区居委会东约村北街大道23号,桂城街道,113.163593,23.022909,poi_name_exact,0.94,['IH_0067'],['不可移动文物'],official_resource_expansion
OFF_20260510_0051,东约土地庙,官方资源扩展,不可移动文物,清代,尚未核定公布为文物保护单位的不可移动文物,广东省佛山市南海区桂城街道东二社区居委会东约村东北直街1O号侧,桂城街道,113.15563,23.044054,address_token_centroid,0.72,['IH_0068'],['不可移动文物'],official_resource_expansion
OFF_20260510_0052,瑞庭唐公祠,官方资源扩展,不可移动文物,清代,尚未核定公布为文物保护单位的不可移动文物,广东省佛山市南海区桂城街道东二社区居委会中心村东二公园内,桂城街道,113.152094,23.028992,poi_name_exact,0.94,['IH_0069'],['不可移动文物'],official_resource_expansion
OFF_20260510_0053,临溪何公祠,官方资源扩展,不可移动文物,"明代,清代",尚未核定公布为文物保护单位的不可移动文物,广东省佛山市南海区桂城街道夏北社区居委会洲表村夏北大道57号,桂城街道,113.175531,23.06409,poi_name_exact,0.94,['IH_0070'],['不可移动文物'],official_resource_expansion
OFF_20260510_0054,牛过坑石桥,官方资源扩展,不可移动文物,清代,尚未核定公布为文物保护单位的不可移动文物,广东省佛山市南海区西樵镇显岗社区居委会富贤村后牛过坑,西樵镇,112.935322,22.941121,town_representative_point,0.38,['IH_0074'],['不可移动文物'],official_resource_expansion
OFF_20260510_0055,西岸接源桥,官方资源扩展,不可移动文物,近现代,尚未核定公布为文物保护单位的不可移动文物,广东省佛山市南海区西樵镇西岸社区居委会银坑村庆云洞西侧,西樵镇,112.935322,22.941121,town_representative_point,0.38,['IH_0075'],['不可移动文物'],official_resource_expansion
OFF_20260510_0056,李盟威墓,官方资源扩展,不可移动文物,宋辽西夏金元,尚未核定公布为文物保护单位的不可移动文物,广东省佛山市南海区西樵镇山根社区居委会樵阳村民小组罗伞岗,西樵镇,112.985257,22.935854,address_token_centroid,0.72,['IH_0076'],['不可移动文物'],official_resource_expansion
OFF_20260510_0057,余岳甫、曾氏安人墓,官方资源扩展,不可移动文物,清代,尚未核定公布为文物保护单位的不可移动文物,广东省佛山市南海区西樵镇西樵山白山村黄龙岗,西樵镇,112.935322,22.941121,town_representative_point,0.38,['IH_0077'],['不可移动文物'],official_resource_expansion
OFF_20260510_0058,西樵山戴氏家族墓,官方资源扩展,不可移动文物,"明代,清代",尚未核定公布为文物保护单位的不可移动文物,广东省佛山市南海区西樵镇东碧社区西樵山云路村凤冠山南麓,西樵镇,112.972637,22.930869,address_token_centroid,0.72,['IH_0078'],['不可移动文物'],official_resource_expansion
OFF_20260510_0059,西樵山豫章首第门楼,官方资源扩展,不可移动文物,近现代,尚未核定公布为文物保护单位的不可移动文物,广东省佛山市南海区西樵镇东碧社区西樵山碧云村30号前,西樵镇,112.975807,22.929714,poi_name_exact,0.94,['IH_0080'],['不可移动文物'],official_resource_expansion
OFF_20260510_0060,西樵山天后宫,官方资源扩展,不可移动文物,近现代,尚未核定公布为文物保护单位的不可移动文物,广东省佛山市南海区西樵镇东碧社区西樵山寺边村四方竹景区入口处,西樵镇,112.970018,22.92039,poi_name_exact,0.94,['IH_0082'],['不可移动文物'],official_resource_expansion
OFF_20260510_0061,西樵山四峰书院遗址,官方资源扩展,不可移动文物,明代,省级文物保护单位,广东省佛山市南海区西樵镇东碧社区西樵山寺边村,西樵镇,112.973856,22.91818,existing_anchor_fuzzy,0.88,['IH_0086'],['不可移动文物'],official_resource_expansion
OFF_20260510_0062,西岸梁氏家族墓,官方资源扩展,不可移动文物,"宋辽西夏金元,明代",尚未核定公布为文物保护单位的不可移动文物,广东省佛山市南海区西樵镇西岸社区居委会宫溪村老人峰西北坡约40米高处,西樵镇,112.935322,22.941121,town_representative_point,0.38,['IH_0088'],['不可移动文物'],official_resource_expansion
OFF_20260510_0063,西樵山抗战胜利纪念亭,官方资源扩展,不可移动文物,近现代,尚未核定公布为文物保护单位的不可移动文物,广东省佛山市南海区西樵镇东碧社区黄旗峰火石迳古道旁,西樵镇,112.993817,22.935557,poi_name_fuzzy,0.84,['IH_0089'],['不可移动文物'],official_resource_expansion
OFF_20260510_0064,邝村二帝宫,官方资源扩展,不可移动文物,清代,尚未核定公布为文物保护单位的不可移动文物,广东省佛山市南海区狮山镇凤岗村委会邝村村东南边,狮山镇,113.030542,23.122685,address_token_centroid,0.72,['IH_0090'],['不可移动文物'],official_resource_expansion
OFF_20260510_0065,竹溪关公祠,官方资源扩展,不可移动文物,清代,尚未核定公布为文物保护单位的不可移动文物,广东省佛山市南海区狮山镇山南社区居委会鹤园村街前218号,狮山镇,113.107111,23.143271,poi_name_fuzzy,0.84,['IH_0091'],['不可移动文物'],official_resource_expansion
OFF_20260510_0066,豸下李氏大宗祠,官方资源扩展,不可移动文物,清代,尚未核定公布为文物保护单位的不可移动文物,广东省佛山市南海区狮山镇黎岗村委会豸下村,狮山镇,113.015703,23.041153,poi_name_fuzzy,0.84,['IH_0092'],['不可移动文物'],official_resource_expansion
OFF_20260510_0067,沙岗邓氏宗祠,官方资源扩展,不可移动文物,清代,尚未核定公布为文物保护单位的不可移动文物,广东省佛山市南海区里水镇鲁岗村委会沙岗村沙岗大街新一巷1号右侧,里水镇,113.089517,23.069873,poi_name_fuzzy,0.84,['IH_0093'],['不可移动文物'],official_resource_expansion
OFF_20260510_0068,岗美黄氏宗祠,官方资源扩展,不可移动文物,清代,尚未核定公布为文物保护单位的不可移动文物,广东省佛山市南海区里水镇岗联村委会岗美村联二街六巷1号侧,里水镇,113.105668,23.206358,poi_name_fuzzy,0.84,['IH_0094'],['不可移动文物'],official_resource_expansion
OFF_20260510_0069,通所李公祠,官方资源扩展,不可移动文物,清代,尚未核定公布为文物保护单位的不可移动文物,广东省佛山市南海区里水镇布新村委会西湖村路北7号左边20米处,里水镇,113.138868,23.223757,town_representative_point,0.38,['IH_0095'],['不可移动文物'],official_resource_expansion
OFF_20260510_0070,易叔止、周淑德墓,官方资源扩展,不可移动文物,宋辽西夏金元,尚未核定公布为文物保护单位的不可移动文物,广东省佛山市南海区里水镇大步社区居委会南大步村佛山一环旁龙窟岗,里水镇,113.138868,23.223757,town_representative_point,0.38,['IH_0096'],['不可移动文物'],official_resource_expansion
OFF_20260510_0071,湖洲何氏家庙,官方资源扩展,不可移动文物,清代,尚未核定公布为文物保护单位的不可移动文物,广东省佛山市南海区里水镇沙涌社区居委会湖洲村北十巷35号侧,里水镇,113.138868,23.223757,town_representative_point,0.38,['IH_0097'],['不可移动文物'],official_resource_expansion
OFF_20260510_0072,河村吴氏宗（世）祠,官方资源扩展,不可移动文物,"明代,清代",尚未核定公布为文物保护单位的不可移动文物,广东省佛山市南海区里水镇河村社区居委会月池村配龙三巷1号,里水镇,113.159783,23.180496,address_token_centroid,0.72,['IH_0098'],['不可移动文物'],official_resource_expansion
OFF_20260510_0073,河村主帅庙,官方资源扩展,不可移动文物,清代,尚未核定公布为文物保护单位的不可移动文物,广东省佛山市南海区里水镇河村社区居委会雄星村大庙街1号,里水镇,113.159783,23.180496,address_token_centroid,0.72,['IH_0099'],['不可移动文物'],official_resource_expansion
OFF_20260510_0074,宏岗李氏宗祠,官方资源扩展,不可移动文物,清代,尚未核定公布为文物保护单位的不可移动文物,广东省佛山市南海区里水镇宏岗村委会宏岗村南兴街二巷2号,里水镇,112.99534,23.19254,poi_name_fuzzy,0.84,['IH_0100'],['不可移动文物'],official_resource_expansion
OFF_20260510_0075,赤山人民会场旧址,官方资源扩展,不可移动文物,近现代,尚未核定公布为文物保护单位的不可移动文物,广东省佛山市南海区里水镇赤山村委会赤山村村前路6号,里水镇,113.134145,23.218682,address_token_centroid,0.72,['IH_0101'],['不可移动文物'],official_resource_expansion
OFF_20260510_0076,又山邓公祠,官方资源扩展,不可移动文物,清代,尚未核定公布为文物保护单位的不可移动文物,广东省佛山市南海区里水镇得胜村委会北头村东路17号,里水镇,113.138868,23.223757,town_representative_point,0.38,['IH_0102'],['不可移动文物'],official_resource_expansion
OFF_20260510_0077,白岗张氏宗祠,官方资源扩展,不可移动文物,清代,尚未核定公布为文物保护单位的不可移动文物,广东省佛山市南海区里水镇白岗社区居委会白岗村张氏大街1巷1号右侧,里水镇,113.130883,23.296558,poi_name_fuzzy,0.84,['IH_0103'],['不可移动文物'],official_resource_expansion
OFF_20260510_0078,同裕孔氏宗祠,官方资源扩展,不可移动文物,清代,尚未核定公布为文物保护单位的不可移动文物,广东省佛山市南海区里水镇文教社区居委会同裕村文华里街一巷1号左侧,里水镇,113.124705,23.157129,poi_name_fuzzy,0.84,['IH_0104'],['不可移动文物'],official_resource_expansion
OFF_20260510_0079,大文教姚氏宗祠,官方资源扩展,不可移动文物,清代,尚未核定公布为文物保护单位的不可移动文物,广东省佛山市南海区里水镇白岗社区居委会大文教村宁寿大街21巷北边,里水镇,113.139702,23.245616,poi_name_fuzzy,0.84,['IH_0105'],['不可移动文物'],official_resource_expansion
OFF_20260510_0080,平洲公社平南大队第三生产队旧址,官方资源扩展,不可移动文物,近现代,尚未核定公布为文物保护单位的不可移动文物,广东省佛山市南海区桂城街道平南社区居委会五斗村五斗大道西二巷1号,桂城街道,113.15563,23.044054,address_token_centroid,0.72,['IH_0106'],['不可移动文物'],official_resource_expansion
OFF_20260510_0081,横岗欧阳氏宗祠,官方资源扩展,不可移动文物,清代,尚未核定公布为文物保护单位的不可移动文物,广东省佛山市南海区里水镇金利社区居委会横岗村横欧大街南三巷1号、四巷1号之间,里水镇,113.133042,23.273332,poi_name_fuzzy,0.84,['IH_0107'],['不可移动文物'],official_resource_expansion
OFF_20260510_0082,料美黄氏宗祠,官方资源扩展,不可移动文物,清代,尚未核定公布为文物保护单位的不可移动文物,广东省佛山市南海区里水镇小布村委会料美村南街兴隆里1号侧,里水镇,113.105668,23.206358,poi_name_fuzzy,0.84,['IH_0108'],['不可移动文物'],official_resource_expansion
OFF_20260510_0083,小布黄氏宗祠,官方资源扩展,不可移动文物,清代,尚未核定公布为文物保护单位的不可移动文物,广东省佛山市南海区里水镇小布村委会小南村、小北村间小北街西七巷1号侧,里水镇,113.105668,23.206358,poi_name_fuzzy,0.84,['IH_0109'],['不可移动文物'],official_resource_expansion
OFF_20260510_0084,西汤汤氏宗祠,官方资源扩展,不可移动文物,清代,尚未核定公布为文物保护单位的不可移动文物,广东省佛山市南海区里水镇汤村村委会西汤村大街一巷1号右侧,里水镇,113.169389,23.261816,poi_name_fuzzy,0.84,['IH_0110'],['不可移动文物'],official_resource_expansion
OFF_20260510_0085,汤南汤氏宗祠,官方资源扩展,不可移动文物,清代,尚未核定公布为文物保护单位的不可移动文物,广东省佛山市南海区里水镇汤村村委会汤南村祠堂地堂边1号,里水镇,113.169389,23.261816,poi_name_fuzzy,0.84,['IH_0111'],['不可移动文物'],official_resource_expansion
OFF_20260510_0086,上社汤氏宗祠,官方资源扩展,不可移动文物,清代,尚未核定公布为文物保护单位的不可移动文物,广东省佛山市南海区里水镇汤村村委会上社村上社大街,里水镇,113.169389,23.261816,poi_name_fuzzy,0.84,['IH_0112'],['不可移动文物'],official_resource_expansion
OFF_20260510_0087,亨美李氏大宗祠,官方资源扩展,不可移动文物,清代,尚未核定公布为文物保护单位的不可移动文物,广东省佛山市南海区狮山镇永安社区居委会亨美村九巷侧,狮山镇,113.015703,23.041153,poi_name_fuzzy,0.84,['IH_0113'],['不可移动文物'],official_resource_expansion
OFF_20260510_0088,克明周公祠,官方资源扩展,不可移动文物,清代,尚未核定公布为文物保护单位的不可移动文物,广东省佛山市南海区狮山镇大榄社区居委会三村,狮山镇,113.030542,23.122685,address_token_centroid,0.72,['IH_0114'],['不可移动文物'],official_resource_expansion
OFF_20260510_0089,中社土库,官方资源扩展,不可移动文物,清代,尚未核定公布为文物保护单位的不可移动文物,广东省佛山市南海区狮山镇南浦村委会中社村,狮山镇,113.030542,23.122685,address_token_centroid,0.72,['IH_0115'],['不可移动文物'],official_resource_expansion
OFF_20260510_0090,邝村思铭书舍,官方资源扩展,不可移动文物,清代,尚未核定公布为文物保护单位的不可移动文物,广东省佛山市南海区狮山镇凤岗村委会邝村村,狮山镇,113.030542,23.122685,address_token_centroid,0.72,['IH_0116'],['不可移动文物'],official_resource_expansion
OFF_20260510_0091,积聚黄公祠,官方资源扩展,不可移动文物,清代,尚未核定公布为文物保护单位的不可移动文物,广东省佛山市南海区狮山镇新和村委会布南村,狮山镇,112.959659,23.21894,poi_name_exact,0.94,['IH_0117'],['不可移动文物'],official_resource_expansion
OFF_20260510_0092,贤边黄氏宗祠,官方资源扩展,不可移动文物,清代,尚未核定公布为文物保护单位的不可移动文物,广东省佛山市南海区狮山镇新和村委会贤边村村口,狮山镇,113.105668,23.206358,poi_name_fuzzy,0.84,['IH_0118'],['不可移动文物'],official_resource_expansion
OFF_20260510_0093,龙头孔氏宗祠,官方资源扩展,不可移动文物,清代,尚未核定公布为文物保护单位的不可移动文物,广东省佛山市南海区狮山镇龙头村委会龙头村泰来巷146号侧,狮山镇,113.124705,23.157129,poi_name_fuzzy,0.84,['IH_0119'],['不可移动文物'],official_resource_expansion
OFF_20260510_0094,石泉陈氏宗祠,官方资源扩展,不可移动文物,清代,尚未核定公布为文物保护单位的不可移动文物,广东省佛山市南海区狮山镇石泉村委会石泉浦村,狮山镇,113.146747,23.131128,poi_name_fuzzy,0.84,['IH_0120'],['不可移动文物'],official_resource_expansion
OFF_20260510_0095,济阳达道门楼,官方资源扩展,不可移动文物,近现代,尚未核定公布为文物保护单位的不可移动文物,广东省佛山市南海区狮山镇罗村联和社区居委会果岗村联和大道旁,狮山镇,113.030542,23.122685,address_token_centroid,0.72,['IH_0121'],['不可移动文物'],official_resource_expansion
OFF_20260510_0096,丁东洪圣古庙,官方资源扩展,不可移动文物,清代,尚未核定公布为文物保护单位的不可移动文物,广东省佛山市南海区狮山镇汀圃社区居委会丁东村新村西一巷1号西北侧,狮山镇,113.014767,23.205924,poi_name_fuzzy,0.84,['IH_0122'],['不可移动文物'],official_resource_expansion
OFF_20260510_0097,白沙桥刘氏二世祠,官方资源扩展,不可移动文物,清代,尚未核定公布为文物保护单位的不可移动文物,广东省佛山市南海区狮山镇白沙桥社区居委会白沙桥村仁兴里1号东侧,狮山镇,113.01353,23.085259,poi_name_fuzzy,0.84,['IH_0123'],['不可移动文物'],official_resource_expansion
OFF_20260510_0098,作南家塾,官方资源扩展,不可移动文物,清代,尚未核定公布为文物保护单位的不可移动文物,广东省佛山市南海区狮山镇莲子塘村委会西太村九巷1号侧,狮山镇,113.030542,23.122685,address_token_centroid,0.72,['IH_0124'],['不可移动文物'],official_resource_expansion
OFF_20260510_0099,泮边乡约,官方资源扩展,不可移动文物,清代,尚未核定公布为文物保护单位的不可移动文物,广东省佛山市南海区狮山镇红星社区居委会泮边村文明里11号,狮山镇,113.030542,23.122685,address_token_centroid,0.72,['IH_0125'],['不可移动文物'],official_resource_expansion
OFF_20260510_0100,长贤钟氏大宗祠,官方资源扩展,不可移动文物,清代,尚未核定公布为文物保护单位的不可移动文物,广东省佛山市南海区狮山镇罗洞村委会长贤村一巷1号右侧,狮山镇,113.113536,23.097179,poi_name_fuzzy,0.84,['IH_0126'],['不可移动文物'],official_resource_expansion
OFF_20260510_0101,十义杨公祠,官方资源扩展,不可移动文物,近现代,尚未核定公布为文物保护单位的不可移动文物,广东省佛山市南海区狮山镇红星社区居委会泮边村,狮山镇,113.030542,23.122685,address_token_centroid,0.72,['IH_0127'],['不可移动文物'],official_resource_expansion
OFF_20260510_0102,白鹤田李氏宗祠,官方资源扩展,不可移动文物,清代,尚未核定公布为文物保护单位的不可移动文物,广东省佛山市南海区狮山镇红星社区居委会白鹤田村,狮山镇,112.99534,23.19254,poi_name_fuzzy,0.84,['IH_0128'],['不可移动文物'],official_resource_expansion
OFF_20260510_0103,塘头白氏大宗祠,官方资源扩展,不可移动文物,清代,尚未核定公布为文物保护单位的不可移动文物,广东省佛山市南海区狮山镇塘头社区居委会塘头村仁后里1号侧,狮山镇,113.030542,23.122685,address_token_centroid,0.72,['IH_0129'],['不可移动文物'],official_resource_expansion
OFF_20260510_0104,添润李公祠,官方资源扩展,不可移动文物,清代,尚未核定公布为文物保护单位的不可移动文物,广东省佛山市南海区狮山镇红星社区居委会石头村村前6号,狮山镇,112.989743,23.199256,poi_name_exact,0.94,['IH_0130'],['不可移动文物'],official_resource_expansion
OFF_20260510_0105,养正蒙氏宗祠,官方资源扩展,不可移动文物,清代,尚未核定公布为文物保护单位的不可移动文物,广东省佛山市南海区狮山镇罗村沙坑社区居委会养正村三巷1号,狮山镇,113.030542,23.122685,address_token_centroid,0.72,['IH_0131'],['不可移动文物'],official_resource_expansion
OFF_20260510_0106,子法刘公祠,官方资源扩展,不可移动文物,清代,尚未核定公布为文物保护单位的不可移动文物,广东省佛山市南海区狮山镇官窑社区居委会厚西村,狮山镇,113.030542,23.122685,address_token_centroid,0.72,['IH_0132'],['不可移动文物'],official_resource_expansion
OFF_20260510_0107,澎边澎溪古庙,官方资源扩展,不可移动文物,清代,尚未核定公布为文物保护单位的不可移动文物,广东省佛山市南海区狮山镇石澎村委会澎边村东边,狮山镇,113.039235,23.219168,poi_name_fuzzy,0.84,['IH_0133'],['不可移动文物'],official_resource_expansion
OFF_20260510_0108,东谷吴公祠,官方资源扩展,不可移动文物,清代,尚未核定公布为文物保护单位的不可移动文物,广东省佛山市南海区狮山镇吴屋村委会吴东村,狮山镇,113.030542,23.122685,address_token_centroid,0.72,['IH_0134'],['不可移动文物'],official_resource_expansion
OFF_20260510_0109,浩忠周公祠,官方资源扩展,不可移动文物,清代,尚未核定公布为文物保护单位的不可移动文物,广东省佛山市南海区狮山镇永和村委会鸪西村,狮山镇,113.030542,23.122685,address_token_centroid,0.72,['IH_0135'],['不可移动文物'],official_resource_expansion
OFF_20260510_0110,大祖周公祠,官方资源扩展,不可移动文物,清代,尚未核定公布为文物保护单位的不可移动文物,广东省佛山市南海区狮山镇永和村委会鸪西村,狮山镇,113.030542,23.122685,address_token_centroid,0.72,['IH_0136'],['不可移动文物'],official_resource_expansion
OFF_20260510_0111,简元杨公祠,官方资源扩展,不可移动文物,清代,尚未核定公布为文物保护单位的不可移动文物,广东省佛山市南海区狮山镇红星社区居委会泮边村,狮山镇,113.030542,23.122685,address_token_centroid,0.72,['IH_0137'],['不可移动文物'],official_resource_expansion
OFF_20260510_0112,大榄榄溪社学,官方资源扩展,不可移动文物,清代,尚未核定公布为文物保护单位的不可移动文物,广东省佛山市南海区狮山镇大榄社区居委会大榄幼儿园内,狮山镇,113.02664,23.193956,poi_name_fuzzy,0.84,['IH_0138'],['不可移动文物'],official_resource_expansion
OFF_20260510_0113,沥紫水彭氏大宗祠,官方资源扩展,不可移动文物,清代,尚未核定公布为文物保护单位的不可移动文物,广东省佛山市南海区狮山镇永安社区居委会沥紫水村,狮山镇,113.030542,23.122685,address_token_centroid,0.72,['IH_0139'],['不可移动文物'],official_resource_expansion
OFF_20260510_0114,谭南严氏宗祠,官方资源扩展,不可移动文物,清代,尚未核定公布为文物保护单位的不可移动文物,广东省佛山市南海区狮山镇永安社区居委会谭南村,狮山镇,113.008989,23.141172,poi_name_fuzzy,0.84,['IH_0140'],['不可移动文物'],official_resource_expansion
OFF_20260510_0115,善乐刘公祠,官方资源扩展,不可移动文物,清代,尚未核定公布为文物保护单位的不可移动文物,广东省佛山市南海区狮山镇永安社区居委会古岗村,狮山镇,113.065563,23.217019,poi_name_exact,0.94,['IH_0141'],['不可移动文物'],official_resource_expansion
OFF_20260510_0116,古岗刘氏大宗祠,官方资源扩展,不可移动文物,清代,尚未核定公布为文物保护单位的不可移动文物,广东省佛山市南海区狮山镇永安社区居委会古岗村,狮山镇,113.074893,23.225188,poi_name_fuzzy,0.84,['IH_0142'],['不可移动文物'],official_resource_expansion
OFF_20260510_0117,七甫铁网书屋,官方资源扩展,不可移动文物,清代,尚未核定公布为文物保护单位的不可移动文物,广东省佛山市南海区狮山镇七甫社区居委会第九村七甫大街45号,狮山镇,113.084716,23.237324,poi_name_fuzzy,0.84,['IH_0143'],['不可移动文物'],official_resource_expansion
OFF_20260510_0118,大岗黄氏宗祠,官方资源扩展,不可移动文物,清代,尚未核定公布为文物保护单位的不可移动文物,广东省佛山市南海区狮山镇群岗社区居委会大岗二村,狮山镇,113.105668,23.206358,poi_name_fuzzy,0.84,['IH_0144'],['不可移动文物'],official_resource_expansion
OFF_20260510_0119,仲义唐公祠,官方资源扩展,不可移动文物,清代,尚未核定公布为文物保护单位的不可移动文物,广东省佛山市南海区狮山镇唐边村委会仁福村一巷1号,狮山镇,113.030542,23.122685,address_token_centroid,0.72,['IH_0145'],['不可移动文物'],official_resource_expansion
OFF_20260510_0120,纯阳吕公祠,官方资源扩展,不可移动文物,清代,尚未核定公布为文物保护单位的不可移动文物,广东省佛山市南海区狮山镇七甫社区居委会吕村村吕村公园内,狮山镇,113.087351,23.237694,poi_name_exact,0.94,['IH_0146'],['不可移动文物'],official_resource_expansion
OFF_20260510_0121,桑园围西堤,官方资源扩展,不可移动文物,"宋辽西夏金元,明代,清代",尚未核定公布为文物保护单位的不可移动文物,广东省佛山市南海区九江镇河清社区居委会四村村北边,九江镇,112.959097,22.865251,town_representative_point,0.38,['IH_0148'],['不可移动文物'],official_resource_expansion
OFF_20260510_0122,竹园头何氏宗祠,官方资源扩展,不可移动文物,清代,尚未核定公布为文物保护单位的不可移动文物,广东省佛山市南海区狮山镇沙头社区居委会竹园头村,狮山镇,112.961625,22.967047,poi_name_fuzzy,0.84,['IH_0149'],['不可移动文物'],official_resource_expansion
OFF_20260510_0123,梁储父母墓,官方资源扩展,不可移动文物,明代,尚未核定公布为文物保护单位的不可移动文物,广东省佛山市南海区里水镇石塘村委会漱珠岗,里水镇,113.138868,23.223757,town_representative_point,0.38,['IH_0150'],['不可移动文物'],official_resource_expansion
OFF_20260510_0124,姚大宁墓,官方资源扩展,不可移动文物,清代,尚未核定公布为文物保护单位的不可移动文物,广东省佛山市南海区里水镇石塘村委会漱珠岗,里水镇,113.138868,23.223757,town_representative_point,0.38,['IH_0151'],['不可移动文物'],official_resource_expansion
OFF_20260510_0125,中西郑家西大院,官方资源扩展,不可移动文物,近现代,尚未核定公布为文物保护单位的不可移动文物,广东省佛山市南海区九江镇下东村委会中西村489-492,九江镇,112.959097,22.865251,town_representative_point,0.38,['IH_0152'],['不可移动文物'],official_resource_expansion
OFF_20260510_0126,朱九江先生纪念堂,官方资源扩展,不可移动文物,近现代,尚未核定公布为文物保护单位的不可移动文物,广东省佛山市南海区九江镇儒林社区船栏街100号九江中学内,九江镇,113.026758,22.842008,poi_name_exact,0.94,['IH_0153'],['不可移动文物'],official_resource_expansion
OFF_20260510_0127,下东双涌口窦闸,官方资源扩展,不可移动文物,清代,尚未核定公布为文物保护单位的不可移动文物,广东省佛山市南海区九江镇下东村委会南华村双涌红星大道观音堂对面,九江镇,112.959097,22.865251,town_representative_point,0.38,['IH_0154'],['不可移动文物'],official_resource_expansion
OFF_20260510_0128,华夏冯氏祖墓,官方资源扩展,不可移动文物,宋辽西夏金元,尚未核定公布为文物保护单位的不可移动文物,广东省佛山市南海区西樵镇华夏村五甲村民小组七队,西樵镇,112.935322,22.941121,town_representative_point,0.38,['IH_0155'],['不可移动文物'],official_resource_expansion
OFF_20260510_0129,方井村方井,官方资源扩展,不可移动文物,明代,尚未核定公布为文物保护单位的不可移动文物,广东省佛山市南海区西樵镇儒溪村委会方井村龙兴巷6号侧,西樵镇,112.949148,22.903461,poi_name_fuzzy,0.84,['IH_0156'],['不可移动文物'],official_resource_expansion
OFF_20260510_0130,田心水井,官方资源扩展,不可移动文物,"明代,清代",尚未核定公布为文物保护单位的不可移动文物,广东省佛山市南海区西樵镇新田村委会田心村大街高门楼3号侧,西樵镇,112.935322,22.941121,town_representative_point,0.38,['IH_0157'],['不可移动文物'],official_resource_expansion
OFF_20260510_0131,云庄陈公祠,官方资源扩展,不可移动文物,清代,尚未核定公布为文物保护单位的不可移动文物,广东省佛山市南海区大沥镇白沙社区居委会陈溪村东街,大沥镇,113.19573,23.138543,poi_name_exact,0.94,['IH_0158'],['不可移动文物'],official_resource_expansion
OFF_20260510_0132,杜氏大宗祠,官方资源扩展,不可移动文物,清代,市级和县级文物保护单位,广东省佛山市南海区大沥镇白沙村委会白沙村中心路涌边1巷12号侧,大沥镇,113.202257,23.133661,poi_name_exact,0.94,['IH_0159'],['不可移动文物'],official_resource_expansion
OFF_20260510_0133,三眼桥,官方资源扩展,不可移动文物,明代,市级和县级文物保护单位,广东省佛山市南海区大沥镇河东社区居委会穗盐路,大沥镇,113.180671,23.099504,poi_name_exact,0.94,['IH_0160'],['不可移动文物'],official_resource_expansion
OFF_20260510_0134,六联冯氏宗祠,官方资源扩展,不可移动文物,清代,尚未核定公布为文物保护单位的不可移动文物,广东省佛山市南海区大沥镇六联社区居委会南村村西区大街7号,大沥镇,113.172623,23.193748,poi_name_fuzzy,0.84,['IH_0161'],['不可移动文物'],official_resource_expansion
OFF_20260510_0135,江心黎氏大宗祠,官方资源扩展,不可移动文物,明代,尚未核定公布为文物保护单位的不可移动文物,广东省佛山市南海区大沥镇横江社区居委会江心村黎家祠街10号,大沥镇,113.046636,22.903789,poi_name_fuzzy,0.84,['IH_0162'],['不可移动文物'],official_resource_expansion
OFF_20260510_0136,六联天南圣裔,官方资源扩展,不可移动文物,清代,尚未核定公布为文物保护单位的不可移动文物,广东省佛山市南海区大沥镇六联社区居委会南村村西区大街9号,大沥镇,113.175729,23.111513,poi_name_fuzzy,0.84,['IH_0163'],['不可移动文物'],official_resource_expansion
OFF_20260510_0137,华夏冯氏世庙,官方资源扩展,不可移动文物,清代,尚未核定公布为文物保护单位的不可移动文物,广东省佛山市南海区西樵镇华夏村五甲村民小组显阳大街1号,西樵镇,112.935322,22.941121,town_representative_point,0.38,['IH_0164'],['不可移动文物'],official_resource_expansion
OFF_20260510_0138,横南潮湾公祠,官方资源扩展,不可移动文物,清代,尚未核定公布为文物保护单位的不可移动文物,广东省佛山市南海区狮山镇横岗社区居委会横南村弘农街3号,狮山镇,113.065557,23.098537,poi_name_fuzzy,0.84,['IH_0165'],['不可移动文物'],official_resource_expansion
OFF_20260510_0139,力生水井,官方资源扩展,不可移动文物,明代,尚未核定公布为文物保护单位的不可移动文物,广东省佛山市南海区狮山镇谭边社区居委会力生村力生街二巷1号侧,狮山镇,113.030542,23.122685,address_token_centroid,0.72,['IH_0166'],['不可移动文物'],official_resource_expansion
OFF_20260510_0140,西头生产队旧址,官方资源扩展,不可移动文物,近现代,尚未核定公布为文物保护单位的不可移动文物,广东省佛山市南海区狮山镇谭边社区居委会西头村西头街一巷2号,狮山镇,113.030542,23.122685,address_token_centroid,0.72,['IH_0167'],['不可移动文物'],official_resource_expansion
OFF_20260510_0141,旋湾李氏大宗祠,官方资源扩展,不可移动文物,清代,尚未核定公布为文物保护单位的不可移动文物,广东省佛山市南海区狮山镇横岗社区居委会旋湾村街前2号,狮山镇,113.015703,23.041153,poi_name_fuzzy,0.84,['IH_0168'],['不可移动文物'],official_resource_expansion
OFF_20260510_0142,湖马陈氏宗祠,官方资源扩展,不可移动文物,清代,尚未核定公布为文物保护单位的不可移动文物,广东省佛山市南海区大沥镇沥北社区居委会湖马村大街启明里15号侧,大沥镇,113.146747,23.131128,poi_name_fuzzy,0.84,['IH_0169'],['不可移动文物'],official_resource_expansion
OFF_20260510_0143,坎东孔氏宗祠,官方资源扩展,不可移动文物,清代,尚未核定公布为文物保护单位的不可移动文物,广东省佛山市南海区大沥镇沥北社区居委会坎东村朝阳街祠前北巷1号侧,大沥镇,113.124705,23.157129,poi_name_fuzzy,0.84,['IH_0170'],['不可移动文物'],official_resource_expansion
OFF_20260510_0144,抱伦秋池公书舍,官方资源扩展,不可移动文物,清代,尚未核定公布为文物保护单位的不可移动文物,广东省佛山市南海区大沥镇沥北社区居委会抱伦村武城祠道8号,大沥镇,113.145463,23.118352,town_representative_point,0.38,['IH_0171'],['不可移动文物'],official_resource_expansion
OFF_20260510_0145,抱伦宗圣公家庙,官方资源扩展,不可移动文物,清代,尚未核定公布为文物保护单位的不可移动文物,广东省佛山市南海区大沥镇沥北社区居委会抱伦村武城祠道2号,大沥镇,113.103535,23.121597,poi_name_fuzzy,0.84,['IH_0172'],['不可移动文物'],official_resource_expansion
OFF_20260510_0146,坎南梁氏宗祠,官方资源扩展,不可移动文物,清代,尚未核定公布为文物保护单位的不可移动文物,广东省佛山市南海区大沥镇沥北社区居委会坎南村坎南大街1巷1号侧,大沥镇,113.125926,23.13648,poi_name_fuzzy,0.84,['IH_0173'],['不可移动文物'],official_resource_expansion
OFF_20260510_0147,雅窑黄氏宗祠,官方资源扩展,不可移动文物,"明代,清代",尚未核定公布为文物保护单位的不可移动文物,广东省佛山市南海区大沥镇雅瑶社区居委会东约村中环街六巷2号侧,大沥镇,113.105668,23.206358,poi_name_fuzzy,0.84,['IH_0174'],['不可移动文物'],official_resource_expansion
OFF_20260510_0148,岗东何氏宗祠,官方资源扩展,不可移动文物,清代,尚未核定公布为文物保护单位的不可移动文物,广东省佛山市南海区大沥镇雅瑶社区居委会岗东村大街13号侧,大沥镇,112.961625,22.967047,poi_name_fuzzy,0.84,['IH_0175'],['不可移动文物'],official_resource_expansion
OFF_20260510_0149,罗城林氏宗祠,官方资源扩展,不可移动文物,清代,尚未核定公布为文物保护单位的不可移动文物,广东省佛山市南海区大沥镇雅瑶社区居委会罗城村大街南八巷7号,大沥镇,113.146761,23.234524,poi_name_fuzzy,0.84,['IH_0176'],['不可移动文物'],official_resource_expansion
OFF_20260510_0150,大第周公祠,官方资源扩展,不可移动文物,清代,尚未核定公布为文物保护单位的不可移动文物,广东省佛山市南海区大沥镇太平社区居委会冲表村北大街八巷1号侧,大沥镇,113.099306,23.111276,poi_name_exact,0.94,['IH_0177'],['不可移动文物'],official_resource_expansion
OFF_20260510_0151,白界许氏宗祠,官方资源扩展,不可移动文物,清代,尚未核定公布为文物保护单位的不可移动文物,广东省佛山市南海区大沥镇太平社区居委会白界村东街迎阳巷1号侧,大沥镇,113.071269,23.126967,poi_name_fuzzy,0.84,['IH_0178'],['不可移动文物'],official_resource_expansion
OFF_20260510_0152,西村许氏大宗祠,官方资源扩展,不可移动文物,清代,尚未核定公布为文物保护单位的不可移动文物,广东省佛山市南海区大沥镇太平社区居委会西村村北队北街八巷1号侧,大沥镇,113.095484,23.099346,poi_name_fuzzy,0.84,['IH_0179'],['不可移动文物'],official_resource_expansion
OFF_20260510_0153,西村李氏大宗祠,官方资源扩展,不可移动文物,清代,尚未核定公布为文物保护单位的不可移动文物,广东省佛山市南海区大沥镇太平社区居委会西村村西街西八巷1号,大沥镇,113.015703,23.041153,poi_name_fuzzy,0.84,['IH_0180'],['不可移动文物'],official_resource_expansion
OFF_20260510_0154,竹窓许公祠,官方资源扩展,不可移动文物,"明代,清代",尚未核定公布为文物保护单位的不可移动文物,广东省佛山市南海区大沥镇太平社区居委会北海村村前街1号侧,大沥镇,113.09702,23.109516,poi_name_exact,0.94,['IH_0181'],['不可移动文物'],official_resource_expansion
OFF_20260510_0155,奕世朝议大夫黎公祠,官方资源扩展,不可移动文物,清代,尚未核定公布为文物保护单位的不可移动文物,广东省佛山市南海区大沥镇雅瑶社区居委会奕世村九巷侧,大沥镇,113.143481,23.130912,poi_name_fuzzy,0.84,['IH_0182'],['不可移动文物'],official_resource_expansion
OFF_20260510_0156,碧华水步,官方资源扩展,不可移动文物,清代,尚未核定公布为文物保护单位的不可移动文物,广东省佛山市南海区大沥镇东秀社区居委会碧华村张王爷坊47号前,大沥镇,113.145463,23.118352,town_representative_point,0.38,['IH_0183'],['不可移动文物'],official_resource_expansion
OFF_20260510_0157,黄岐梁氏大宗祠,官方资源扩展,不可移动文物,清代,市级和县级文物保护单位,广东省佛山市南海区大沥镇黄岐社区居委会岐南村岐西大街65号侧,大沥镇,113.131515,23.153857,poi_name_exact,0.94,['IH_0184'],['不可移动文物'],official_resource_expansion
OFF_20260510_0158,岐阳共济善堂,官方资源扩展,不可移动文物,近现代,尚未核定公布为文物保护单位的不可移动文物,广东省佛山市南海区大沥镇岐城社区岐阳二路1号,大沥镇,113.145463,23.118352,town_representative_point,0.38,['IH_0185'],['不可移动文物'],official_resource_expansion
OFF_20260510_0159,李潘生产队旧址,官方资源扩展,不可移动文物,近现代,尚未核定公布为文物保护单位的不可移动文物,广东省佛山市南海区大沥镇沥中社区居委会李潘村大巷1号侧,大沥镇,113.114715,23.12061,poi_name_exact,0.94,['IH_0186'],['不可移动文物'],official_resource_expansion
OFF_20260510_0160,李潘李氏大宗祠,官方资源扩展,不可移动文物,清代,尚未核定公布为文物保护单位的不可移动文物,广东省佛山市南海区大沥镇沥中社区居委会李潘村大巷1号,大沥镇,113.015703,23.041153,poi_name_fuzzy,0.84,['IH_0187'],['不可移动文物'],official_resource_expansion
OFF_20260510_0161,隔岗水井,官方资源扩展,不可移动文物,明代,尚未核定公布为文物保护单位的不可移动文物,广东省佛山市南海区大沥镇沥西社区居委会隔岗村大街南13巷1号北侧,大沥镇,113.145463,23.118352,town_representative_point,0.38,['IH_0188'],['不可移动文物'],official_resource_expansion
OFF_20260510_0162,龙湾古道,官方资源扩展,不可移动文物,清代,尚未核定公布为文物保护单位的不可移动文物,广东省佛山市南海区大沥镇沥北社区居委会龙湾村南四巷巷前,大沥镇,113.114446,23.129255,poi_name_exact,0.94,['IH_0189'],['不可移动文物'],official_resource_expansion
OFF_20260510_0163,石步朴庵公书舍,官方资源扩展,不可移动文物,清代,尚未核定公布为文物保护单位的不可移动文物,广东省佛山市南海区大沥镇太平社区居委会石步村石步陈大街十三巷1号,大沥镇,113.145463,23.118352,town_representative_point,0.38,['IH_0190'],['不可移动文物'],official_resource_expansion
OFF_20260510_0164,石步刘氏大宗祠,官方资源扩展,不可移动文物,明代,尚未核定公布为文物保护单位的不可移动文物,广东省佛山市南海区大沥镇太平社区居委会石步村石步刘大街十二巷侧,大沥镇,113.074893,23.225188,poi_name_fuzzy,0.84,['IH_0191'],['不可移动文物'],official_resource_expansion
OFF_20260510_0165,风雅队旧址,官方资源扩展,不可移动文物,近现代,尚未核定公布为文物保护单位的不可移动文物,广东省佛山市南海区大沥镇沥西社区居委会风雅村村前1号,大沥镇,113.145463,23.118352,town_representative_point,0.38,['IH_0192'],['不可移动文物'],official_resource_expansion
OFF_20260510_0166,风雅宗圣公家庙,官方资源扩展,不可移动文物,"明代,清代",尚未核定公布为文物保护单位的不可移动文物,广东省佛山市南海区大沥镇沥西社区居委会风雅村街前11号,大沥镇,113.103535,23.121597,poi_name_fuzzy,0.84,['IH_0193'],['不可移动文物'],official_resource_expansion
OFF_20260510_0167,敦根正路水步,官方资源扩展,不可移动文物,清代,尚未核定公布为文物保护单位的不可移动文物,广东省佛山市南海区九江镇敦根社区居委会敦根村村口新涌旁,九江镇,112.959097,22.865251,town_representative_point,0.38,['IH_0194'],['不可移动文物'],official_resource_expansion
OFF_20260510_0168,塱心大有围古伦闸遗址,官方资源扩展,不可移动文物,清代,尚未核定公布为文物保护单位的不可移动文物,广东省佛山市南海区丹灶镇塱心村委会张家村排灌站旁,丹灶镇,112.92091,23.06365,town_representative_point,0.38,['IH_0196'],['不可移动文物'],official_resource_expansion
OFF_20260510_0169,信存何公祠,官方资源扩展,不可移动文物,清代,市级和县级文物保护单位,广东省佛山市南海区桂城街道叠北社区居委会东胜村东约,桂城街道,113.126349,23.065265,poi_name_exact,0.94,['IH_0197'],['不可移动文物'],official_resource_expansion
OFF_20260510_0170,甘蕉华光古庙,官方资源扩展,不可移动文物,清代,尚未核定公布为文物保护单位的不可移动文物,广东省佛山市南海区里水镇甘蕉社区居委会南门坊2号,里水镇,113.138868,23.223757,town_representative_point,0.38,['IH_0198'],['不可移动文物'],official_resource_expansion
OFF_20260510_0171,潭头李氏大宗祠,官方资源扩展,不可移动文物,清代,尚未核定公布为文物保护单位的不可移动文物,广东省佛山市南海区桂城街道叠北社区居委会潭头村东约276号侧,桂城街道,113.015703,23.041153,poi_name_fuzzy,0.84,['IH_0201'],['不可移动文物'],official_resource_expansion
OFF_20260510_0172,孔溪焚香亭,官方资源扩展,不可移动文物,清代,尚未核定公布为文物保护单位的不可移动文物,广东省佛山市南海区桂城街道夏东社区居委会孔溪村西街四巷23号前,桂城街道,113.182861,23.045303,poi_name_exact,0.94,['IH_0207'],['不可移动文物'],official_resource_expansion
OFF_20260510_0173,西河林氏大宗祠,官方资源扩展,不可移动文物,"明代,清代",尚未核定公布为文物保护单位的不可移动文物,广东省佛山市南海区桂城街道平北社区居委会西河村北街6号,桂城街道,113.197454,23.039498,poi_name_fuzzy,0.84,['IH_0208'],['不可移动文物'],official_resource_expansion
OFF_20260510_0174,奕西桂水社学,官方资源扩展,不可移动文物,清代,尚未核定公布为文物保护单位的不可移动文物,广东省佛山市南海区桂城街道东区社区居委会奕西村,桂城街道,113.15563,23.044054,address_token_centroid,0.72,['IH_0209'],['不可移动文物'],official_resource_expansion
OFF_20260510_0175,成庄何公祠,官方资源扩展,不可移动文物,清代,尚未核定公布为文物保护单位的不可移动文物,广东省佛山市南海区桂城街道叠南社区居委会茶基村425号,桂城街道,113.1195,23.054701,poi_name_exact,0.94,['IH_0210'],['不可移动文物'],official_resource_expansion
OFF_20260510_0176,三山三眼桥,官方资源扩展,不可移动文物,清代,市级和县级文物保护单位,广东省佛山市南海区桂城街道东区社区居委会禾仰村,桂城街道,113.15563,23.044054,address_token_centroid,0.72,['IH_0211'],['不可移动文物'],official_resource_expansion
OFF_20260510_0177,茶基何氏宗祠,官方资源扩展,不可移动文物,清代,尚未核定公布为文物保护单位的不可移动文物,广东省佛山市南海区桂城街道叠南社区居委会茶基村427号,桂城街道,112.961625,22.967047,poi_name_fuzzy,0.84,['IH_0212'],['不可移动文物'],official_resource_expansion
OFF_20260510_0178,桓庚李公祠,官方资源扩展,不可移动文物,清代,尚未核定公布为文物保护单位的不可移动文物,广东省佛山市南海区桂城街道叠北社区居委会潭头村北约749号,桂城街道,113.138345,23.065787,poi_name_exact,0.94,['IH_0213'],['不可移动文物'],official_resource_expansion
OFF_20260510_0179,茶基三圣宫,官方资源扩展,不可移动文物,清代,尚未核定公布为文物保护单位的不可移动文物,广东省佛山市南海区桂城街道叠南社区居委会茶基村428号,桂城街道,113.125265,23.052211,poi_name_exact,0.94,['IH_0214'],['不可移动文物'],official_resource_expansion
OFF_20260510_0180,江头江氏宗祠,官方资源扩展,不可移动文物,清代,市级和县级文物保护单位,广东省佛山市南海区桂城街道叠南社区居委会江头村009号,桂城街道,113.086935,23.065586,poi_name_fuzzy,0.84,['IH_0215'],['不可移动文物'],official_resource_expansion
OFF_20260510_0181,遁叟江公祠,官方资源扩展,不可移动文物,清代,市级和县级文物保护单位,广东省佛山市南海区桂城街道叠南社区居委会江头村150号东侧,桂城街道,113.14096,23.062926,poi_name_exact,0.94,['IH_0216'],['不可移动文物'],official_resource_expansion
OFF_20260510_0182,南崖刘公祠,官方资源扩展,不可移动文物,清代,尚未核定公布为文物保护单位的不可移动文物,广东省佛山市南海区狮山镇刘边村委会东头村东北部,狮山镇,113.030542,23.122685,address_token_centroid,0.72,['IH_0217'],['不可移动文物'],official_resource_expansion
OFF_20260510_0183,灶岗贝丘遗址,官方资源扩展,不可移动文物,新石器时代,尚未核定公布为文物保护单位的不可移动文物,广东省佛山市南海区西樵镇大同社区居委会柏山村灶岗西麓,西樵镇,112.935322,22.941121,town_representative_point,0.38,['IH_0218'],['不可移动文物'],official_resource_expansion
OFF_20260510_0184,文升刘公祠,官方资源扩展,不可移动文物,清代,尚未核定公布为文物保护单位的不可移动文物,广东省佛山市南海区桂城街道叠南社区居委会陈丰村245号,桂城街道,113.135339,23.057708,poi_name_exact,0.94,['IH_0219'],['不可移动文物'],official_resource_expansion
OFF_20260510_0185,陈丰刘氏宗祠,官方资源扩展,不可移动文物,清代,尚未核定公布为文物保护单位的不可移动文物,广东省佛山市南海区桂城街道叠南社区居委会陈丰村138号,桂城街道,113.105078,23.208956,poi_name_fuzzy,0.84,['IH_0220'],['不可移动文物'],official_resource_expansion
OFF_20260510_0186,七甫陈氏宗祠,官方资源扩展,不可移动文物,明代,省级文物保护单位,广东省佛山市南海区狮山镇七甫社区居委会铁网坊南侧,狮山镇,113.146747,23.131128,poi_name_fuzzy,0.84,['IH_0221'],['不可移动文物'],official_resource_expansion
OFF_20260510_0187,南村陈家祠,官方资源扩展,不可移动文物,明代,尚未核定公布为文物保护单位的不可移动文物,广东省佛山市南海区桂城街道中区社区居委会南村村陈地坊二巷,桂城街道,113.15563,23.044054,address_token_centroid,0.72,['IH_0222'],['不可移动文物'],official_resource_expansion
OFF_20260510_0188,西樵山巃嵸阁,官方资源扩展,不可移动文物,近现代,尚未核定公布为文物保护单位的不可移动文物,广东省佛山市南海区西樵镇樵园社区西樵山白云洞风景区,西樵镇,112.972637,22.930869,address_token_centroid,0.72,['IH_0225'],['不可移动文物'],official_resource_expansion
OFF_20260510_0189,简村陈氏大祠堂,官方资源扩展,不可移动文物,清代,尚未核定公布为文物保护单位的不可移动文物,广东省佛山市南海区西樵镇简村社区居委会简村小学内,西樵镇,112.949856,22.945958,address_token_centroid,0.72,['IH_0227'],['不可移动文物'],official_resource_expansion
OFF_20260510_0190,简村圣堂古庙,官方资源扩展,不可移动文物,清代,尚未核定公布为文物保护单位的不可移动文物,广东省佛山市南海区西樵镇简村社区居委会岗头村庙行7号侧,西樵镇,112.949856,22.945958,address_token_centroid,0.72,['IH_0229'],['不可移动文物'],official_resource_expansion
OFF_20260510_0191,立新老家石围,官方资源扩展,不可移动文物,清代,尚未核定公布为文物保护单位的不可移动文物,广东省佛山市南海区西樵镇儒溪村委会立新村十三巷1号前,西樵镇,112.935322,22.941121,town_representative_point,0.38,['IH_0230'],['不可移动文物'],official_resource_expansion
OFF_20260510_0192,稔岗梁氏宗祠,官方资源扩展,不可移动文物,清代,尚未核定公布为文物保护单位的不可移动文物,广东省佛山市南海区西樵镇稔岗社区居委会第一村28号南侧,西樵镇,113.125926,23.13648,poi_name_fuzzy,0.84,['IH_0231'],['不可移动文物'],official_resource_expansion
OFF_20260510_0193,儒溪拱桥,官方资源扩展,不可移动文物,清代,尚未核定公布为文物保护单位的不可移动文物,广东省佛山市南海区西樵镇儒溪村委会大街村八巷6号侧,西樵镇,112.950778,22.906641,poi_name_exact,0.94,['IH_0232'],['不可移动文物'],official_resource_expansion
OFF_20260510_0194,乐翁崔公祠,官方资源扩展,不可移动文物,清代,尚未核定公布为文物保护单位的不可移动文物,广东省佛山市南海区西樵镇山根社区居委会下沙村联魁第2号,西樵镇,112.985257,22.935854,address_token_centroid,0.72,['IH_0233'],['不可移动文物'],official_resource_expansion
OFF_20260510_0195,荣聚邓公祠,官方资源扩展,不可移动文物,清代,尚未核定公布为文物保护单位的不可移动文物,广东省佛山市南海区西樵镇东碧社区居委会迳边村,西樵镇,112.935322,22.941121,town_representative_point,0.38,['IH_0234'],['不可移动文物'],official_resource_expansion
OFF_20260510_0196,凰岗联队文化室旧址,官方资源扩展,不可移动文物,近现代,尚未核定公布为文物保护单位的不可移动文物,广东省佛山市南海区西樵镇岭西村委会凰岗十四村大街1号,西樵镇,112.935322,22.941121,town_representative_point,0.38,['IH_0236'],['不可移动文物'],official_resource_expansion
OFF_20260510_0197,东方百龄人瑞牌楼,官方资源扩展,不可移动文物,清代,尚未核定公布为文物保护单位的不可移动文物,广东省佛山市南海区西樵镇显岗社区居委会东方村东方大街22号,西樵镇,112.991183,22.901041,poi_name_fuzzy,0.84,['IH_0237'],['不可移动文物'],official_resource_expansion
OFF_20260510_0198,秀山戚公祠,官方资源扩展,不可移动文物,清代,尚未核定公布为文物保护单位的不可移动文物,广东省佛山市南海区里水镇草场社区居委会蟹坑村东部上约大街5号,里水镇,113.138868,23.223757,town_representative_point,0.38,['IH_0238'],['不可移动文物'],official_resource_expansion
OFF_20260510_0199,展图戚公祠,官方资源扩展,不可移动文物,清代,尚未核定公布为文物保护单位的不可移动文物,广东省佛山市南海区里水镇草场社区居委会蟹坑村东部上约大街4号,里水镇,113.193187,23.196828,poi_name_exact,0.94,['IH_0239'],['不可移动文物'],official_resource_expansion
OFF_20260510_0200,尔材梁公祠,官方资源扩展,不可移动文物,"明代,清代",尚未核定公布为文物保护单位的不可移动文物,广东省佛山市南海区狮山镇狮岭村委会大岗村环村一街维新巷1号,狮山镇,113.030542,23.122685,address_token_centroid,0.72,['IH_0240'],['不可移动文物'],official_resource_expansion
OFF_20260510_0201,柏山傅氏大宗祠,官方资源扩展,不可移动文物,清代,尚未核定公布为文物保护单位的不可移动文物,广东省佛山市南海区西樵镇大同社区居委会柏山村东平社68号,西樵镇,112.935322,22.941121,town_representative_point,0.38,['IH_0241'],['不可移动文物'],official_resource_expansion
OFF_20260510_0202,海边梁氏宗祠,官方资源扩展,不可移动文物,清代,尚未核定公布为文物保护单位的不可移动文物,广东省佛山市南海区西樵镇民乐社区居委会海边村四街1号侧,西樵镇,113.125926,23.13648,poi_name_fuzzy,0.84,['IH_0242'],['不可移动文物'],official_resource_expansion
OFF_20260510_0203,南亭麦公祠,官方资源扩展,不可移动文物,清代,市级和县级文物保护单位,广东省佛山市南海区西樵镇七星村委会凤台村凤起巷1号,西樵镇,112.935322,22.941121,town_representative_point,0.38,['IH_0243'],['不可移动文物'],official_resource_expansion
OFF_20260510_0204,马慈航墓,官方资源扩展,不可移动文物,近现代,尚未核定公布为文物保护单位的不可移动文物,广东省佛山市南海区西樵镇东碧社区西樵山碧云村钵子峰下,西樵镇,112.935322,22.941121,town_representative_point,0.38,['IH_0245'],['不可移动文物'],official_resource_expansion
OFF_20260510_0205,西樵山罗氏合墓,官方资源扩展,不可移动文物,宋辽西夏金元,尚未核定公布为文物保护单位的不可移动文物,广东省佛山市南海区西樵镇东碧社区西樵山碧云村钵子峰北,西樵镇,112.972637,22.930869,address_token_centroid,0.72,['IH_0246'],['不可移动文物'],official_resource_expansion
OFF_20260510_0206,民乐窦,官方资源扩展,不可移动文物,清代,省级文物保护单位,广东省佛山市南海区西樵镇民乐社区居委会民乐圩下北街2号北街,西樵镇,112.935322,22.941121,town_representative_point,0.38,['IH_0247'],['不可移动文物'],official_resource_expansion
OFF_20260510_0207,石燕岩采石遗址,官方资源扩展,不可移动文物,"明代,清代",全国重点文物保护单位,广东省佛山市南海区西樵镇东碧社区西樵山碧云村狮脑峰南麓石燕岩,西樵镇,112.935322,22.941121,town_representative_point,0.38,['IH_0253'],['不可移动文物'],official_resource_expansion
OFF_20260510_0208,区芳浦旧居,官方资源扩展,不可移动文物,近现代,尚未核定公布为文物保护单位的不可移动文物,广东省佛山市南海区狮山镇沙水村委会沙水村西北方,狮山镇,113.030542,23.122685,address_token_centroid,0.72,['IH_0255'],['不可移动文物'],official_resource_expansion
OFF_20260510_0209,沙水文阁,官方资源扩展,不可移动文物,清代,尚未核定公布为文物保护单位的不可移动文物,广东省佛山市南海区狮山镇沙水村委会沙水村东南方,狮山镇,113.030542,23.122685,address_token_centroid,0.72,['IH_0256'],['不可移动文物'],official_resource_expansion
OFF_20260510_0210,中共南海县委旧址,官方资源扩展,不可移动文物,近现代,市级和县级文物保护单位,广东省佛山市南海区狮山镇显纲村委会显纲村中和里234号,狮山镇,113.100939,23.134657,poi_name_exact,0.94,['IH_0257'],['不可移动文物'],official_resource_expansion
OFF_20260510_0211,沙水小学礼堂旧址,官方资源扩展,不可移动文物,近现代,尚未核定公布为文物保护单位的不可移动文物,广东省佛山市南海区狮山镇沙水村委会沙水村东南方,狮山镇,113.030542,23.122685,address_token_centroid,0.72,['IH_0258'],['不可移动文物'],official_resource_expansion
OFF_20260510_0212,南社袁氏大宗祠,官方资源扩展,不可移动文物,"明代,清代",尚未核定公布为文物保护单位的不可移动文物,广东省佛山市南海区狮山镇塘联村委会南社村十二巷92号之一,狮山镇,113.030542,23.122685,address_token_centroid,0.72,['IH_0259'],['不可移动文物'],official_resource_expansion
OFF_20260510_0213,万石万氏大宗祠,官方资源扩展,不可移动文物,清代,尚未核定公布为文物保护单位的不可移动文物,广东省佛山市南海区狮山镇万石村委会万石村村前路2号,狮山镇,113.080053,23.179928,poi_name_fuzzy,0.84,['IH_0260'],['不可移动文物'],official_resource_expansion
OFF_20260510_0214,洞边黄氏宗祠,官方资源扩展,不可移动文物,清代,尚未核定公布为文物保护单位的不可移动文物,广东省佛山市南海区狮山镇洞边社区居委会新村村口,狮山镇,113.105668,23.206358,poi_name_fuzzy,0.84,['IH_0261'],['不可移动文物'],official_resource_expansion
OFF_20260510_0215,通窿岩采石遗址,官方资源扩展,不可移动文物,"明代,清代",市级和县级文物保护单位,广东省佛山市南海区狮山镇石泉村委会南国桃园平顶岗通窿岩,狮山镇,113.030542,23.122685,address_token_centroid,0.72,['IH_0262'],['不可移动文物'],official_resource_expansion
OFF_20260510_0216,狮南钟氏家族墓,官方资源扩展,不可移动文物,宋辽西夏金元,尚未核定公布为文物保护单位的不可移动文物,广东省佛山市南海区狮山镇狮南村委会火烧岗,狮山镇,113.030542,23.122685,address_token_centroid,0.72,['IH_0263'],['不可移动文物'],official_resource_expansion
OFF_20260510_0217,大珠江村古登堡,官方资源扩展,不可移动文物,近现代,尚未核定公布为文物保护单位的不可移动文物,广东省佛山市南海区狮山镇狮岭村委会大珠江村村北尾6号,狮山镇,113.030542,23.122685,address_token_centroid,0.72,['IH_0264'],['不可移动文物'],official_resource_expansion
OFF_20260510_0218,尚贤固园楼,官方资源扩展,不可移动文物,近现代,尚未核定公布为文物保护单位的不可移动文物,广东省佛山市南海区狮山镇穆院社区居委会尚南村村口,狮山镇,113.012959,23.125704,poi_name_exact,0.94,['IH_0265'],['不可移动文物'],official_resource_expansion
OFF_20260510_0219,华木李氏大宗祠,官方资源扩展,不可移动文物,清代,尚未核定公布为文物保护单位的不可移动文物,广东省佛山市南海区狮山镇五星社区居委会华木村23巷4号侧,狮山镇,113.015703,23.041153,poi_name_fuzzy,0.84,['IH_0266'],['不可移动文物'],official_resource_expansion
OFF_20260510_0220,奇石窑址,官方资源扩展,不可移动文物,"隋唐五代十国,宋辽西夏金元",市级和县级文物保护单位,广东省佛山市南海区狮山镇新境村委会奇石村、西门村,狮山镇,112.98084,23.053329,address_token_centroid,0.62,['IH_0267'],['不可移动文物'],official_resource_expansion
OFF_20260510_0221,诚意高公祠,官方资源扩展,不可移动文物,清代,尚未核定公布为文物保护单位的不可移动文物,广东省佛山市南海区狮山镇狮西村委会洞东村村口,狮山镇,113.030542,23.122685,address_token_centroid,0.72,['IH_0268'],['不可移动文物'],official_resource_expansion
OFF_20260510_0222,义民纪念碑,官方资源扩展,不可移动文物,近现代,市级和县级文物保护单位,广东省佛山市南海区狮山镇狮中村委会陈洞村旧村东南方,狮山镇,112.981778,23.165253,poi_name_fuzzy,0.84,['IH_0269'],['不可移动文物'],official_resource_expansion
OFF_20260510_0223,西竺玉虚宫,官方资源扩展,不可移动文物,清代,尚未核定公布为文物保护单位的不可移动文物,广东省佛山市南海区狮山镇狮西村委会西竺村西边,狮山镇,113.030542,23.122685,address_token_centroid,0.72,['IH_0270'],['不可移动文物'],official_resource_expansion
OFF_20260510_0224,新溪桥,官方资源扩展,不可移动文物,"明代,清代",尚未核定公布为文物保护单位的不可移动文物,广东省佛山市南海区狮山镇官窑社区居委会下新村新溪上,狮山镇,113.030542,23.122685,address_token_centroid,0.72,['IH_0271'],['不可移动文物'],official_resource_expansion
OFF_20260510_0225,珠江纵队独立第三大队队部旧址,官方资源扩展,不可移动文物,近现代,市级和县级文物保护单位,广东省佛山市南海区狮山镇黄洞村委会东一区一号,狮山镇,112.983092,23.214013,poi_name_fuzzy,0.84,['IH_0272'],['不可移动文物'],official_resource_expansion
OFF_20260510_0226,华平李氏大宗祠,官方资源扩展,不可移动文物,清代,市级和县级文物保护单位,广东省佛山市南海区狮山镇狮西村委会华平村,狮山镇,113.015703,23.041153,poi_name_fuzzy,0.84,['IH_0273'],['不可移动文物'],official_resource_expansion
OFF_20260510_0227,张浚家族墓,官方资源扩展,不可移动文物,宋辽西夏金元,市级和县级文物保护单位,广东省佛山市南海区狮山镇大榄社区居委会大榄林场大旗岭,狮山镇,113.030542,23.122685,address_token_centroid,0.72,['IH_0274'],['不可移动文物'],official_resource_expansion
OFF_20260510_0228,联表关氏西祠,官方资源扩展,不可移动文物,清代,尚未核定公布为文物保护单位的不可移动文物,广东省佛山市南海区狮山镇联表社区居委会联表西村正街26号,狮山镇,113.095233,23.153195,poi_name_fuzzy,0.84,['IH_0275'],['不可移动文物'],official_resource_expansion
OFF_20260510_0229,陈宁墓,官方资源扩展,不可移动文物,宋辽西夏金元,市级和县级文物保护单位,广东省佛山市南海区狮山镇黎岗村委会豸下村梅花地,狮山镇,113.030542,23.122685,address_token_centroid,0.72,['IH_0276'],['不可移动文物'],official_resource_expansion
OFF_20260510_0230,叶正简夫人墓,官方资源扩展,不可移动文物,宋辽西夏金元,市级和县级文物保护单位,广东省佛山市南海区狮山镇黎岗村委会豸下村后山,狮山镇,113.030542,23.122685,address_token_centroid,0.72,['IH_0277'],['不可移动文物'],official_resource_expansion
OFF_20260510_0231,古岗桥,官方资源扩展,不可移动文物,明代,市级和县级文物保护单位,广东省佛山市南海区狮山镇永安社区居委会古岗村,狮山镇,113.030542,23.122685,address_token_centroid,0.72,['IH_0278'],['不可移动文物'],official_resource_expansion
OFF_20260510_0232,福星桥,官方资源扩展,不可移动文物,清代,市级和县级文物保护单位,广东省佛山市南海区狮山镇大榄社区居委会大榄涌上,狮山镇,113.030542,23.122685,address_token_centroid,0.72,['IH_0279'],['不可移动文物'],official_resource_expansion
OFF_20260510_0233,豁轩黄大夫祠,官方资源扩展,不可移动文物,清代,尚未核定公布为文物保护单位的不可移动文物,广东省佛山市南海区狮山镇群岗社区居委会小江二村九--十巷间,狮山镇,113.084934,23.221937,poi_name_exact,0.94,['IH_0280'],['不可移动文物'],official_resource_expansion
OFF_20260510_0234,蔡边刘氏宗祠,官方资源扩展,不可移动文物,"明代,清代",尚未核定公布为文物保护单位的不可移动文物,广东省佛山市南海区狮山镇象岭村委会蔡边村,狮山镇,113.105078,23.208956,poi_name_fuzzy,0.84,['IH_0281'],['不可移动文物'],official_resource_expansion
OFF_20260510_0235,南浦钟氏大宗祠,官方资源扩展,不可移动文物,清代,尚未核定公布为文物保护单位的不可移动文物,广东省佛山市南海区狮山镇南浦村委会北向村旧屋区东一巷1号,狮山镇,113.113536,23.097179,poi_name_fuzzy,0.84,['IH_0282'],['不可移动文物'],official_resource_expansion
OFF_20260510_0236,黄少强故居,官方资源扩展,不可移动文物,近现代,市级和县级文物保护单位,广东省佛山市南海区狮山镇群岗社区居委会小江二村九巷,狮山镇,113.090524,23.219449,poi_name_exact,0.94,['IH_0283'],['不可移动文物'],official_resource_expansion
OFF_20260510_0237,泗源郑公祠,官方资源扩展,不可移动文物,清代,市级和县级文物保护单位,广东省佛山市南海区里水镇贤僚村委会西一村文明一街13号,里水镇,113.166267,23.263308,poi_name_exact,0.94,['IH_0284'],['不可移动文物'],official_resource_expansion
OFF_20260510_0238,甘蕉南向水井,官方资源扩展,不可移动文物,清代,尚未核定公布为文物保护单位的不可移动文物,广东省佛山市南海区里水镇甘蕉社区居委会南向街49号东侧,里水镇,113.138868,23.223757,town_representative_point,0.38,['IH_0285'],['不可移动文物'],official_resource_expansion
OFF_20260510_0239,岑岗黄氏宗祠,官方资源扩展,不可移动文物,清代,尚未核定公布为文物保护单位的不可移动文物,广东省佛山市南海区里水镇鹤峰村委会岑岗村北区一巷2号侧,里水镇,113.105668,23.206358,poi_name_fuzzy,0.84,['IH_0286'],['不可移动文物'],official_resource_expansion
OFF_20260510_0240,展旗旧屋水井,官方资源扩展,不可移动文物,清代,尚未核定公布为文物保护单位的不可移动文物,广东省佛山市南海区里水镇大冲社区居委会展旗村旧屋61号西南角,里水镇,113.138868,23.223757,town_representative_point,0.38,['IH_0287'],['不可移动文物'],official_resource_expansion
OFF_20260510_0241,甘蕉东山水井,官方资源扩展,不可移动文物,清代,尚未核定公布为文物保护单位的不可移动文物,广东省佛山市南海区里水镇甘蕉社区居委会东山街96号侧,里水镇,113.138868,23.223757,town_representative_point,0.38,['IH_0288'],['不可移动文物'],official_resource_expansion
OFF_20260510_0242,养拙蒲公祠,官方资源扩展,不可移动文物,清代,尚未核定公布为文物保护单位的不可移动文物,广东省佛山市南海区里水镇甘蕉社区居委会上街村甘蕉路47号,里水镇,113.137745,23.170399,poi_name_exact,0.94,['IH_0289'],['不可移动文物'],official_resource_expansion
OFF_20260510_0243,联星吕氏宗祠,官方资源扩展,不可移动文物,清代,尚未核定公布为文物保护单位的不可移动文物,广东省佛山市南海区里水镇大冲社区居委会联星村67号侧,里水镇,113.091267,23.234989,poi_name_fuzzy,0.84,['IH_0290'],['不可移动文物'],official_resource_expansion
OFF_20260510_0244,泰开梁公祠,官方资源扩展,不可移动文物,清代,尚未核定公布为文物保护单位的不可移动文物,广东省佛山市南海区里水镇大冲社区居委会忠厚村东南方,里水镇,113.138868,23.223757,town_representative_point,0.38,['IH_0291'],['不可移动文物'],official_resource_expansion
OFF_20260510_0245,展旗新屋水井,官方资源扩展,不可移动文物,清代,尚未核定公布为文物保护单位的不可移动文物,广东省佛山市南海区里水镇大冲社区居委会展旗村新屋60号屋南侧,里水镇,113.138868,23.223757,town_representative_point,0.38,['IH_0292'],['不可移动文物'],official_resource_expansion
OFF_20260510_0246,桧庵易公祠,官方资源扩展,不可移动文物,清代,尚未核定公布为文物保护单位的不可移动文物,广东省佛山市南海区里水镇北沙村委会伴仙岗村大厅东六巷1号侧,里水镇,113.138868,23.223757,town_representative_point,0.38,['IH_0293'],['不可移动文物'],official_resource_expansion
OFF_20260510_0247,旋溪吕公祠,官方资源扩展,不可移动文物,清代,尚未核定公布为文物保护单位的不可移动文物,广东省佛山市南海区里水镇大冲社区居委会上村福庆巷1号,里水镇,113.123039,23.157303,poi_name_exact,0.94,['IH_0294'],['不可移动文物'],official_resource_expansion
OFF_20260510_0248,和同杜氏宗祠,官方资源扩展,不可移动文物,"明代,清代",尚未核定公布为文物保护单位的不可移动文物,广东省佛山市南海区里水镇甘蕉社区居委会和同村东山街4号侧,里水镇,113.123473,23.201347,poi_name_fuzzy,0.84,['IH_0295'],['不可移动文物'],official_resource_expansion
OFF_20260510_0249,仁礼沈公祠,官方资源扩展,不可移动文物,清代,尚未核定公布为文物保护单位的不可移动文物,广东省佛山市南海区里水镇北沙村委会沈村村沈壹8巷侧,里水镇,113.138868,23.223757,town_representative_point,0.38,['IH_0296'],['不可移动文物'],official_resource_expansion
OFF_20260510_0250,中共南三花工委旧址,官方资源扩展,不可移动文物,近现代,市级和县级文物保护单位,广东省佛山市南海区里水镇北沙村委会沈村村沈五五巷,里水镇,113.141342,23.191706,poi_name_exact,0.94,['IH_0297'],['不可移动文物'],official_resource_expansion
OFF_20260510_0251,石一黄氏宗祠,官方资源扩展,不可移动文物,清代,尚未核定公布为文物保护单位的不可移动文物,广东省佛山市南海区里水镇大石社区居委会石一村五巷21号左侧,里水镇,113.105668,23.206358,poi_name_fuzzy,0.84,['IH_0298'],['不可移动文物'],official_resource_expansion
OFF_20260510_0252,北涌亭,官方资源扩展,不可移动文物,明代,省级文物保护单位,广东省佛山市南海区里水镇新联社区居委会沿江公园东,里水镇,113.161251,23.197642,poi_name_exact,0.94,['IH_0299'],['不可移动文物'],official_resource_expansion
OFF_20260510_0253,水表陈氏宗祠,官方资源扩展,不可移动文物,清代,尚未核定公布为文物保护单位的不可移动文物,广东省佛山市南海区里水镇大石社区居委会水表村一巷1号侧,里水镇,113.146747,23.131128,poi_name_fuzzy,0.84,['IH_0300'],['不可移动文物'],official_resource_expansion
OFF_20260510_0254,水口水井,官方资源扩展,不可移动文物,"明代,清代",尚未核定公布为文物保护单位的不可移动文物,广东省佛山市南海区里水镇流潮社区居委会水口村姓苏18号前,里水镇,113.138868,23.223757,town_representative_point,0.38,['IH_0301'],['不可移动文物'],official_resource_expansion
OFF_20260510_0255,草场宏济医局旧址,官方资源扩展,不可移动文物,近现代,尚未核定公布为文物保护单位的不可移动文物,广东省佛山市南海区里水镇草场社区居委会草场村草场大街19号,里水镇,113.138868,23.223757,town_representative_point,0.38,['IH_0302'],['不可移动文物'],official_resource_expansion
OFF_20260510_0256,大石桥,官方资源扩展,不可移动文物,清代,市级和县级文物保护单位,广东省佛山市南海区里水镇洲村社区居委会里横路东侧,里水镇,113.138868,23.223757,town_representative_point,0.38,['IH_0303'],['不可移动文物'],official_resource_expansion
OFF_20260510_0257,草场洪圣古庙,官方资源扩展,不可移动文物,清代,尚未核定公布为文物保护单位的不可移动文物,广东省佛山市南海区里水镇草场社区居委会草场村草场大街20号,里水镇,113.014767,23.205924,poi_name_fuzzy,0.84,['IH_0304'],['不可移动文物'],official_resource_expansion
OFF_20260510_0258,阳谷林公祠,官方资源扩展,不可移动文物,清代,尚未核定公布为文物保护单位的不可移动文物,广东省佛山市南海区里水镇白岗社区居委会白岗村林氏大街一巷1号东侧,里水镇,113.138868,23.223757,town_representative_point,0.38,['IH_0305'],['不可移动文物'],official_resource_expansion
OFF_20260510_0259,孔村至圣家庙,官方资源扩展,不可移动文物,清代,尚未核定公布为文物保护单位的不可移动文物,广东省佛山市南海区里水镇共同社区居委会孔村,里水镇,113.090659,23.20803,address_token_centroid,0.72,['IH_0306'],['不可移动文物'],official_resource_expansion
OFF_20260510_0260,丰冈冯氏宗祠,官方资源扩展,不可移动文物,清代,尚未核定公布为文物保护单位的不可移动文物,广东省佛山市南海区里水镇胜利社区居委会丰冈村盛平大道5号,里水镇,113.172623,23.193748,poi_name_fuzzy,0.84,['IH_0307'],['不可移动文物'],official_resource_expansion
OFF_20260510_0261,介庵蔡公祠,官方资源扩展,不可移动文物,"明代,清代",尚未核定公布为文物保护单位的不可移动文物,广东省佛山市南海区里水镇和顺社区居委会和南村,里水镇,113.138868,23.223757,town_representative_point,0.38,['IH_0308'],['不可移动文物'],official_resource_expansion
OFF_20260510_0262,务智邹公祠,官方资源扩展,不可移动文物,清代,尚未核定公布为文物保护单位的不可移动文物,广东省佛山市南海区里水镇逢涌村委会逢西村临街4号侧,里水镇,113.138868,23.223757,town_representative_point,0.38,['IH_0309'],['不可移动文物'],official_resource_expansion
OFF_20260510_0263,和北李氏宗祠,官方资源扩展,不可移动文物,清代,尚未核定公布为文物保护单位的不可移动文物,广东省佛山市南海区里水镇和顺社区居委会和北村大街5巷2号,里水镇,112.99534,23.19254,poi_name_fuzzy,0.84,['IH_0310'],['不可移动文物'],official_resource_expansion
OFF_20260510_0264,真成周公祠,官方资源扩展,不可移动文物,清代,尚未核定公布为文物保护单位的不可移动文物,广东省佛山市南海区里水镇石塘村委会上北一村大街九巷1号,里水镇,113.093316,23.277428,poi_name_exact,0.94,['IH_0311'],['不可移动文物'],official_resource_expansion
OFF_20260510_0265,永胜河北书院,官方资源扩展,不可移动文物,近现代,尚未核定公布为文物保护单位的不可移动文物,广东省佛山市南海区桂城街道夏北社区居委会永胜村永顺大街202号,桂城街道,113.166559,23.061517,poi_name_fuzzy,0.84,['IH_0312'],['不可移动文物'],official_resource_expansion
OFF_20260510_0266,逢涌邹氏宗祠,官方资源扩展,不可移动文物,"明代,清代",尚未核定公布为文物保护单位的不可移动文物,广东省佛山市南海区里水镇逢涌村委会逢西村逢西街十六巷1号,里水镇,113.104241,23.136032,poi_name_fuzzy,0.84,['IH_0313'],['不可移动文物'],official_resource_expansion
OFF_20260510_0267,石塘水井,官方资源扩展,不可移动文物,宋辽西夏金元,尚未核定公布为文物保护单位的不可移动文物,广东省佛山市南海区里水镇石塘村委会仲文周公祠前,里水镇,113.138868,23.223757,town_representative_point,0.38,['IH_0314'],['不可移动文物'],official_resource_expansion
OFF_20260510_0268,文东汤氏宗祠,官方资源扩展,不可移动文物,清代,尚未核定公布为文物保护单位的不可移动文物,广东省佛山市南海区里水镇建星村委会文东村大街七巷边,里水镇,113.169389,23.261816,poi_name_fuzzy,0.84,['IH_0315'],['不可移动文物'],official_resource_expansion
OFF_20260510_0269,和顺金山寺遗址,官方资源扩展,不可移动文物,明代,尚未核定公布为文物保护单位的不可移动文物,广东省佛山市南海区里水镇瑶头村委会境内官窑水道中灵洲山上,里水镇,113.138868,23.223757,town_representative_point,0.38,['IH_0316'],['不可移动文物'],official_resource_expansion
OFF_20260510_0270,树本善堂,官方资源扩展,不可移动文物,近现代,市级和县级文物保护单位,广东省佛山市南海区狮山镇狮北村委会银岗圩大街2号,狮山镇,112.977066,23.176689,poi_name_exact,0.94,['IH_0317'],['不可移动文物'],official_resource_expansion
OFF_20260510_0271,黎西洪圣古庙,官方资源扩展,不可移动文物,清代,尚未核定公布为文物保护单位的不可移动文物,广东省佛山市南海区狮山镇狮岭村委会黎边黎西村西南方,狮山镇,113.014767,23.205924,poi_name_fuzzy,0.84,['IH_0318'],['不可移动文物'],official_resource_expansion
OFF_20260510_0272,凤岗邝氏宗祠,官方资源扩展,不可移动文物,"明代,清代",尚未核定公布为文物保护单位的不可移动文物,广东省佛山市南海区狮山镇凤岗村委会邝村村,狮山镇,112.957102,23.206291,poi_name_fuzzy,0.84,['IH_0319'],['不可移动文物'],official_resource_expansion
OFF_20260510_0273,元庵杨公祠,官方资源扩展,不可移动文物,明代,尚未核定公布为文物保护单位的不可移动文物,广东省佛山市南海区狮山镇罗村社区罗南村祠前路3号,狮山镇,113.030542,23.122685,address_token_centroid,0.72,['IH_0320'],['不可移动文物'],official_resource_expansion
OFF_20260510_0274,联星江氏宗祠,官方资源扩展,不可移动文物,清代,市级和县级文物保护单位,广东省佛山市南海区狮山镇罗村联星社区居委会上三村吉祥巷1号北侧,狮山镇,113.086935,23.065586,poi_name_fuzzy,0.84,['IH_0321'],['不可移动文物'],official_resource_expansion
OFF_20260510_0275,罗南杨氏四世祠,官方资源扩展,不可移动文物,清代,尚未核定公布为文物保护单位的不可移动文物,广东省佛山市南海区狮山镇罗村社区罗南村祠前路5号,狮山镇,113.038231,23.056959,poi_name_fuzzy,0.84,['IH_0322'],['不可移动文物'],official_resource_expansion
OFF_20260510_0276,伦文叙墓,官方资源扩展,不可移动文物,明代,市级和县级文物保护单位,广东省佛山市南海区狮山镇罗村芦塘社区居委会长安墓园棋子岭西南麓,狮山镇,113.030542,23.122685,address_token_centroid,0.72,['IH_0323'],['不可移动文物'],official_resource_expansion
OFF_20260510_0277,下柏黄氏大宗祠,官方资源扩展,不可移动文物,清代,尚未核定公布为文物保护单位的不可移动文物,广东省佛山市南海区狮山镇下柏社区居委会下柏村南面,狮山镇,113.021404,23.062956,poi_name_fuzzy,0.84,['IH_0324'],['不可移动文物'],official_resource_expansion
OFF_20260510_0278,总排吴氏宗祠,官方资源扩展,不可移动文物,"明代,清代",尚未核定公布为文物保护单位的不可移动文物,广东省佛山市南海区狮山镇罗村联和社区居委会总排村北街一巷7号,狮山镇,112.945955,23.090041,poi_name_fuzzy,0.84,['IH_0325'],['不可移动文物'],official_resource_expansion
OFF_20260510_0279,骆秉章墓,官方资源扩展,不可移动文物,清代,市级和县级文物保护单位,广东省佛山市南海区狮山镇罗村芦塘社区居委会雅三村东面山岗,狮山镇,113.030542,23.122685,address_token_centroid,0.72,['IH_0326'],['不可移动文物'],official_resource_expansion
OFF_20260510_0280,大丰田列圣宫,官方资源扩展,不可移动文物,清代,尚未核定公布为文物保护单位的不可移动文物,广东省佛山市南海区狮山镇罗村务庄社区居委会大丰田村,狮山镇,113.030542,23.122685,address_token_centroid,0.72,['IH_0327'],['不可移动文物'],official_resource_expansion
OFF_20260510_0281,下柏宏中楼墓园东塔,官方资源扩展,不可移动文物,近现代,尚未核定公布为文物保护单位的不可移动文物,广东省佛山市南海区狮山镇下柏社区居委会下柏村西区山岗东南侧,狮山镇,113.030542,23.122685,address_token_centroid,0.72,['IH_0328'],['不可移动文物'],official_resource_expansion
OFF_20260510_0282,下柏宏中楼墓园西塔,官方资源扩展,不可移动文物,近现代,尚未核定公布为文物保护单位的不可移动文物,广东省佛山市南海区狮山镇下柏社区居委会下柏村西区山岗西北侧,狮山镇,113.030542,23.122685,address_token_centroid,0.72,['IH_0329'],['不可移动文物'],official_resource_expansion
OFF_20260510_0283,泮阳李公祠门楼,官方资源扩展,不可移动文物,明代,市级和县级文物保护单位,广东省佛山市南海区狮山镇罗村社区寨边村村前街八巷1号,狮山镇,113.030542,23.122685,address_token_centroid,0.72,['IH_0330'],['不可移动文物'],official_resource_expansion
OFF_20260510_0284,丹灶无叶井,官方资源扩展,不可移动文物,明代,尚未核定公布为文物保护单位的不可移动文物,广东省佛山市南海区丹灶镇丹灶社区居委会西村坊十一巷1号前,丹灶镇,112.92091,23.06365,town_representative_point,0.38,['IH_0331'],['不可移动文物'],official_resource_expansion
OFF_20260510_0285,丹灶仙井名泉,官方资源扩展,不可移动文物,明代,尚未核定公布为文物保护单位的不可移动文物,广东省佛山市南海区丹灶镇丹灶社区居委会仙井坊五巷7号前,丹灶镇,112.913254,23.044887,poi_name_exact,0.94,['IH_0332'],['不可移动文物'],official_resource_expansion
OFF_20260510_0286,丹灶佩瑶家塾,官方资源扩展,不可移动文物,清代,尚未核定公布为文物保护单位的不可移动文物,广东省佛山市南海区丹灶镇丹灶社区居委会隔塘坊二巷,丹灶镇,112.913555,23.043809,poi_name_exact,0.94,['IH_0333'],['不可移动文物'],official_resource_expansion
OFF_20260510_0287,大涡张家水井,官方资源扩展,不可移动文物,清代,尚未核定公布为文物保护单位的不可移动文物,广东省佛山市南海区丹灶镇大涡村委会大涡村张家大街高街巷5号右侧,丹灶镇,112.92091,23.06365,town_representative_point,0.38,['IH_0335'],['不可移动文物'],official_resource_expansion
OFF_20260510_0288,洲南水井,官方资源扩展,不可移动文物,明代,尚未核定公布为文物保护单位的不可移动文物,广东省佛山市南海区丹灶镇新农社区居委会洲南村大街五巷1—3号间,丹灶镇,112.92091,23.06365,town_representative_point,0.38,['IH_0336'],['不可移动文物'],official_resource_expansion
OFF_20260510_0289,塘口黄氏大宗祠,官方资源扩展,不可移动文物,清代,尚未核定公布为文物保护单位的不可移动文物,广东省佛山市南海区丹灶镇罗行社区居委会塘口村江夏祠道旁,丹灶镇,112.96424,23.030452,poi_name_exact,0.94,['IH_0337'],['不可移动文物'],official_resource_expansion
OFF_20260510_0290,珠江水利局10号水准点标桩,官方资源扩展,不可移动文物,近现代,尚未核定公布为文物保护单位的不可移动文物,广东省佛山市南海区丹灶镇下安村委会简家村华帝庙前,丹灶镇,112.92091,23.06365,town_representative_point,0.38,['IH_0338'],['不可移动文物'],official_resource_expansion
OFF_20260510_0291,简家简氏大宗祠,官方资源扩展,不可移动文物,清代,尚未核定公布为文物保护单位的不可移动文物,广东省佛山市南海区丹灶镇下安村委会简家村江夏祠道旁,丹灶镇,112.92091,23.06365,town_representative_point,0.38,['IH_0339'],['不可移动文物'],official_resource_expansion
OFF_20260510_0292,淡浦陈公祠,官方资源扩展,不可移动文物,近现代,尚未核定公布为文物保护单位的不可移动文物,广东省佛山市南海区丹灶镇良登村委会良登村村尾坊,丹灶镇,112.92091,23.06365,town_representative_point,0.38,['IH_0340'],['不可移动文物'],official_resource_expansion
OFF_20260510_0293,北李李氏宗祠,官方资源扩展,不可移动文物,清代,尚未核定公布为文物保护单位的不可移动文物,广东省佛山市南海区丹灶镇上安社区居委会北李村村前街十二巷1号,丹灶镇,112.99534,23.19254,poi_name_fuzzy,0.84,['IH_0341'],['不可移动文物'],official_resource_expansion
OFF_20260510_0294,仙岗俭堂大夫祠,官方资源扩展,不可移动文物,清代,尚未核定公布为文物保护单位的不可移动文物,广东省佛山市南海区丹灶镇仙岗社区居委会仙岗村低井坊四巷1号,丹灶镇,112.92091,23.06365,town_representative_point,0.38,['IH_0342'],['不可移动文物'],official_resource_expansion
OFF_20260510_0295,仙岗陈氏大宗祠,官方资源扩展,不可移动文物,清代,尚未核定公布为文物保护单位的不可移动文物,广东省佛山市南海区丹灶镇仙岗社区居委会仙岗村旧幼儿园旁,丹灶镇,113.196227,23.190165,poi_name_fuzzy,0.84,['IH_0344'],['不可移动文物'],official_resource_expansion
OFF_20260510_0296,旌表节孝牌坊,官方资源扩展,不可移动文物,清代,省级文物保护单位,广东省佛山市南海区九江镇烟南村委会烟桥村新庄南部,九江镇,112.959097,22.865251,town_representative_point,0.38,['IH_0348'],['不可移动文物'],official_resource_expansion
OFF_20260510_0297,文冲潘氏宗祠,官方资源扩展,不可移动文物,"明代,清代",尚未核定公布为文物保护单位的不可移动文物,广东省佛山市南海区狮山镇沙头社区居委会文冲村南面,狮山镇,113.17906,23.080363,poi_name_fuzzy,0.84,['IH_0350'],['不可移动文物'],official_resource_expansion
OFF_20260510_0298,大果窑址,官方资源扩展,不可移动文物,夏商周（含春秋）,尚未核定公布为文物保护单位的不可移动文物,广东省佛山市南海区丹灶镇西城社区居委会大果村樵北涌东北约205米山岗西北麓,丹灶镇,112.895892,23.033964,address_token_centroid,0.62,['IH_0351'],['不可移动文物'],official_resource_expansion
OFF_20260510_0299,敦根乡门楼,官方资源扩展,不可移动文物,清代,尚未核定公布为文物保护单位的不可移动文物,广东省佛山市南海区九江镇敦根社区居委会敦根村村口,九江镇,112.959097,22.865251,town_representative_point,0.38,['IH_0352'],['不可移动文物'],official_resource_expansion
OFF_20260510_0300,法全潘公祠,官方资源扩展,不可移动文物,清代,尚未核定公布为文物保护单位的不可移动文物,广东省佛山市南海区狮山镇沙头社区居委会下沙村,狮山镇,113.030542,23.122685,address_token_centroid,0.72,['IH_0353'],['不可移动文物'],official_resource_expansion
OFF_20260510_0301,蔡道可、蔡子华墓,官方资源扩展,不可移动文物,宋辽西夏金元,市级和县级文物保护单位,广东省佛山市南海区里水镇逢涌村委会文头岭西麓,里水镇,113.138868,23.223757,town_representative_point,0.38,['IH_0354'],['不可移动文物'],official_resource_expansion
OFF_20260510_0302,水南石狮,官方资源扩展,不可移动文物,明代,尚未核定公布为文物保护单位的不可移动文物,广东省佛山市南海区九江镇水南社区居委会龙鹤村狮子巷口,九江镇,112.959097,22.865251,town_representative_point,0.38,['IH_0360'],['不可移动文物'],official_resource_expansion
OFF_20260510_0303,水南圣母殿,官方资源扩展,不可移动文物,清代,尚未核定公布为文物保护单位的不可移动文物,广东省佛山市南海区九江镇水南社区居委会龙鹤村路2号旁,九江镇,112.959097,22.865251,town_representative_point,0.38,['IH_0361'],['不可移动文物'],official_resource_expansion
OFF_20260510_0304,水南何氏墓,官方资源扩展,不可移动文物,宋辽西夏金元,尚未核定公布为文物保护单位的不可移动文物,广东省佛山市南海区九江镇水南社区居委会清叟村兴仁巷11号侧,九江镇,112.959097,22.865251,town_representative_point,0.38,['IH_0362'],['不可移动文物'],official_resource_expansion
OFF_20260510_0305,中北民居,官方资源扩展,不可移动文物,近现代,尚未核定公布为文物保护单位的不可移动文物,广东省佛山市南海区九江镇下东村委会中北村535号,九江镇,112.959097,22.865251,town_representative_point,0.38,['IH_0363'],['不可移动文物'],official_resource_expansion
OFF_20260510_0306,中西郑家东大院,官方资源扩展,不可移动文物,近现代,尚未核定公布为文物保护单位的不可移动文物,广东省佛山市南海区九江镇下东村委会中西村487号,九江镇,112.959097,22.865251,town_representative_point,0.38,['IH_0364'],['不可移动文物'],official_resource_expansion
OFF_20260510_0307,大谷冯联卿医所,官方资源扩展,不可移动文物,近现代,尚未核定公布为文物保护单位的不可移动文物,广东省佛山市南海区九江镇大谷社区居委会南约村南约三巷三号,九江镇,112.959097,22.865251,town_representative_point,0.38,['IH_0366'],['不可移动文物'],official_resource_expansion
OFF_20260510_0308,世老拱卫天枢门楼,官方资源扩展,不可移动文物,近现代,尚未核定公布为文物保护单位的不可移动文物,广东省佛山市南海区九江镇朗星社区居委会世老村新一巷一号侧,九江镇,112.959097,22.865251,town_representative_point,0.38,['IH_0367'],['不可移动文物'],official_resource_expansion
OFF_20260510_0309,水南谭镇源家族墓,官方资源扩展,不可移动文物,"宋辽西夏金元,明代",尚未核定公布为文物保护单位的不可移动文物,广东省佛山市南海区九江镇水南社区居委会沙涌村南边山坡,九江镇,112.959097,22.865251,town_representative_point,0.38,['IH_0368'],['不可移动文物'],official_resource_expansion
OFF_20260510_0310,南方岑氏家族墓,官方资源扩展,不可移动文物,"宋辽西夏金元,明代",尚未核定公布为文物保护单位的不可移动文物,广东省佛山市南海区九江镇南方社区居委会上南村344号侧宝鸭山上,九江镇,112.959097,22.865251,town_representative_point,0.38,['IH_0369'],['不可移动文物'],official_resource_expansion
OFF_20260510_0311,太平振发楼,官方资源扩展,不可移动文物,近现代,尚未核定公布为文物保护单位的不可移动文物,广东省佛山市南海区九江镇太平社区沙基横巷14号,九江镇,112.959097,22.865251,town_representative_point,0.38,['IH_0370'],['不可移动文物'],official_resource_expansion
OFF_20260510_0312,西山关氏祖祠,官方资源扩展,不可移动文物,清代,尚未核定公布为文物保护单位的不可移动文物,广东省佛山市南海区九江镇上西村委会西山村西北边,九江镇,112.987766,22.839409,poi_name_fuzzy,0.84,['IH_0371'],['不可移动文物'],official_resource_expansion
OFF_20260510_0313,新龙龙涌窦,官方资源扩展,不可移动文物,清代,尚未核定公布为文物保护单位的不可移动文物,广东省佛山市南海区九江镇新龙村委会龙涌村龙涌街35号侧,九江镇,112.959097,22.865251,town_representative_point,0.38,['IH_0372'],['不可移动文物'],official_resource_expansion
OFF_20260510_0314,下北石塘闸,官方资源扩展,不可移动文物,清代,市级和县级文物保护单位,广东省佛山市南海区九江镇下北社区居委会石塘村,九江镇,112.959097,22.865251,town_representative_point,0.38,['IH_0373'],['不可移动文物'],official_resource_expansion
OFF_20260510_0315,叶正简墓,官方资源扩展,不可移动文物,宋辽西夏金元,省级文物保护单位,广东省佛山市南海区狮山镇颜峰社区居委会人和村葫芦岗,狮山镇,113.076651,23.137093,poi_name_exact,0.94,['IH_0374'],['不可移动文物'],official_resource_expansion
OFF_20260510_0316,万寿养志园,官方资源扩展,不可移动文物,近现代,尚未核定公布为文物保护单位的不可移动文物,广东省佛山市南海区九江镇下西社区居委会万寿村377号,九江镇,112.959097,22.865251,town_representative_point,0.38,['IH_0375'],['不可移动文物'],official_resource_expansion
OFF_20260510_0317,儒溪镇顶炮楼,官方资源扩展,不可移动文物,清代,尚未核定公布为文物保护单位的不可移动文物,广东省佛山市南海区西樵镇儒溪村委会立新村十一巷11号前,西樵镇,112.935322,22.941121,town_representative_point,0.38,['IH_0376'],['不可移动文物'],official_resource_expansion
OFF_20260510_0318,罗田黎氏宗祠,官方资源扩展,不可移动文物,清代,尚未核定公布为文物保护单位的不可移动文物,广东省佛山市南海区大沥镇奇槎社区居委会罗南村黎家街五巷1号,大沥镇,113.169065,23.049273,poi_name_fuzzy,0.84,['IH_0377'],['不可移动文物'],official_resource_expansion
OFF_20260510_0319,点头湛河公祠,官方资源扩展,不可移动文物,清代,尚未核定公布为文物保护单位的不可移动文物,广东省佛山市南海区大沥镇大镇社区居委会点头村南十六巷2号,大沥镇,113.108739,23.081781,poi_name_fuzzy,0.84,['IH_0378'],['不可移动文物'],official_resource_expansion
OFF_20260510_0320,文头岭窑址,官方资源扩展,不可移动文物,"隋唐五代十国,宋辽西夏金元",市级和县级文物保护单位,广东省佛山市南海区里水镇逢涌村委会文头岭南麓,里水镇,113.138868,23.223757,town_representative_point,0.38,['IH_0379'],['不可移动文物'],official_resource_expansion
OFF_20260510_0321,曹氏大宗祠,官方资源扩展,不可移动文物,"明代,清代",省级文物保护单位,广东省佛山市南海区大沥镇曹边社区居委会滘北村一巷6号,大沥镇,113.107065,23.11553,poi_name_exact,0.94,['IH_0380'],['不可移动文物'],official_resource_expansion
OFF_20260510_0322,平地黄氏大宗祠,官方资源扩展,不可移动文物,清代,省级文物保护单位,广东省佛山市南海区大沥镇平地社区居委会平地村新市大街三号,大沥镇,113.021404,23.062956,poi_name_fuzzy,0.84,['IH_0383'],['不可移动文物'],official_resource_expansion
OFF_20260510_0323,莘村梁氏宗祠,官方资源扩展,不可移动文物,清代,尚未核定公布为文物保护单位的不可移动文物,广东省佛山市南海区西樵镇联新社区居委会莘村村安定东十街街口,西樵镇,113.125926,23.13648,poi_name_fuzzy,0.84,['IH_0384'],['不可移动文物'],official_resource_expansion
OFF_20260510_0324,邝氏始祖墓,官方资源扩展,不可移动文物,宋辽西夏金元,市级和县级文物保护单位,广东省佛山市南海区大沥镇大镇社区居委会四中村北侧,大沥镇,113.145463,23.118352,town_representative_point,0.38,['IH_0385'],['不可移动文物'],official_resource_expansion
OFF_20260510_0325,朝议世家邝公祠,官方资源扩展,不可移动文物,"明代,清代",市级和县级文物保护单位,广东省佛山市南海区大沥镇大镇社区居委会四中村,大沥镇,113.145463,23.118352,town_representative_point,0.38,['IH_0386'],['不可移动文物'],official_resource_expansion
OFF_20260510_0326,沙泥大夫家庙,官方资源扩展,不可移动文物,清代,尚未核定公布为文物保护单位的不可移动文物,广东省佛山市南海区大沥镇钟边社区居委会沙泥村东北边,大沥镇,113.100348,23.101866,poi_name_fuzzy,0.84,['IH_0387'],['不可移动文物'],official_resource_expansion
OFF_20260510_0327,钟氏大宗祠,官方资源扩展,不可移动文物,清代,省级文物保护单位,广东省佛山市南海区大沥镇钟边社区居委会钟边村钟边大道11号侧,大沥镇,113.113536,23.097179,poi_name_exact,0.94,['IH_0388'],['不可移动文物'],official_resource_expansion
OFF_20260510_0328,铁村门楼,官方资源扩展,不可移动文物,清代,尚未核定公布为文物保护单位的不可移动文物,广东省佛山市南海区大沥镇钟边社区居委会铁村村南村口,大沥镇,113.111292,23.103047,address_token_centroid,0.72,['IH_0389'],['不可移动文物'],official_resource_expansion
OFF_20260510_0329,麦边平地大桥,官方资源扩展,不可移动文物,明代,尚未核定公布为文物保护单位的不可移动文物,广东省佛山市南海区大沥镇平地社区居委会麦边村桥头涌上,大沥镇,113.145463,23.118352,town_representative_point,0.38,['IH_0390'],['不可移动文物'],official_resource_expansion
OFF_20260510_0330,大沥革命烈士纪念碑,官方资源扩展,不可移动文物,近现代,市级和县级文物保护单位,广东省佛山市南海区大沥镇沥苑社区沥园路大沥文化公园内,大沥镇,113.122997,23.111783,poi_name_exact,0.94,['IH_0391'],['不可移动文物'],official_resource_expansion
OFF_20260510_0331,荔庄泰岭书舍,官方资源扩展,不可移动文物,清代,市级和县级文物保护单位,广东省佛山市南海区大沥镇沥东社区居委会荔庄村东区二巷1号,大沥镇,113.145463,23.118352,town_representative_point,0.38,['IH_0392'],['不可移动文物'],official_resource_expansion
OFF_20260510_0332,凤池曹氏大宗祠,官方资源扩展,不可移动文物,清代,市级和县级文物保护单位,广东省佛山市南海区大沥镇凤池社区居委会凤西村凤西公园旁,大沥镇,113.107065,23.11553,poi_name_fuzzy,0.84,['IH_0395'],['不可移动文物'],official_resource_expansion
OFF_20260510_0333,荔庄村吴氏祖祠,官方资源扩展,不可移动文物,清代,市级和县级文物保护单位,广东省佛山市南海区大沥镇沥东社区居委会荔庄村东区一巷1号,大沥镇,113.145463,23.118352,town_representative_point,0.38,['IH_0396'],['不可移动文物'],official_resource_expansion
OFF_20260510_0334,南乡百岁坊门楼,官方资源扩展,不可移动文物,清代,尚未核定公布为文物保护单位的不可移动文物,广东省佛山市南海区西樵镇上金瓯社区居委会南乡村旧街30号前,西樵镇,112.910067,22.986684,address_token_centroid,0.72,['IH_0407'],['不可移动文物'],official_resource_expansion
OFF_20260510_0335,海边旌表节孝牌坊,官方资源扩展,不可移动文物,清代,尚未核定公布为文物保护单位的不可移动文物,广东省佛山市南海区西樵镇民乐社区居委会海边村三街1号前,西樵镇,112.935322,22.941121,town_representative_point,0.38,['IH_0408'],['不可移动文物'],official_resource_expansion
OFF_20260510_0336,阙里旧家,官方资源扩展,不可移动文物,清代,尚未核定公布为文物保护单位的不可移动文物,广东省佛山市南海区狮山镇石碣社区居委会麟玉村东北方,狮山镇,113.087995,23.156443,poi_name_exact,0.94,['IH_0410'],['不可移动文物'],official_resource_expansion
OFF_20260510_0337,翘南五约队育蚕室旧址,官方资源扩展,不可移动文物,近现代,尚未核定公布为文物保护单位的不可移动文物,广东省佛山市南海区九江镇下西社区居委会翘南村427号,九江镇,112.959097,22.865251,town_representative_point,0.38,['IH_0411'],['不可移动文物'],official_resource_expansion
OFF_20260510_0338,烟桥正道门楼,官方资源扩展,不可移动文物,清代,尚未核定公布为文物保护单位的不可移动文物,广东省佛山市南海区九江镇烟南村委会烟桥村大巷6号,九江镇,112.959097,22.865251,town_representative_point,0.38,['IH_0412'],['不可移动文物'],official_resource_expansion
OFF_20260510_0339,万安善院,官方资源扩展,不可移动文物,近现代,尚未核定公布为文物保护单位的不可移动文物,广东省佛山市南海区九江镇沙头社区万安路21号,九江镇,112.959097,22.865251,town_representative_point,0.38,['IH_0414'],['不可移动文物'],official_resource_expansion
OFF_20260510_0340,西桥文明牌坊,官方资源扩展,不可移动文物,清代,尚未核定公布为文物保护单位的不可移动文物,广东省佛山市南海区九江镇西桥社区居委会西桥村北街书院巷1号侧,九江镇,112.959097,22.865251,town_representative_point,0.38,['IH_0415'],['不可移动文物'],official_resource_expansion
OFF_20260510_0341,财正李公祠,官方资源扩展,不可移动文物,清代,尚未核定公布为文物保护单位的不可移动文物,广东省佛山市南海区狮山镇黎岗村委会礼东村,狮山镇,113.030542,23.122685,address_token_centroid,0.72,['IH_0419'],['不可移动文物'],official_resource_expansion
OFF_20260510_0342,南大步易氏大宗祠,官方资源扩展,不可移动文物,清代,尚未核定公布为文物保护单位的不可移动文物,广东省佛山市南海区里水镇大步社区居委会南大步村佛山一环旁龙窟岗南大步村124号之一,里水镇,113.149987,23.135994,poi_name_fuzzy,0.84,['IH_0420'],['不可移动文物'],official_resource_expansion
OFF_20260510_0343,海念潘氏宗祠,官方资源扩展,不可移动文物,"明代,清代",尚未核定公布为文物保护单位的不可移动文物,广东省佛山市南海区狮山镇沙头社区居委会海念村,狮山镇,113.17906,23.080363,poi_name_fuzzy,0.84,['IH_0421'],['不可移动文物'],official_resource_expansion
OFF_20260510_0344,文智灵王古庙,官方资源扩展,不可移动文物,清代,尚未核定公布为文物保护单位的不可移动文物,广东省佛山市南海区狮山镇沙头社区居委会文智村,狮山镇,112.992351,23.211164,poi_name_fuzzy,0.84,['IH_0422'],['不可移动文物'],official_resource_expansion
OFF_20260510_0345,文智潘公祠,官方资源扩展,不可移动文物,明代,尚未核定公布为文物保护单位的不可移动文物,广东省佛山市南海区狮山镇沙头社区居委会文智村,狮山镇,112.986361,23.213948,poi_name_exact,0.94,['IH_0423'],['不可移动文物'],official_resource_expansion
OFF_20260510_0346,张南乐南书室,官方资源扩展,不可移动文物,清代,尚未核定公布为文物保护单位的不可移动文物,广东省佛山市南海区狮山镇高边社区居委会张南村张南二巷1号,狮山镇,113.030542,23.122685,address_token_centroid,0.72,['IH_0424'],['不可移动文物'],official_resource_expansion
OFF_20260510_0347,东胜麦氏大宗祠,官方资源扩展,不可移动文物,清代,尚未核定公布为文物保护单位的不可移动文物,广东省佛山市南海区桂城街道叠北社区居委会东胜村北约文娱馆侧,桂城街道,113.125853,23.066323,poi_name_fuzzy,0.84,['IH_0425'],['不可移动文物'],official_resource_expansion
OFF_20260510_0348,璜溪炮楼,官方资源扩展,不可移动文物,近现代,尚未核定公布为文物保护单位的不可移动文物,广东省佛山市南海区狮山镇高边社区居委会璜溪村村口,狮山镇,113.088264,23.117349,poi_name_exact,0.94,['IH_0426'],['不可移动文物'],official_resource_expansion
OFF_20260510_0349,罗村公社兴贤人民会场旧址,官方资源扩展,不可移动文物,近现代,尚未核定公布为文物保护单位的不可移动文物,广东省佛山市南海区狮山镇兴贤社区居委会下北村大街14号,狮山镇,113.030542,23.122685,address_token_centroid,0.72,['IH_0427'],['不可移动文物'],official_resource_expansion
OFF_20260510_0350,群星水井,官方资源扩展,不可移动文物,明代,尚未核定公布为文物保护单位的不可移动文物,广东省佛山市南海区狮山镇镇谭边社区居委会群星村8巷9号侧,狮山镇,113.030542,23.122685,address_token_centroid,0.72,['IH_0428'],['不可移动文物'],official_resource_expansion
OFF_20260510_0351,兴贤吴氏祠,官方资源扩展,不可移动文物,"明代,清代",尚未核定公布为文物保护单位的不可移动文物,广东省佛山市南海区狮山镇兴贤社区居委会下北村大街20号,狮山镇,113.030542,23.122685,address_token_centroid,0.72,['IH_0429'],['不可移动文物'],official_resource_expansion
OFF_20260510_0352,大圃兴隆响押,官方资源扩展,不可移动文物,近现代,尚未核定公布为文物保护单位的不可移动文物,广东省佛山市南海区狮山镇颜峰社区居委会大圃墟旧街63号,狮山镇,113.030542,23.122685,address_token_centroid,0.72,['IH_0430'],['不可移动文物'],official_resource_expansion
OFF_20260510_0353,兴贤吴氏家族墓,官方资源扩展,不可移动文物,宋辽西夏金元,尚未核定公布为文物保护单位的不可移动文物,广东省佛山市南海区狮山镇兴贤社区居委会马头岭西南麓,狮山镇,113.030542,23.122685,address_token_centroid,0.72,['IH_0431'],['不可移动文物'],official_resource_expansion
OFF_20260510_0354,隔岗月恒书舍,官方资源扩展,不可移动文物,明代,尚未核定公布为文物保护单位的不可移动文物,广东省佛山市南海区大沥镇沥西社区居委会隔岗村南九巷2号,大沥镇,113.145463,23.118352,town_representative_point,0.38,['IH_0432'],['不可移动文物'],official_resource_expansion
OFF_20260510_0355,宁溪水井,官方资源扩展,不可移动文物,清代,尚未核定公布为文物保护单位的不可移动文物,广东省佛山市南海区狮山镇颜峰社区居委会宁溪村一巷2号侧,狮山镇,113.030542,23.122685,address_token_centroid,0.72,['IH_0433'],['不可移动文物'],official_resource_expansion
OFF_20260510_0356,兴贤吴太史祖祠,官方资源扩展,不可移动文物,"明代,清代",尚未核定公布为文物保护单位的不可移动文物,广东省佛山市南海区狮山镇兴贤社区居委会南约村村口,狮山镇,113.071203,23.123276,poi_name_fuzzy,0.84,['IH_0434'],['不可移动文物'],official_resource_expansion
OFF_20260510_0357,丹邱陈氏大宗祠,官方资源扩展,不可移动文物,清代,尚未核定公布为文物保护单位的不可移动文物,广东省佛山市南海区狮山镇颜峰社区居委会丹邱村南门街1号侧,狮山镇,113.196227,23.190165,poi_name_fuzzy,0.84,['IH_0435'],['不可移动文物'],official_resource_expansion
OFF_20260510_0358,漖表李氏宗祠,官方资源扩展,不可移动文物,清代,市级和县级文物保护单位,广东省佛山市南海区大沥镇黄岐社区居委会漖表村环村东路,大沥镇,112.99534,23.19254,poi_name_fuzzy,0.84,['IH_0436'],['不可移动文物'],official_resource_expansion
OFF_20260510_0359,文贵潘公祠,官方资源扩展,不可移动文物,清代,尚未核定公布为文物保护单位的不可移动文物,广东省佛山市南海区狮山镇沙头社区居委会文贵村村口,狮山镇,112.983092,23.214013,poi_name_fuzzy,0.84,['IH_0437'],['不可移动文物'],official_resource_expansion
OFF_20260510_0360,大雄陶公祠,官方资源扩展,不可移动文物,清代,尚未核定公布为文物保护单位的不可移动文物,广东省佛山市南海区狮山镇华涌社区居委会五约村一巷1号,狮山镇,113.030542,23.122685,address_token_centroid,0.72,['IH_0438'],['不可移动文物'],official_resource_expansion
OFF_20260510_0361,六联李氏大宗祠,官方资源扩展,不可移动文物,清代,尚未核定公布为文物保护单位的不可移动文物,广东省佛山市南海区大沥镇六联社区居委会中村村祠堂大街1号,大沥镇,113.015703,23.041153,poi_name_fuzzy,0.84,['IH_0439'],['不可移动文物'],official_resource_expansion
OFF_20260510_0362,横江图书馆,官方资源扩展,不可移动文物,近现代,尚未核定公布为文物保护单位的不可移动文物,广东省佛山市南海区大沥镇横江社区居委会横江小学内,大沥镇,113.145463,23.118352,town_representative_point,0.38,['IH_0440'],['不可移动文物'],official_resource_expansion
OFF_20260510_0363,颜氏大宗祠,官方资源扩展,不可移动文物,清代,市级和县级文物保护单位,广东省佛山市南海区大沥镇河西社区居委会颜边村新街76号,大沥镇,113.14678,23.093506,poi_name_exact,0.94,['IH_0441'],['不可移动文物'],official_resource_expansion
OFF_20260510_0364,颜边松隐家塾,官方资源扩展,不可移动文物,清代,尚未核定公布为文物保护单位的不可移动文物,广东省佛山市南海区大沥镇河西社区居委会颜边村旧街36号,大沥镇,113.153404,23.090776,poi_name_fuzzy,0.84,['IH_0442'],['不可移动文物'],official_resource_expansion
OFF_20260510_0365,镇宇颜公祠,官方资源扩展,不可移动文物,清代,尚未核定公布为文物保护单位的不可移动文物,广东省佛山市南海区大沥镇河西社区居委会颜边村旧街11号,大沥镇,113.14845,23.093462,poi_name_exact,0.94,['IH_0443'],['不可移动文物'],official_resource_expansion
OFF_20260510_0366,向亭颜公祠,官方资源扩展,不可移动文物,清代,尚未核定公布为文物保护单位的不可移动文物,广东省佛山市南海区大沥镇河西社区居委会颜边村旧街40号,大沥镇,113.147591,23.093325,poi_name_exact,0.94,['IH_0444'],['不可移动文物'],official_resource_expansion
OFF_20260510_0367,烟桥水步,官方资源扩展,不可移动文物,清代,尚未核定公布为文物保护单位的不可移动文物,广东省佛山市南海区九江镇烟南村委会烟桥村何氏大宗祠西边约30米水道边烟桥东端南侧。,九江镇,112.959097,22.865251,town_representative_point,0.38,['IH_0445'],['不可移动文物'],official_resource_expansion
OFF_20260510_0368,黎边村黎西黎氏宗祠,官方资源扩展,不可移动文物,清代,尚未核定公布为文物保护单位的不可移动文物,广东省佛山市南海区狮山镇狮岭村委会黎边村洪圣古庙东侧。,狮山镇,113.169065,23.049273,poi_name_fuzzy,0.84,['IH_0446'],['不可移动文物'],official_resource_expansion
OFF_20260510_0369,黎边村黎东水井,官方资源扩展,不可移动文物,清代,尚未核定公布为文物保护单位的不可移动文物,广东省佛山市南海区狮山镇狮岭村委会黎边村黎东祖盛黎公祠前,狮山镇,113.030542,23.122685,address_token_centroid,0.72,['IH_0447'],['不可移动文物'],official_resource_expansion
OFF_20260510_0370,黎边村黎东雪梅黎公祠,官方资源扩展,不可移动文物,清代,尚未核定公布为文物保护单位的不可移动文物,广东省佛山市南海区狮山镇狮岭村委会黎边村黎东村黎氏宗祠东侧,狮山镇,113.030542,23.122685,address_token_centroid,0.72,['IH_0448'],['不可移动文物'],official_resource_expansion
OFF_20260510_0371,黎边村黎东黎氏宗祠,官方资源扩展,不可移动文物,清代,尚未核定公布为文物保护单位的不可移动文物,广东省佛山市南海区狮山镇狮岭村委会黎边村雪梅黎公祠西侧,狮山镇,113.169065,23.049273,poi_name_fuzzy,0.84,['IH_0449'],['不可移动文物'],official_resource_expansion
OFF_20260510_0372,黎边村黎西水井,官方资源扩展,不可移动文物,清代,尚未核定公布为文物保护单位的不可移动文物,广东省佛山市南海区狮山镇狮岭村委会黎边村黎西向南四巷1-14前约5米处,狮山镇,113.030542,23.122685,address_token_centroid,0.72,['IH_0450'],['不可移动文物'],official_resource_expansion
OFF_20260510_0373,烟桥村烟桥,官方资源扩展,不可移动文物,清代,尚未核定公布为文物保护单位的不可移动文物,广东省佛山市南海区九江镇烟南村委会烟桥村何氏六世祖祠侧前方,九江镇,112.96172,22.873523,address_token_centroid,0.72,['IH_0451'],['不可移动文物'],official_resource_expansion
OFF_20260510_0374,松塘村桂香坊逢源井,官方资源扩展,不可移动文物,清代,尚未核定公布为文物保护单位的不可移动文物,广东省佛山市南海区西樵镇上金瓯社区居委会松塘村逢源巷口,西樵镇,112.910067,22.986684,address_token_centroid,0.72,['IH_0452'],['不可移动文物'],official_resource_expansion
OFF_20260510_0375,世老老氏七世祠,官方资源扩展,不可移动文物,清代,尚未核定公布为文物保护单位的不可移动文物,广东省佛山市南海区九江镇朗星社区居委会世老村西北部,九江镇,112.959097,22.865251,town_representative_point,0.38,['IH_0453'],['不可移动文物'],official_resource_expansion
OFF_20260510_0376,大榄何氏三世祖祠,官方资源扩展,不可移动文物,"明代,清代",尚未核定公布为文物保护单位的不可移动文物,广东省佛山市南海区狮山镇大榄社区居委会大榄一村西北角,狮山镇,113.030542,23.122685,address_token_centroid,0.72,['IH_0454'],['不可移动文物'],official_resource_expansion
OFF_20260510_0377,西樵孖井,官方资源扩展,不可移动文物,清代,尚未核定公布为文物保护单位的不可移动文物,广东省佛山市南海区西樵镇东碧社区居委会官山高街西樵旧中心小学前,西樵镇,112.935322,22.941121,town_representative_point,0.38,['IH_0455'],['不可移动文物'],official_resource_expansion
OFF_20260510_0378,冯锡镛墓,官方资源扩展,不可移动文物,清代,尚未核定公布为文物保护单位的不可移动文物,广东省佛山市南海区西樵镇东碧社区居委会西樵山云端村天马峰西北麓,西樵镇,112.935322,22.941121,town_representative_point,0.38,['IH_0456'],['不可移动文物'],official_resource_expansion
OFF_20260510_0379,大宋处士崔世英胡氏合葬墓,官方资源扩展,不可移动文物,宋辽西夏金元,尚未核定公布为文物保护单位的不可移动文物,广东省佛山市南海区西樵镇东碧社区居委会西樵山金钟岗北麓,西樵镇,112.935322,22.941121,town_representative_point,0.38,['IH_0457'],['不可移动文物'],official_resource_expansion
OFF_20260510_0380,远扬信芳黄公祠,官方资源扩展,不可移动文物,清代,尚未核定公布为文物保护单位的不可移动文物,广东省佛山市南海区大沥镇平地社区居委会涌边大街7号,大沥镇,113.156813,23.119746,poi_name_exact,0.94,['IH_0458'],['不可移动文物'],official_resource_expansion
OFF_20260510_0381,大榄洪圣古庙,官方资源扩展,不可移动文物,"明代,清代",尚未核定公布为文物保护单位的不可移动文物,广东省佛山市南海区狮山镇大榄社区居委会大榄四村向阳旧区北五巷18号,狮山镇,113.014767,23.205924,poi_name_fuzzy,0.84,['IH_0459'],['不可移动文物'],official_resource_expansion
OFF_20260510_0382,圣堂何氏宗祠,官方资源扩展,不可移动文物,清代,尚未核定公布为文物保护单位的不可移动文物,广东省佛山市南海区桂城街道叠南社区居委会圣堂村127号,桂城街道,112.961625,22.967047,poi_name_fuzzy,0.84,['IH_0460'],['不可移动文物'],official_resource_expansion
OFF_20260510_0383,古山黄公祠,官方资源扩展,不可移动文物,清代,尚未核定公布为文物保护单位的不可移动文物,广东省佛山市南海区大沥镇平地社区居委会平地北社涌边大街1号,大沥镇,113.156998,23.120282,poi_name_exact,0.94,['IH_0461'],['不可移动文物'],official_resource_expansion
OFF_20260510_0384,大榄澄江邓公祠,官方资源扩展,不可移动文物,清代,尚未核定公布为文物保护单位的不可移动文物,广东省佛山市南海区狮山镇大榄社区居委会大榄二村1号北侧,狮山镇,113.030542,23.122685,address_token_centroid,0.72,['IH_0462'],['不可移动文物'],official_resource_expansion
OFF_20260510_0385,西樵山山南古道,官方资源扩展,不可移动文物,明代,尚未核定公布为文物保护单位的不可移动文物,广东省佛山市南海区西樵镇东碧社区居委会云谷村蜘蛛峰南麓（云门石刻至冬菇石段）,西樵镇,112.960715,22.935872,address_token_centroid,0.72,['IH_0463'],['不可移动文物'],official_resource_expansion
OFF_20260510_0386,云谷书院遗址,官方资源扩展,不可移动文物,明代,尚未核定公布为文物保护单位的不可移动文物,广东省佛山市南海区西樵镇东碧社区居委会云谷村大科峰南侧的天峰东南麓，,西樵镇,112.975282,22.922947,poi_name_fuzzy,0.84,['IH_0464'],['不可移动文物'],official_resource_expansion
OFF_20260510_0387,西岸关氏家族墓,官方资源扩展,不可移动文物,"宋辽西夏金元,明代,清代",尚未核定公布为文物保护单位的不可移动文物,广东省佛山市南海区西樵镇西岸社区居委会银坑村白虎山北麓,西樵镇,112.935322,22.941121,town_representative_point,0.38,['IH_0465'],['不可移动文物'],official_resource_expansion
OFF_20260510_0388,云门摩崖石刻,官方资源扩展,不可移动文物,明代,市级和县级文物保护单位,广东省佛山市南海区西樵镇东碧社区居委会云谷村蜘蛛峰南麓,西樵镇,112.975743,22.932326,poi_name_fuzzy,0.84,['IH_0466'],['不可移动文物'],official_resource_expansion
OFF_20260510_0389,竹径关氏始祖墓,官方资源扩展,不可移动文物,"宋辽西夏金元,明代",尚未核定公布为文物保护单位的不可移动文物,广东省佛山市南海区丹灶镇良登村委会竹径村关氏大宗祠西南约63米后山东北麓,丹灶镇,112.92091,23.06365,town_representative_point,0.38,['IH_0467'],['不可移动文物'],official_resource_expansion
OFF_20260510_0390,坎北胡氏宗祠,官方资源扩展,不可移动文物,清代,尚未核定公布为文物保护单位的不可移动文物,广东省佛山市南海区大沥镇沥北社区居委会坎北村北约大街1号,大沥镇,113.133419,23.180881,poi_name_fuzzy,0.84,['IH_0468'],['不可移动文物'],official_resource_expansion
OFF_20260510_0391,大步农会旧址（汪氏宗祠联胜堂）,官方资源扩展,不可移动文物,近现代,尚未核定公布为文物保护单位的不可移动文物,广东省佛山市南海区里水镇大步社区居委会冲口村9号,里水镇,113.138868,23.223757,town_representative_point,0.38,['IH_0469'],['不可移动文物'],official_resource_expansion
OFF_20260510_0392,桐坡黄公祠,官方资源扩展,不可移动文物,清代,尚未核定公布为文物保护单位的不可移动文物,广东省佛山市南海区大沥镇平地社区居委会平地村北溪大街7号,大沥镇,113.145463,23.118352,town_representative_point,0.38,['IH_0470'],['不可移动文物'],official_resource_expansion
OFF_20260510_0393,茶基华陀古庙,官方资源扩展,不可移动文物,清代,尚未核定公布为文物保护单位的不可移动文物,广东省佛山市南海区桂城街道叠南社区居委会茶基村25号,桂城街道,113.15563,23.044054,address_token_centroid,0.72,['IH_0471'],['不可移动文物'],official_resource_expansion
OFF_20260510_0394,成刚何公祠,官方资源扩展,不可移动文物,清代,尚未核定公布为文物保护单位的不可移动文物,广东省佛山市南海区桂城街道叠南社区茶基村168号,桂城街道,113.15563,23.044054,address_token_centroid,0.72,['IH_0472'],['不可移动文物'],official_resource_expansion
OFF_20260510_0395,大石二圣古庙,官方资源扩展,不可移动文物,清代,尚未核定公布为文物保护单位的不可移动文物,广东省佛山市南海区里水镇大石社区居委会岗头顶半山脚南麓,里水镇,113.127923,23.197143,poi_name_fuzzy,0.84,['IH_0473'],['不可移动文物'],official_resource_expansion
OFF_20260510_0396,官窑同人善堂,官方资源扩展,不可移动文物,近现代,尚未核定公布为文物保护单位的不可移动文物,广东省佛山市南海区狮山镇驿园社区振兴路即官窑生菜会会馆侧,狮山镇,113.030542,23.122685,address_token_centroid,0.72,['IH_0474'],['不可移动文物'],official_resource_expansion
OFF_20260510_0397,罗文俊（邨）墓,官方资源扩展,不可移动文物,清代,尚未核定公布为文物保护单位的不可移动文物,广东省佛山市南海区狮山镇大浩湖社区广佛新世界庄园35号地内,狮山镇,113.050936,23.103518,address_token_centroid,0.62,['IH_0475'],['不可移动文物'],official_resource_expansion
OFF_20260510_0398,黄少强先生墓园,官方资源扩展,不可移动文物,近现代,尚未核定公布为文物保护单位的不可移动文物,广东省佛山市南海区狮山镇吴屋村委会东风水库田螺打露岗,狮山镇,113.030542,23.122685,address_token_centroid,0.72,['IH_0476'],['不可移动文物'],official_resource_expansion
OFF_20260510_0399,俊宇何公祠,官方资源扩展,不可移动文物,清代,尚未核定公布为文物保护单位的不可移动文物,广东省佛山市南海区桂城街道叠南社区居委会茶基村169号,桂城街道,113.118242,23.05601,poi_name_exact,0.94,['IH_0477'],['不可移动文物'],official_resource_expansion
OFF_20260510_0400,药轩黄公祠,官方资源扩展,不可移动文物,清代,尚未核定公布为文物保护单位的不可移动文物,广东省佛山市南海区大沥镇社区居委会平地村文明路,大沥镇,113.153779,23.119553,poi_name_exact,0.94,['IH_0478'],['不可移动文物'],official_resource_expansion
OFF_20260510_0401,罗南鬼楼庄,官方资源扩展,不可移动文物,近现代,尚未核定公布为文物保护单位的不可移动文物,广东省佛山市南海区狮山镇罗村社区罗东村祠七巷1一6,狮山镇,113.030542,23.122685,address_token_centroid,0.72,['IH_0479'],['不可移动文物'],official_resource_expansion
OFF_20260510_0402,南浦炮楼,官方资源扩展,不可移动文物,近现代,尚未核定公布为文物保护单位的不可移动文物,广东省佛山市南海区狮山镇南浦村委会北向村,狮山镇,113.030542,23.122685,address_token_centroid,0.72,['IH_0480'],['不可移动文物'],official_resource_expansion
OFF_20260510_0403,张玉铉墓,官方资源扩展,不可移动文物,宋辽西夏金元,尚未核定公布为文物保护单位的不可移动文物,广东省佛山市南海区九江镇南方社区居委会芙蓉岗西南麓,九江镇,112.959097,22.865251,town_representative_point,0.38,['IH_0481'],['不可移动文物'],official_resource_expansion
OFF_20260510_0404,学正黄氏大宗祠,官方资源扩展,不可移动文物,"明代,清代",尚未核定公布为文物保护单位的不可移动文物,广东省佛山市南海区大沥镇平地社区居委会东约村学正1号,大沥镇,113.021404,23.062956,poi_name_fuzzy,0.84,['IH_0482'],['不可移动文物'],official_resource_expansion
OFF_20260510_0405,南海平面岗遗址,官方资源扩展,不可移动文物,"旧石器时代,新石器时代",尚未核定公布为文物保护单位的不可移动文物,广东省佛山市南海区西樵镇显岗社区居委会富贤村西北部平面岗新晖锦鲤场北侧,西樵镇,112.935322,22.941121,town_representative_point,0.38,['IH_0483'],['不可移动文物'],official_resource_expansion
OFF_20260510_0406,金山公园窑址,官方资源扩展,不可移动文物,"隋唐五代十国,宋辽西夏金元",尚未核定公布为文物保护单位的不可移动文物,广东省佛山市南海区里水镇瑶头村金山公园西北部,里水镇,113.097409,23.249307,poi_name_fuzzy,0.84,['IH_0484'],['不可移动文物'],official_resource_expansion
OFF_20260510_0407,佛山市南海区玄憬龙博物馆,官方资源扩展,博物馆,,非国有,佛山市南海区九江镇梅圳中和村正路坊95号,九江镇,112.997034,22.860525,poi_name_exact,0.94,['MUS_0001'],['博物馆'],official_resource_expansion
OFF_20260510_0408,九江双蒸博物馆,官方资源扩展,博物馆,,非国有,佛山市南海区九江镇惠民路12号,九江镇,113.026582,22.812498,poi_name_exact,0.94,['MUS_0002'],['博物馆'],official_resource_expansion
OFF_20260510_0409,凯仕乐医疗保健器械养生博物馆,官方资源扩展,博物馆,,非国有,佛山市南海区九江镇奇腾路13号,九江镇,113.015378,22.835029,address_token_centroid,0.62,['MUS_0003'],['博物馆'],official_resource_expansion
OFF_20260510_0410,九江侨乡博物馆,官方资源扩展,博物馆,,国有,南海区九江镇人民路40号,九江镇,113.018104,22.833302,poi_name_exact,0.94,['MUS_0004'],['博物馆'],official_resource_expansion
OFF_20260510_0411,汤南私塾博物馆,官方资源扩展,博物馆,,非国有,南海区里水镇和顺汤村汤南古村,里水镇,113.132076,23.291646,poi_name_exact,0.94,['MUS_0005'],['博物馆'],official_resource_expansion
OFF_20260510_0412,佛山市南海区楚天黄科举匾额文化博物馆,官方资源扩展,博物馆,,非国有,广东省佛山市南海区沿江北路25号,里水镇,113.125697,23.254608,address_token_centroid,0.72,['MUS_0006'],['博物馆'],official_resource_expansion
OFF_20260510_0413,广东大观博物馆,官方资源扩展,博物馆,,非国有/二级,广东省佛山市南海区广东金融高新区灯湖西路28号,桂城街道,113.145968,23.049718,poi_name_exact,0.94,['MUS_0007'],['博物馆'],official_resource_expansion
OFF_20260510_0414,佛山市岭南金融博物馆,官方资源扩展,博物馆,,非国有/二级,佛山市南海区桂城街道灯湖东路26号,桂城街道,113.148703,23.064166,poi_name_fuzzy,0.84,['MUS_0008'],['博物馆'],official_resource_expansion
OFF_20260510_0415,南海区博物馆,官方资源扩展,博物馆,,国有/二级,广东省佛山市南海区西樵镇西樵山南门入口处东侧,西樵镇,112.935322,22.941121,town_representative_point,0.38,['MUS_0009'],['博物馆'],official_resource_expansion
OFF_20260510_0416,福厚博物馆,官方资源扩展,博物馆,,非国有,"佛山市南海区西樵镇上金瓯松塘村
文昌圩23号（临时地址）",西樵镇,112.914431,22.985394,poi_name_exact,0.94,['MUS_0010'],['博物馆'],official_resource_expansion
OFF_20260510_0417,佛山市南海区宇森口腔器材博物馆,官方资源扩展,博物馆,,非国有,南海区狮山镇罗村新光源产业基地光明大道17号,狮山镇,113.0455,23.061944,address_token_centroid,0.72,['MUS_0011'],['博物馆'],official_resource_expansion
OFF_20260510_0418,桑园围,官方资源扩展,灌溉遗产,,世界级,桑园围,西樵镇,112.935322,22.941121,town_representative_point,0.38,['HC_0001'],['灌溉遗产'],official_resource_expansion
OFF_20260510_0419,西樵镇简村,官方资源扩展,历史文化名村；特色古村落,,市级（34处）；省 级 6个,西樵镇简村,西樵镇,112.963901,22.952089,existing_anchor_fuzzy,0.88,"['HC_0004', 'HC_0074']","['历史文化名村', '特色古村落']",official_resource_expansion
OFF_20260510_0420,大沥镇璜溪村,官方资源扩展,传统村落；历史文化名村,,广东省传统村落（10个）；省 级 6个,大沥镇璜溪村,大沥镇,113.095101,23.114732,address_token_centroid,0.72,"['HC_0009', 'HC_0027']","['传统村落', '历史文化名村']",official_resource_expansion
OFF_20260510_0421,桂城街道茶基村,官方资源扩展,传统村落；特色古村落,,中国传统村落（8个）；市级（34处）,桂城街道茶基村,桂城街道,113.15563,23.044054,address_token_centroid,0.72,"['HC_0011', 'HC_0075']","['传统村落', '特色古村落']",official_resource_expansion
OFF_20260510_0422,九江镇烟南烟桥村,官方资源扩展,传统村落；特色古村落,,中国传统村落（8个）；市级（34处）,九江镇烟南烟桥村,九江镇,112.959574,22.872088,address_token_centroid,0.62,"['HC_0012', 'HC_0067']","['传统村落', '特色古村落']",official_resource_expansion
OFF_20260510_0423,狮山镇高边社区璜溪村,官方资源扩展,传统村落,,中国传统村落（8个）,狮山镇高边社区璜溪村,狮山镇,113.088838,23.116726,address_token_centroid,0.62,['HC_0014'],['传统村落'],official_resource_expansion
OFF_20260510_0424,狮山镇狮岭村黎边村,官方资源扩展,传统村落,,中国传统村落（8个）,狮山镇狮岭村黎边村,狮山镇,113.030542,23.122685,address_token_centroid,0.72,['HC_0015'],['传统村落'],official_resource_expansion
OFF_20260510_0425,里水镇汤村村汤南村,官方资源扩展,传统村落,,中国传统村落（8个）,里水镇汤村村汤南村,里水镇,113.138868,23.223757,town_representative_point,0.38,['HC_0016'],['传统村落'],official_resource_expansion
OFF_20260510_0426,里水镇赤山村赤山村,官方资源扩展,传统村落,,中国传统村落（8个）,里水镇赤山村赤山村,里水镇,113.134628,23.216031,address_token_centroid,0.62,['HC_0017'],['传统村落'],official_resource_expansion
OFF_20260510_0427,里水镇汤南村,官方资源扩展,传统村落；特色古村落,,市级（34处）；广东省传统村落（10个）,里水镇汤南村,里水镇,113.130342,23.291148,address_token_centroid,0.62,"['HC_0023', 'HC_0068']","['传统村落', '特色古村落']",official_resource_expansion
OFF_20260510_0428,里水镇孔西村,官方资源扩展,传统村落；特色古村落,,市级（34处）；广东省传统村落（10个）,里水镇孔西村,里水镇,113.138868,23.223757,town_representative_point,0.38,"['HC_0024', 'HC_0088']","['传统村落', '特色古村落']",official_resource_expansion
OFF_20260510_0429,桂城街道江头村,官方资源扩展,传统村落；特色古村落,,市级（34处）；广东省传统村落（10个）,桂城街道江头村,桂城街道,113.15563,23.044054,address_token_centroid,0.72,"['HC_0025', 'HC_0070']","['传统村落', '特色古村落']",official_resource_expansion
OFF_20260510_0430,西樵白云洞街区,官方资源扩展,历史文化街区,,省 级 3片,西樵白云洞街区,西樵镇,112.965114,22.943985,address_token_centroid,0.62,['HC_0028'],['历史文化街区'],official_resource_expansion
OFF_20260510_0431,九江烟桥街区,官方资源扩展,历史文化街区,,省 级 3片,九江烟桥街区,九江镇,112.959097,22.865251,town_representative_point,0.38,['HC_0029'],['历史文化街区'],official_resource_expansion
OFF_20260510_0432,狮山小塘黎边街区,官方资源扩展,历史文化街区,,省 级 3片,狮山小塘黎边街区,狮山镇,113.030542,23.122685,address_token_centroid,0.72,['HC_0030'],['历史文化街区'],official_resource_expansion
OFF_20260510_0433,桂城街道永胜河北书院,官方资源扩展,历史建筑名录,,市级（34处）,桂城街道永胜河北书院,桂城街道,113.166559,23.061517,poi_name_fuzzy,0.84,['HC_0031'],['历史建筑名录'],official_resource_expansion
OFF_20260510_0434,桂城街道黎述绪宅,官方资源扩展,历史建筑名录,,市级（34处）,桂城街道黎述绪宅,桂城街道,113.160287,23.058857,poi_name_fuzzy,0.84,['HC_0032'],['历史建筑名录'],official_resource_expansion
OFF_20260510_0435,桂城街道临溪何公祠,官方资源扩展,历史建筑名录,,市级（34处）,桂城街道临溪何公祠,桂城街道,113.175531,23.06409,poi_name_exact,0.94,['HC_0033'],['历史建筑名录'],official_resource_expansion
OFF_20260510_0436,桂城街道瑞庭唐公祠,官方资源扩展,历史建筑名录,,市级（34处）,桂城街道瑞庭唐公祠,桂城街道,113.152094,23.028992,poi_name_exact,0.94,['HC_0034'],['历史建筑名录'],official_resource_expansion
OFF_20260510_0437,桂城街道东二水月宫,官方资源扩展,历史建筑名录,,市级（34处）,桂城街道东二水月宫,桂城街道,113.15347,23.027811,poi_name_exact,0.94,['HC_0035'],['历史建筑名录'],official_resource_expansion
OFF_20260510_0438,桂城街道西河林氏大宗祠,官方资源扩展,历史建筑名录,,市级（34处）,桂城街道西河林氏大宗祠,桂城街道,113.197454,23.039498,poi_name_fuzzy,0.84,['HC_0036'],['历史建筑名录'],official_resource_expansion
OFF_20260510_0439,狮山镇总排吴氏宗祠,官方资源扩展,历史建筑名录,,市级（34处）,狮山镇总排吴氏宗祠,狮山镇,112.945955,23.090041,poi_name_fuzzy,0.84,['HC_0037'],['历史建筑名录'],official_resource_expansion
OFF_20260510_0440,狮山镇罗南杨氏大宗祠,官方资源扩展,历史建筑名录,,市级（34处）,狮山镇罗南杨氏大宗祠,狮山镇,112.902931,23.131969,poi_name_fuzzy,0.84,['HC_0038'],['历史建筑名录'],official_resource_expansion
OFF_20260510_0441,狮山镇上柏黄氏大宗祠,官方资源扩展,历史建筑名录,,市级（34处）,狮山镇上柏黄氏大宗祠,狮山镇,113.021404,23.062956,poi_name_fuzzy,0.84,['HC_0039'],['历史建筑名录'],official_resource_expansion
OFF_20260510_0442,狮山真下柏黄氏大宗祠、声扬黄公祠、佛念黄公祠,官方资源扩展,历史建筑名录,,市级（34处）,狮山真下柏黄氏大宗祠、声扬黄公祠、佛念黄公祠,狮山镇,113.021404,23.062956,poi_name_fuzzy,0.84,['HC_0040'],['历史建筑名录'],official_resource_expansion
OFF_20260510_0443,狮山镇寨边李氏宗祠,官方资源扩展,历史建筑名录,,市级（34处）,狮山镇寨边李氏宗祠,狮山镇,112.99534,23.19254,poi_name_fuzzy,0.84,['HC_0041'],['历史建筑名录'],official_resource_expansion
OFF_20260510_0444,大沥镇白沙三堂书院,官方资源扩展,历史建筑名录,,市级（34处）,大沥镇白沙三堂书院,大沥镇,113.205271,23.132094,poi_name_fuzzy,0.84,['HC_0042'],['历史建筑名录'],official_resource_expansion
OFF_20260510_0445,大沥镇杏花桥,官方资源扩展,历史建筑名录,,市级（34处）,大沥镇杏花桥,大沥镇,113.145463,23.118352,town_representative_point,0.38,['HC_0043'],['历史建筑名录'],official_resource_expansion
OFF_20260510_0446,大沥镇学正黄氏大宗祠,官方资源扩展,历史建筑名录,,市级（34处）,大沥镇学正黄氏大宗祠,大沥镇,113.021404,23.062956,poi_name_fuzzy,0.84,['HC_0044'],['历史建筑名录'],official_resource_expansion
OFF_20260510_0447,狮山镇大圃叶氏大宗祠,官方资源扩展,历史建筑名录,,市级（34处）,狮山镇大圃叶氏大宗祠,狮山镇,113.134857,23.100348,poi_name_fuzzy,0.84,['HC_0045'],['历史建筑名录'],official_resource_expansion
OFF_20260510_0448,里水镇草场黄氏宗祠,官方资源扩展,历史建筑名录,,市级（34处）,里水镇草场黄氏宗祠,里水镇,113.105668,23.206358,poi_name_fuzzy,0.84,['HC_0046'],['历史建筑名录'],official_resource_expansion
OFF_20260510_0449,里水镇彭耀祖宅,官方资源扩展,历史建筑名录,,市级（34处）,里水镇彭耀祖宅,里水镇,113.138868,23.223757,town_representative_point,0.38,['HC_0047'],['历史建筑名录'],official_resource_expansion
OFF_20260510_0450,里水镇河村吴氏宗祠,官方资源扩展,历史建筑名录,,市级（34处）,里水镇河村吴氏宗祠,里水镇,112.945955,23.090041,poi_name_fuzzy,0.84,['HC_0048'],['历史建筑名录'],official_resource_expansion
OFF_20260510_0451,丹灶镇下安简氏大宗祠,官方资源扩展,历史建筑名录,,市级（34处）,丹灶镇下安简氏大宗祠,丹灶镇,112.92091,23.06365,town_representative_point,0.38,['HC_0050'],['历史建筑名录'],official_resource_expansion
OFF_20260510_0452,丹灶镇澹浦陈公祠,官方资源扩展,历史建筑名录,,市级（34处）,丹灶镇澹浦陈公祠,丹灶镇,112.90668,23.019927,poi_name_exact,0.94,['HC_0051'],['历史建筑名录'],official_resource_expansion
OFF_20260510_0453,丹灶镇仙岗俭堂大夫祠,官方资源扩展,历史建筑名录,,市级（34处）,丹灶镇仙岗俭堂大夫祠,丹灶镇,112.92091,23.06365,town_representative_point,0.38,['HC_0052'],['历史建筑名录'],official_resource_expansion
OFF_20260510_0454,大沥镇荔庄高厅,官方资源扩展,历史建筑名录,,市级（34处）,大沥镇荔庄高厅,大沥镇,113.145463,23.118352,town_representative_point,0.38,['HC_0053'],['历史建筑名录'],official_resource_expansion
OFF_20260510_0455,大沥镇善籔吴公祠,官方资源扩展,历史建筑名录,,市级（34处）,大沥镇善籔吴公祠,大沥镇,113.145463,23.118352,town_representative_point,0.38,['HC_0054'],['历史建筑名录'],official_resource_expansion
OFF_20260510_0456,大沥镇吴氏昌隆家族旧屋,官方资源扩展,历史建筑名录,,市级（34处）,大沥镇吴氏昌隆家族旧屋,大沥镇,113.145463,23.118352,town_representative_point,0.38,['HC_0055'],['历史建筑名录'],official_resource_expansion
OFF_20260510_0457,大沥镇钟氏宗祠,官方资源扩展,历史建筑名录,,市级（34处）,大沥镇钟氏宗祠,大沥镇,113.043204,23.03564,poi_name_exact,0.94,['HC_0056'],['历史建筑名录'],official_resource_expansion
OFF_20260510_0458,大沥镇福聚钟公祠,官方资源扩展,历史建筑名录,,市级（34处）,大沥镇福聚钟公祠,大沥镇,113.124688,23.1152,poi_name_exact,0.94,['HC_0057'],['历史建筑名录'],official_resource_expansion
OFF_20260510_0459,大沥镇桐坡黄公祠,官方资源扩展,历史建筑名录,,市级（34处）,大沥镇桐坡黄公祠,大沥镇,113.145463,23.118352,town_representative_point,0.38,['HC_0058'],['历史建筑名录'],official_resource_expansion
OFF_20260510_0460,大沥镇药轩黄公祠,官方资源扩展,历史建筑名录,,市级（34处）,大沥镇药轩黄公祠,大沥镇,113.153779,23.119553,poi_name_exact,0.94,['HC_0059'],['历史建筑名录'],official_resource_expansion
OFF_20260510_0461,大沥镇古山黄公祠,官方资源扩展,历史建筑名录,,市级（34处）,大沥镇古山黄公祠,大沥镇,113.156998,23.120282,poi_name_exact,0.94,['HC_0060'],['历史建筑名录'],official_resource_expansion
OFF_20260510_0462,大沥镇远扬信芳黄公祠,官方资源扩展,历史建筑名录,,市级（34处）,大沥镇远扬信芳黄公祠,大沥镇,113.156813,23.119746,poi_name_exact,0.94,['HC_0061'],['历史建筑名录'],official_resource_expansion
OFF_20260510_0463,丹灶镇陈守邦宅,官方资源扩展,历史建筑名录,,市级（34处）,丹灶镇陈守邦宅,丹灶镇,112.92091,23.06365,town_representative_point,0.38,['HC_0062'],['历史建筑名录'],official_resource_expansion
OFF_20260510_0464,桂城街道夏漖炮楼,官方资源扩展,历史建筑名录,,市级（34处）,桂城街道夏漖炮楼,桂城街道,113.15563,23.044054,address_token_centroid,0.72,['HC_0063'],['历史建筑名录'],official_resource_expansion
OFF_20260510_0465,桂城街道夏南一大队机电站,官方资源扩展,历史建筑名录,,市级（34处）,桂城街道夏南一大队机电站,桂城街道,113.15563,23.044054,address_token_centroid,0.72,['HC_0064'],['历史建筑名录'],official_resource_expansion
OFF_20260510_0466,西樵镇上金瓯松塘村,官方资源扩展,特色古村落,,市级（34处）,西樵镇上金瓯松塘村,西樵镇,112.911212,22.987006,address_token_centroid,0.72,['HC_0065'],['特色古村落'],official_resource_expansion
OFF_20260510_0467,桂城街道平东社区,官方资源扩展,特色古村落,,市级（34处）,桂城街道平东社区,桂城街道,113.212749,23.022104,poi_name_fuzzy,0.84,['HC_0069'],['特色古村落'],official_resource_expansion
OFF_20260510_0468,里水镇赤山村,官方资源扩展,特色古村落,,市级（34处）,里水镇赤山村,里水镇,113.134628,23.216031,address_token_centroid,0.62,['HC_0071'],['特色古村落'],official_resource_expansion
OFF_20260510_0469,里水镇宏岗村,官方资源扩展,特色古村落,,市级（34处）,里水镇宏岗村,里水镇,113.135808,23.22656,address_token_centroid,0.62,['HC_0072'],['特色古村落'],official_resource_expansion
OFF_20260510_0470,狮山镇璜溪村,官方资源扩展,特色古村落,,市级（34处）,狮山镇璜溪村,狮山镇,113.094883,23.113772,address_token_centroid,0.62,['HC_0076'],['特色古村落'],official_resource_expansion
OFF_20260510_0471,丹灶镇沙水村,官方资源扩展,特色古村落,,市级（34处）,丹灶镇沙水村,丹灶镇,112.92091,23.06365,town_representative_point,0.38,['HC_0077'],['特色古村落'],official_resource_expansion
OFF_20260510_0472,里水镇小布村,官方资源扩展,特色古村落,,市级（34处）,里水镇小布村,里水镇,113.126909,23.299799,address_token_centroid,0.62,['HC_0078'],['特色古村落'],official_resource_expansion
OFF_20260510_0473,狮山镇黎边村,官方资源扩展,特色古村落,,市级（34处）,狮山镇黎边村,狮山镇,113.030542,23.122685,address_token_centroid,0.72,['HC_0079'],['特色古村落'],official_resource_expansion
OFF_20260510_0474,丹灶镇银河苏村,官方资源扩展,特色古村落,,市级（34处）,丹灶镇银河苏村,丹灶镇,112.905461,23.021024,address_token_centroid,0.62,['HC_0081'],['特色古村落'],official_resource_expansion
OFF_20260510_0475,丹灶镇东联拾陈村,官方资源扩展,特色古村落,,市级（34处）,丹灶镇东联拾陈村,丹灶镇,112.92091,23.06365,town_representative_point,0.38,['HC_0082'],['特色古村落'],official_resource_expansion
OFF_20260510_0476,大沥镇凤东村,官方资源扩展,特色古村落,,市级（34处）,大沥镇凤东村,大沥镇,113.110649,23.115313,address_token_centroid,0.72,['HC_0083'],['特色古村落'],official_resource_expansion
OFF_20260510_0477,大沥镇凤西村,官方资源扩展,特色古村落,,市级（34处）,大沥镇凤西村,大沥镇,113.145463,23.118352,town_representative_point,0.38,['HC_0084'],['特色古村落'],official_resource_expansion
OFF_20260510_0478,大沥镇铁村,官方资源扩展,特色古村落,,市级（34处）,大沥镇铁村,大沥镇,113.11492,23.106886,address_token_centroid,0.72,['HC_0085'],['特色古村落'],official_resource_expansion
OFF_20260510_0479,大沥镇平地村,官方资源扩展,特色古村落,,市级（34处）,大沥镇平地村,大沥镇,113.158265,23.118451,address_token_centroid,0.72,['HC_0086'],['特色古村落'],official_resource_expansion
OFF_20260510_0480,大沥镇大镇村,官方资源扩展,特色古村落,,市级（34处）,大沥镇大镇村,大沥镇,113.145463,23.118352,town_representative_point,0.38,['HC_0087'],['特色古村落'],official_resource_expansion
OFF_20260510_0481,西樵镇儒溪村,官方资源扩展,特色古村落,,市级（34处）,西樵镇儒溪村,西樵镇,112.951841,22.909156,address_token_centroid,0.62,['HC_0089'],['特色古村落'],official_resource_expansion
OFF_20260510_0482,西樵镇柏山村,官方资源扩展,特色古村落,,市级（34处）,西樵镇柏山村,西樵镇,112.935322,22.941121,town_representative_point,0.38,['HC_0090'],['特色古村落'],official_resource_expansion
OFF_20260510_0483,丹灶镇东联水口村,官方资源扩展,特色古村落,,市级（34处）,丹灶镇东联水口村,丹灶镇,112.92091,23.06365,town_representative_point,0.38,['HC_0091'],['特色古村落'],official_resource_expansion
OFF_20260510_0484,丹灶镇东升上林村,官方资源扩展,特色古村落,,市级（34处）,丹灶镇东升上林村,丹灶镇,112.92091,23.06365,town_representative_point,0.38,['HC_0092'],['特色古村落'],official_resource_expansion
OFF_20260510_0485,狮山镇澎边村,官方资源扩展,特色古村落,,市级（34处）,狮山镇澎边村,狮山镇,113.030542,23.122685,address_token_centroid,0.72,['HC_0093'],['特色古村落'],official_resource_expansion
OFF_20260510_0486,狮山镇七甫村,官方资源扩展,特色古村落,,市级（34处）,狮山镇七甫村,狮山镇,113.030542,23.122685,address_token_centroid,0.72,['HC_0094'],['特色古村落'],official_resource_expansion
OFF_20260510_0487,狮山镇敏溪村,官方资源扩展,特色古村落,,市级（34处）,狮山镇敏溪村,狮山镇,113.030542,23.122685,address_token_centroid,0.72,['HC_0095'],['特色古村落'],official_resource_expansion
OFF_20260510_0488,大沥镇石步陈村,官方资源扩展,特色古村落,,市级（34处）,大沥镇石步陈村,大沥镇,113.145463,23.118352,town_representative_point,0.38,['HC_0096'],['特色古村落'],official_resource_expansion
OFF_20260510_0489,大沥镇颜边村,官方资源扩展,特色古村落,,市级（34处）,大沥镇颜边村,大沥镇,113.145463,23.118352,town_representative_point,0.38,['HC_0097'],['特色古村落'],official_resource_expansion
OFF_20260510_0490,里水镇大文教村,官方资源扩展,特色古村落,,市级（34处）,里水镇大文教村,里水镇,113.138868,23.223757,town_representative_point,0.38,['HC_0098'],['特色古村落'],official_resource_expansion
