id,name,anchor_type,sub_type,protection_level,town,lng,lat,cmi_raw_mentions,cmi,oai,poi_count_500m,avg_rating_500m,review_total_500m,thi,mi,mi_category,entity_hit_sample,poi_hit_sample
ANC_0001,云泉仙馆,不可移动文物,古建筑,省级文物保护单位,西樵镇,112.96566,22.932927,404.0,82.09,75.0,37,4.056,35,75.26,-3.29,核心耦合区,云泉仙馆|西樵山云泉仙馆|仙馆,西樵山风景名胜区-樵园公园|茶花园|天湖公园|西樵山-听音湖|白云洞风景区
ANC_0002,绮亭陈公祠,不可移动文物,古建筑,省级文物保护单位,nan,112.95341,22.945087,12.0,35.07,75.0,35,3.433,4,56.78,1.75,一般耦合区,绮亭陈公祠,佛山活体昆虫博物馆|简村社区村史馆|陈启沅纪念馆|简村西便文化楼|塘基队文化楼
ANC_0003,象林塔,不可移动文物,古建筑,省级文物保护单位,nan,112.963822,22.933414,0.0,0.0,75.0,74,4.089,22,77.53,40.03,空心景点区,,西樵山风景名胜区-樵园公园|茶花园|西樵山-听音湖|白云洞风景区|西樵山风景名胜区-观音庙
ANC_0004,西樵山采石场遗址,不可移动文物,古遗址,全国重点文物保护单位,nan,112.984834,22.919916,811.0,91.6,100.0,3,3.9,11,47.42,-48.38,沉睡潜力区,西樵山|西樵|樵山,云岩古寺|西樵环山花海|瞧溪谷西樵山亲水溪谷
ANC_0005,鱿鱼岗遗址,不可移动文物,古遗址,省级文物保护单位,nan,112.914946,22.957935,0.0,0.0,75.0,3,0.0,0,11.47,-26.03,一般耦合区,,读书驿站(西樵百西社区站)|大地公园|黎氏二世公祠
ANC_0006,南蛇岗遗址,不可移动文物,古遗址,省级文物保护单位,nan,112.995224,22.921764,0.0,0.0,75.0,0,0.0,0,0.0,-37.5,一般耦合区,,
ANC_0007,富贤遗址,不可移动文物,古遗址,省级文物保护单位,nan,112.99099,22.914314,0.0,0.0,75.0,1,4.5,1,30.28,-7.22,一般耦合区,,南山艺术馆
ANC_0008,佛子庙镇头遗址,不可移动文物,古遗址,省级文物保护单位,nan,112.961564,22.912037,2.0,15.02,75.0,2,4.0,1,31.51,-13.5,一般耦合区,佛子庙,宝莲寺|宝莲禅院
ANC_0009,火石迳遗址,不可移动文物,古遗址,省级文物保护单位,nan,112.997791,22.934179,0.0,0.0,75.0,7,3.7,1,38.34,0.84,一般耦合区,,读书驿站(西樵樵晖新城站)|胜利纪念亭|樵阳文化室|天天文化艺术教育中心|山根社区基层综合性文化服务中心
ANC_0010,锦岩遗址,不可移动文物,古遗址,省级文物保护单位,nan,112.972411,22.921564,2.0,15.02,75.0,32,3.7,18,67.6,22.59,空心景点区,锦岩,西樵山桃花源农家乐|四峰书院遗址|大科书院|九龙岩磨崖石刻|四方竹园
ANC_0011,四峰书院遗址,不可移动文物,古遗址,省级文物保护单位,nan,112.973856,22.91818,15.0,37.91,75.0,19,3.7,7,56.72,0.26,一般耦合区,四峰书院|书院|四峰,西樵山桃花源农家乐|四峰书院遗址|大科书院|九龙岩磨崖石刻|寺边分场
ANC_0012,霍韬夫人墓,不可移动文物,古墓葬,省级文物保护单位,nan,112.973859,22.918362,8.0,30.04,75.0,19,3.7,7,56.72,4.2,一般耦合区,霍韬,西樵山桃花源农家乐|四峰书院遗址|大科书院|九龙岩磨崖石刻|寺边分场
ANC_0013,宝峰胜处摩崖石刻,不可移动文物,石窟寺及石刻,省级文物保护单位,nan,112.980933,22.929502,2.0,15.02,75.0,6,4.1,7,49.74,4.73,一般耦合区,宝峰胜处,西樵山南海观音|傅氏宗祠|西樵山宝峰寺|四面佛|西樵山风景名胜区-财神庙
ANC_0014,奎光楼,不可移动文物,古建筑,市级文物保护单位,nan,112.964276,22.933947,11.0,33.98,50.0,71,4.089,21,76.85,34.86,空心景点区,奎光楼,西樵山风景名胜区-樵园公园|茶花园|西樵山-听音湖|白云洞风景区|西樵山风景名胜区-观音庙
ANC_0015,白云古寺,不可移动文物,古建筑,市级文物保护单位,nan,112.964364,22.933846,23.0,43.45,50.0,65,4.089,21,76.13,29.4,空心景点区,白云古寺|白云|古寺,西樵山风景名胜区-樵园公园|茶花园|西樵山-听音湖|白云洞风景区|西樵山风景名胜区-观音庙
ANC_0016,字祖庙,不可移动文物,古建筑,市级文物保护单位,nan,112.964474,22.933739,342.0,79.82,50.0,62,4.089,21,75.74,10.83,一般耦合区,祖庙|字祖庙,西樵山风景名胜区-樵园公园|茶花园|西樵山-听音湖|白云洞风景区|西樵山风景名胜区-观音庙
ANC_0017,龙母庙,不可移动文物,近现代重要史迹及代表性建筑,市级文物保护单位,nan,112.973519,22.939989,9.0,31.48,50.0,39,4.557,1,55.3,14.56,空心景点区,龙母庙,读书驿站(西樵文化中心站)(暂停营业)|南海农商银行(西樵支行)|僧道守云门|西樵成人文化技术学校|西樵山风景名胜区-天镇峰公园
ANC_0018,傅氏宗祠,不可移动文物,近现代重要史迹及代表性建筑,市级文物保护单位,nan,112.981742,22.925328,8.0,30.04,50.0,9,3.75,2,43.56,3.54,一般耦合区,宗祠|傅氏,傅氏宗祠|西樵山风景名胜区-财神庙|景良亭|天海亭|石屏风
ANC_0019,傅氏山庄南门,不可移动文物,近现代重要史迹及代表性建筑,市级文物保护单位,nan,112.98177,22.924819,2.0,15.02,50.0,9,3.75,2,43.56,11.05,空心景点区,傅氏,傅氏宗祠|西樵山风景名胜区-财神庙|景良亭|天海亭|石屏风
ANC_0020,敦义崇礼碉楼,不可移动文物,近现代重要史迹及代表性建筑,市级文物保护单位,nan,112.981371,22.928312,0.0,0.0,50.0,7,4.15,6,50.01,25.01,空心景点区,,西樵山南海观音|傅氏宗祠|西樵山宝峰寺|西樵山风景名胜区-财神庙|景良亭
ANC_0021,傅老榕旧居,不可移动文物,近现代重要史迹及代表性建筑,市级文物保护单位,nan,112.981371,22.928312,0.0,0.0,50.0,7,4.15,6,50.01,25.01,空心景点区,,西樵山南海观音|傅氏宗祠|西樵山宝峰寺|西樵山风景名胜区-财神庙|景良亭
ANC_0022,松塘世大夫家庙,不可移动文物,古建筑,市级文物保护单位,nan,112.907173,22.992616,4.0,22.01,50.0,1,0.0,2,14.29,-21.71,沉睡潜力区,松塘,铁军公园
ANC_0023,松塘东山祖祠,不可移动文物,古建筑,市级文物保护单位,nan,112.907173,22.992617,7.0,28.43,50.0,1,0.0,2,14.29,-24.93,沉睡潜力区,松塘|祖祠,铁军公园
ANC_0024,松塘汇川家塾,不可移动文物,古建筑,市级文物保护单位,nan,112.913162,22.986077,4.0,22.01,50.0,8,3.775,4,46.77,10.77,空心景点区,松塘,迎宾广场|佛山市南海区福厚博物馆|区梦觉故居|区梦觉生平事迹展陈馆|玉泉祖祠
ANC_0025,松塘见五大夫祠,不可移动文物,古建筑,市级文物保护单位,nan,112.913098,22.98617,4.0,22.01,50.0,8,3.775,4,46.77,10.77,空心景点区,松塘,迎宾广场|佛山市南海区福厚博物馆|区梦觉故居|区梦觉生平事迹展陈馆|玉泉祖祠
ANC_0026,松塘六世祖祠,不可移动文物,古建筑,市级文物保护单位,nan,112.912902,22.986592,7.0,28.43,50.0,8,3.775,4,46.77,7.56,一般耦合区,松塘|祖祠,迎宾广场|佛山市南海区福厚博物馆|区梦觉故居|区梦觉生平事迹展陈馆|玉泉祖祠
ANC_0027,松塘区氏宗祠,不可移动文物,古建筑,市级文物保护单位,nan,112.912902,22.986593,16.0,38.74,50.0,8,3.775,4,46.77,2.4,一般耦合区,宗祠|松塘|松塘区氏|区氏,迎宾广场|佛山市南海区福厚博物馆|区梦觉故居|区梦觉生平事迹展陈馆|玉泉祖祠
ANC_0028,松塘司马第,不可移动文物,古建筑,市级文物保护单位,nan,112.912902,22.986594,4.0,22.01,50.0,8,3.775,4,46.77,10.77,空心景点区,松塘,迎宾广场|佛山市南海区福厚博物馆|区梦觉故居|区梦觉生平事迹展陈馆|玉泉祖祠
ANC_0029,松塘甘井,不可移动文物,古建筑,市级文物保护单位,nan,112.910779,22.986061,4.0,22.01,50.0,10,3.775,6,51.05,15.05,空心景点区,松塘,迎宾广场|佛山市南海区福厚博物馆|区梦觉故居|区梦觉生平事迹展陈馆|玉泉祖祠
ANC_0030,松塘塘西六世祖祠,不可移动文物,古建筑,市级文物保护单位,nan,112.909578,22.986672,7.0,28.43,50.0,8,3.833,5,48.44,9.22,一般耦合区,松塘|祖祠,迎宾广场|区梦觉故居|区梦觉生平事迹展陈馆|玉泉祖祠|翘秀园
ANC_0031,松塘培元书舍,不可移动文物,古建筑,市级文物保护单位,nan,112.910275,22.985121,4.0,22.01,50.0,10,3.775,6,51.05,15.05,空心景点区,松塘,迎宾广场|佛山市南海区福厚博物馆|区梦觉故居|区梦觉生平事迹展陈馆|玉泉祖祠
ANC_0032,松塘太史第,不可移动文物,古建筑,市级文物保护单位,nan,112.912236,22.985299,7.0,28.43,50.0,8,3.775,4,46.77,7.56,一般耦合区,松塘|太史第,迎宾广场|佛山市南海区福厚博物馆|区梦觉故居|区梦觉生平事迹展陈馆|玉泉祖祠
ANC_0033,松塘翘秀园,不可移动文物,古建筑,市级文物保护单位,nan,112.910982,22.985446,4.0,22.01,50.0,10,3.775,6,51.05,15.05,空心景点区,松塘,迎宾广场|佛山市南海区福厚博物馆|区梦觉故居|区梦觉生平事迹展陈馆|玉泉祖祠
ANC_0034,区梦觉故居,不可移动文物,近现代重要史迹及代表性建筑,市级文物保护单位,nan,112.912594,22.985217,12.0,35.07,50.0,8,3.775,4,46.77,4.24,一般耦合区,区梦觉|区梦觉故居,迎宾广场|佛山市南海区福厚博物馆|区梦觉故居|区梦觉生平事迹展陈馆|玉泉祖祠
ANC_0035,西樵山紫姑井,不可移动文物,古建筑,市级文物保护单位,nan,112.976037,22.91698,813.0,91.63,50.0,11,3.1,6,48.9,-21.92,沉睡潜力区,西樵山|西樵|樵山|紫姑井,四峰书院遗址|九龙岩磨崖石刻|湛子讲学岩|湛子洞|青龙头
ANC_0036,西樵山仙姑亭,不可移动文物,古建筑,市级文物保护单位,nan,-1.7976931348623157e+308,-1.7976931348623157e+308,811.0,91.6,50.0,0,0.0,0,0.0,-70.8,沉睡潜力区,西樵山|西樵|樵山,
ANC_0037,西樵山蟹眼泉,不可移动文物,古建筑,市级文物保护单位,nan,112.980036,22.931352,811.0,91.6,50.0,19,3.525,5,53.73,-17.07,沉睡潜力区,西樵山|西樵|樵山,西樵山宝峰寺|四面佛|西樵山风景名胜区-财神庙|龙须泉|西樵山风景名胜区-功德善祠
ANC_0038,西樵山无叶井,不可移动文物,古建筑,市级文物保护单位,nan,112.980731,22.928262,818.0,91.72,50.0,8,4.15,6,50.99,-19.87,沉睡潜力区,西樵山|西樵|无叶井|樵山,西樵山南海观音|傅氏宗祠|西樵山宝峰寺|西樵山风景名胜区-财神庙|景良亭
ANC_0039,西樵山百步云梯,不可移动文物,古建筑,市级文物保护单位,nan,112.981144,22.937175,813.0,91.63,50.0,23,4.4,13,65.56,-5.25,核心耦合区,西樵山|西樵|樵山|百步云梯,西樵镇-醒狮之乡|西樵山古遗址|西樵山文化娱乐广场|西樵山国家地质公园管理委员会|玉岩
ANC_0040,禄舟万寿堂,不可移动文物,古建筑,市级文物保护单位,nan,112.948687,22.922072,0.0,0.0,50.0,6,3.617,47,61.64,36.64,空心景点区,,黄飞鸿狮艺武术馆|关德兴纪念堂|黄有恒堂君璧纪念馆|黄君壁纪念馆|南海白眉武术馆
ANC_0041,百西潘氏大宗祠,不可移动文物,古建筑,市级文物保护单位,nan,112.920346,22.962484,27.0,45.56,50.0,1,3.8,1,27.3,-20.48,沉睡潜力区,潘氏|宗祠|潘氏大宗祠|大宗祠,村头村潘氏大宗祠
ANC_0042,湖山胜迹门楼,不可移动文物,古建筑,市级文物保护单位,nan,112.965363,22.933235,5.0,24.5,50.0,40,4.056,35,75.88,38.63,空心景点区,门楼,西樵山风景名胜区-樵园公园|茶花园|天湖公园|西樵山-听音湖|白云洞风景区
ANC_0043,小云亭,不可移动文物,古建筑,市级文物保护单位,nan,112.966142,22.932936,6.0,26.61,50.0,37,4.056,35,75.26,36.95,空心景点区,小云亭,西樵山风景名胜区-樵园公园|茶花园|天湖公园|西樵山-听音湖|白云洞风景区
ANC_0044,光分亭,不可移动文物,古建筑,市级文物保护单位,nan,112.962325,22.933011,0.0,0.0,50.0,83,4.0,21,77.74,52.74,空心景点区,,茶花园|白云洞风景区|西樵山风景名胜区-观音庙|樵山文化中心|西樵山白云古寺-客堂
ANC_0045,枕流亭,不可移动文物,古建筑,市级文物保护单位,nan,112.964888,22.932102,3.0,18.95,50.0,38,3.987,34,74.96,40.48,空心景点区,枕流亭,西樵山风景名胜区-樵园公园|茶花园|天湖公园|白云洞风景区|西樵山风景名胜区-观音庙
ANC_0046,吉水窦,不可移动文物,古建筑,市级文物保护单位,nan,112.96847,22.942825,8.0,30.04,50.0,60,4.245,16,74.13,34.11,空心景点区,吉水|吉水窦,佛子庙|五显古庙|西樵龙狮武术运动协会青联龙狮训练基地|郭伟湛咏春拳术总会|僧道守云门
ANC_0047,第弌洞天牌坊,不可移动文物,古建筑,市级文物保护单位,nan,112.964717,22.933533,10.0,32.79,50.0,50,4.089,21,73.99,32.6,空心景点区,牌坊|洞天,西樵山风景名胜区-樵园公园|茶花园|西樵山-听音湖|白云洞风景区|西樵山风景名胜区-观音庙
ANC_0048,铁屎墩冶炼遗址,不可移动文物,古遗址,市级文物保护单位,nan,112.922117,22.955526,0.0,0.0,50.0,4,0.0,0,13.31,-11.69,一般耦合区,,读书驿站(西樵百西社区站)|大地公园|大地塱文化楼|百西桥头
ANC_0049,李子长墓,不可移动文物,古墓葬,市级文物保护单位,nan,112.972752,22.922157,33.0,48.21,50.0,32,3.7,24,69.73,20.63,空心景点区,李子长|子长|李子长墓,西樵山桃花源农家乐|四峰书院遗址|大科书院|九龙岩磨崖石刻|四方竹园
ANC_0050,大科峰摩崖石刻,不可移动文物,石窟寺及石刻,市级文物保护单位,nan,112.977414,22.92249,19.0,40.96,50.0,16,0.0,0,23.43,-22.05,沉睡潜力区,大科峰|大科,大科书院|景良亭|天海亭|石屏风|湛子洞
ANC_0051,玉廪峰摩崖石刻,不可移动文物,石窟寺及石刻,市级文物保护单位,nan,112.960983,22.920861,0.0,0.0,50.0,0,0.0,0,0.0,-25.0,一般耦合区,,
ANC_0052,翠岩摩崖石刻,不可移动文物,石窟寺及石刻,市级文物保护单位,nan,112.980933,22.929502,0.0,0.0,50.0,6,4.1,7,49.74,24.74,空心景点区,,西樵山南海观音|傅氏宗祠|西樵山宝峰寺|四面佛|西樵山风景名胜区-财神庙
ANC_0053,白云洞摩崖石刻,不可移动文物,石窟寺及石刻,市级文物保护单位,nan,112.964912,22.933621,71.0,58.47,50.0,47,4.037,20,72.91,18.67,空心景点区,白云洞|白云,西樵山风景名胜区-樵园公园|茶花园|西樵山-听音湖|白云洞风景区|西樵山风景名胜区-观音庙
ANC_0054,九龙岩摩崖石刻,不可移动文物,石窟寺及石刻,市级文物保护单位,nan,112.977822,22.916936,2.0,15.02,50.0,6,3.1,1,34.68,2.17,一般耦合区,九龙岩,四峰书院遗址|三孔桥|石燕岩-休息亭|冬菇石|西樵环山花海
ANC_0055,冯夏威墓,不可移动文物,近现代重要史迹及代表性建筑,市级文物保护单位,nan,112.975303,22.940864,7.0,28.43,50.0,34,4.48,11,67.82,28.61,空心景点区,冯夏威|夏威,读书驿站(西樵文化中心站)(暂停营业)|南海农商银行(西樵支行)|西樵镇-醒狮之乡|西樵成人文化技术学校|日月星文化艺术中心
ANC_0056,西樵山抗日阵亡将士暨死难同胞纪念碑,不可移动文物,近现代重要史迹及代表性建筑,市级文物保护单位,nan,112.981405,22.934668,813.0,91.63,50.0,20,4.383,13,64.39,-6.43,核心耦合区,西樵山|西樵|樵山|抗日阵亡将士暨死难同胞纪念碑,西樵镇-醒狮之乡|四面佛|西樵山古遗址|玉岩|碧玉洞
ANC_0057,康有为故居,不可移动文物,近现代重要史迹及代表性建筑,全国重点文物保护单位,丹灶镇,112.905461,23.021024,1500.0,100.0,100.0,11,4.2,3,49.22,-50.78,沉睡潜力区,康有为|康有为故居,康有为博物馆|康有为纪念馆(暂停开放)|良登村罗氏大宗祠|良登村罗氏仲房祠|澹浦陈公祠
ANC_0058,方献夫墓,不可移动文物,古墓葬,省级文物保护单位,nan,112.915719,23.027375,38.0,50.09,75.0,3,3.6,1,32.18,-30.36,沉睡潜力区,方献夫,方献夫纪念馆|竹径村文化馆|良登村牌坊
ANC_0059,仙迹丹泉,不可移动文物,古建筑,省级文物保护单位,nan,112.886577,23.039443,1.0,9.48,75.0,3,3.533,3,37.3,-4.94,一般耦合区,仙迹丹泉,仙岗村村史馆|陈洲亲子美术馆|葛仙遗迹
ANC_0060,南沙陈氏宗祠,不可移动文物,古建筑,市级文物保护单位,nan,112.905606,23.131102,28.0,46.04,50.0,4,0.0,0,13.31,-34.71,沉睡潜力区,陈氏|陈氏宗祠|宗祠|南沙,杨氏大宗祠|廷耀陈公祠|丹灶(南沙百塔双润水店)|東明祖祠
ANC_0061,沙水翰林步头,不可移动文物,古建筑,市级文物保护单位,nan,112.928208,23.057435,0.0,0.0,50.0,17,0.0,0,23.91,-1.09,一般耦合区,,翰林湖农业公园-小卖部|翰林花海|翰林湖农业公园P2停车场(出口)|翰林湖农业公园P2生态停车场(入口)|翰林湖农业公园P1停车场
ANC_0062,阴骘井,不可移动文物,古建筑,市级文物保护单位,nan,112.886543,23.040686,0.0,0.0,50.0,3,3.533,3,37.3,12.3,空心景点区,,仙岗村村史馆|陈洲亲子美术馆|葛仙遗迹
ANC_0063,贞烈牌坊,不可移动文物,古建筑,市级文物保护单位,nan,112.883872,23.04674,8.0,30.04,50.0,3,3.9,1,33.46,-6.56,一般耦合区,牌坊,康有为书法艺术院|烧番塔广场|仙岗村名人馆
ANC_0064,东联吴氏大宗祠,不可移动文物,古建筑,市级文物保护单位,nan,112.945996,23.089986,11.0,33.98,50.0,1,3.7,2,30.03,-11.95,沉睡潜力区,宗祠|大宗祠|吴氏大宗祠,吴氏宗祠
ANC_0065,恒德徐公祠,不可移动文物,古建筑,市级文物保护单位,nan,112.931257,23.089846,0.0,0.0,50.0,6,4.05,2,41.88,16.88,空心景点区,,祖盛徐公祠|八甲公园|五甲文化楼|恒德徐公祠|溏边文化馆
ANC_0066,通心岗遗址,不可移动文物,古遗址,市级文物保护单位,nan,112.915658,23.018911,0.0,0.0,50.0,3,3.2,2,33.64,8.64,一般耦合区,,良登村史馆|通心岗遗址|中铁大桥局集团有限公司季华路西延线工程项目经理部
ANC_0067,方道隆墓,不可移动文物,古墓葬,市级文物保护单位,nan,112.921503,23.025526,3.0,18.95,50.0,0,0.0,0,0.0,-34.48,沉睡潜力区,方道隆|方道隆墓,
ANC_0068,崔氏大宗祠,不可移动文物,古建筑,省级文物保护单位,九江镇,113.029806,22.91457,10.0,32.79,75.0,9,4.25,2,45.69,-8.21,一般耦合区,宗祠|大宗祠|崔氏大宗祠,沙头文体公园|黄佰祥武术馆|粤韵观赏鱼|圣母殿|龙一村文化楼
ANC_0069,九江吴家大院,不可移动文物,近现代重要史迹及代表性建筑,省级文物保护单位,nan,113.017758,22.833102,159.0,69.39,75.0,22,3.743,17,64.37,-7.82,核心耦合区,九江,红棉公园|吴家大院|九江侨乡博物馆|卓弘艺术空间|九江自助图书馆(儒林东路)(暂停营业)
ANC_0070,良二千石牌坊,不可移动文物,古建筑,省级文物保护单位,nan,113.003731,22.837996,13.0,36.08,75.0,36,3.5,0,44.76,-10.78,一般耦合区,牌坊|石牌坊,九江镇下西上基文化楼|佛山市始一书院|好万家购物广场(九江店)|伊蕾名店(好万家购物广场东南)|摩登米兰购物广场
ANC_0071,慈悲宫牌坊,不可移动文物,古建筑,省级文物保护单位,nan,113.003815,22.845895,8.0,30.04,75.0,39,4.1,1,53.36,0.83,一般耦合区,牌坊,探花公园|新东方文化辅导园|蓝图文化中心|方太(九江国美信基广场店)|威力斯健身(信基广场店)
ANC_0072,烟桥何氏大宗祠,不可移动文物,古建筑,省级文物保护单位,nan,112.959574,22.872088,39.0,50.44,75.0,7,4.1,12,54.62,-8.1,核心耦合区,何氏|烟桥|烟桥何氏|宗祠|大宗祠|何氏大宗祠,烟南古村|烟桥古村|烟南南水村吴氏宗祠|何晃钊故居|烟桥村道与龙高路辅路交叉口
ANC_0073,上东岑局楼,不可移动文物,近现代重要史迹及代表性建筑,市级文物保护单位,nan,113.03,22.83,0.0,0.0,50.0,4,3.9,1,35.31,10.31,空心景点区,,九江上东小学|腾滘大社|上东三村路与大谷观音堂路交叉口|大谷观音堂路
ANC_0074,探花桥,不可移动文物,古建筑,市级文物保护单位,nan,113.0,22.85,6.0,26.61,50.0,3,0.0,0,11.47,-26.84,沉睡潜力区,探花桥|探花,慈悲宫牌坊|探花公园(东北门)|佛山市南海区九江镇下西社区桑蚕文化体验馆
ANC_0075,魁星塔,不可移动文物,古建筑,市级文物保护单位,nan,113.023983,22.841656,0.0,0.0,50.0,12,0.0,0,21.21,-3.79,一般耦合区,,红桥文化楼|红桥大厦|红桥B座|红桥大厦停车场(出入口)|红桥大厦停车场
ANC_0076,三元桥,不可移动文物,古建筑,市级文物保护单位,nan,113.017604,22.829592,4.0,22.01,50.0,18,3.725,18,63.14,27.13,空心景点区,三元桥,红棉公园|吴家大院|九江侨乡博物馆|卓弘艺术空间|儒林历史文化陈列馆
ANC_0077,破排角遗址,不可移动文物,古遗址,市级文物保护单位,nan,113.037232,22.814643,2.0,15.02,50.0,1,4.1,1,28.58,-3.93,一般耦合区,破排角遗址,沙口公园
ANC_0078,冯氏家族墓,不可移动文物,古墓葬,市级文物保护单位,nan,113.030182,22.910187,5.0,24.5,50.0,13,0.0,0,21.83,-15.42,沉睡潜力区,冯氏,水南周家祠堂|深嘉里公园|粤韵观赏鱼|内蒙古专线呼和浩特|圣母殿
ANC_0079,朱子襄墓,不可移动文物,古墓葬,市级文物保护单位,nan,113.005299,22.836108,11.0,33.98,50.0,40,3.5,0,45.61,3.62,一般耦合区,朱子|子襄,九江镇下西上基文化楼|佛山市始一书院|好万家购物广场(九江店)|伊蕾名店(好万家购物广场东南)|摩登米兰购物广场
ANC_0080,李卓峰墓,不可移动文物,近现代重要史迹及代表性建筑,市级文物保护单位,nan,113.017187,22.825344,12.0,35.07,50.0,5,3.5,1,35.11,-7.42,一般耦合区,李卓峰,天主堂|读书驿站(九江中心小学站)|石埠桥(公交站)|培优文化艺术中心|观文轮胎店
ANC_0081,九江双蒸酒酿制技艺,非遗项目,传统技艺（VⅢ）,省级,九江镇,113.033846,22.819022,199.0,72.44,75.0,4,4.2,1,36.58,-37.14,沉睡潜力区,九江|九江双蒸酒|九江双蒸,九江上东周馆|圣王庙|文昌桥|沙口旧墟老屋
ANC_0082,金箔锻造技艺,非遗项目,传统技艺（VⅢ）,省级,狮山镇,0,0,0.0,0.0,75.0,0,0.0,0.0,0.0,-37.5,一般耦合区,,
ANC_0083,九江煎堆制作技艺,非遗项目,传统技艺（VⅢ）,省级,九江镇,113.003673,22.8578,163.0,69.73,75.0,5,3.9,2,39.97,-32.39,沉睡潜力区,九江|煎堆|九江煎堆,玄憬龙博物馆(暂停开放)|九江镇新龙村关氏宗祠|梅东桥(公交站)|桥头粥档|受真陈公祠
ANC_0084,西樵传统缫丝技艺,非遗项目,传统技艺（VⅢ）,市级,西樵镇,112.990416,22.946452,106.0,63.89,50.0,8,3.98,4,47.64,-9.3,一般耦合区,西樵,河滨公园|一尊格斗|佛山国鼎武术龙狮团|腾龙禅武门佛山总部|西樵快亦通文化技术学校
ANC_0085,南海竹编,非遗项目,传统技艺（VⅢ）,市级,西樵镇,0,0,159.0,69.39,50.0,0,0.0,0.0,0.0,-59.7,沉睡潜力区,南海,
ANC_0086,西樵大饼制作技艺,非遗项目,传统技艺（VⅢ）,市级,西樵镇,112.993947,22.961339,125.0,66.12,50.0,0,0.0,0,0.0,-58.06,沉睡潜力区,西樵|西樵大饼,
ANC_0087,香云纱（坯纱）织造技艺,非遗项目,传统技艺（VⅢ）,市级,西樵镇,112.937983,22.975301,22.0,42.87,50.0,3,3.5,2,34.92,-11.52,沉睡潜力区,香云纱,满祝龙舟训练基地|民乐二桥|西樵香云纱丝绸博物馆
ANC_0088,广式家具制作技艺,非遗项目,传统技艺（VⅢ）,市级,桂城街道,113.181984,23.057445,0.0,0.0,50.0,15,3.725,4,51.32,26.32,空心景点区,,夏南二荷花广场|夏南二公园|和光合堂|龙舟潮墟|石溪龙舟会
ANC_0089,"平洲传统玉器
制作技艺",非遗项目,传统技艺（Ⅷ）,市级,桂城街道,113.215855,23.029326,41.0,51.1,50.0,17,3.4,1,43.77,-6.78,一般耦合区,平洲,党建公园|佛山三人行文化传播公司|东平水道特大桥|三山森林公园-西江村公园|中区文化广场
ANC_0090,唢呐制作技艺,非遗项目,传统技艺（Ⅷ）,市级,桂城街道,113.158515,23.01519,0.0,0.0,50.0,125,4.233,3,68.81,43.81,空心景点区,,煲仔正·老广州煲仔饭(佛山金铂中心店)|石肯华光庙|文武北帝古庙|腾涌文化室|石啃二村村尾文化室
ANC_0091,佛鹤狮头制作,非遗项目,传统技艺（VⅢ）,区级,狮山镇,113.089205,23.149394,12.0,35.07,25.0,6,4.133,4,46.22,16.18,空心景点区,狮头,石碣朗枝岗健身公园|东华娱乐公园|孙氏宗祠|金芝贻广场|冠珠陶瓷(石碣村2桥店)
ANC_0092,里水毛巾织造技艺,非遗项目,传统技艺（VⅢ）,区级,里水镇,113.171671,23.203113,48.0,53.21,25.0,0,0.0,0,0.0,-39.11,沉睡潜力区,里水|里水毛巾|里水毛巾织造业,
ANC_0093,南海醒狮（采青技艺）,非遗项目,传统技艺（VⅢ）,区级,西樵镇,112.961064,22.964097,210.0,73.17,25.0,4,3.9,3,40.7,-8.38,一般耦合区,南海|醒狮|采青,何氏宗祠|14队文化楼|恒邦广场站(公交站)|富星广场
ANC_0094,花灯制作技艺,非遗项目,传统技艺（VⅢ）,区级,狮山镇,0,0,10.0,32.79,25.0,0,0.0,0.0,0.0,-28.89,沉睡潜力区,乐安花灯|莲花灯|忠信花灯|乐安花灯会,
ANC_0095,南海广式旺阁酱油酿造技艺,非遗项目,传统技艺（VⅢ）,区级,西樵镇,112.982482,22.973426,159.0,69.39,25.0,1,0.0,0,5.73,-41.46,沉睡潜力区,南海,三多村罗家文化楼
ANC_0096,庙会（大仙诞庙会）,非遗项目,民俗（Х）,省级,西樵镇,112.953358,22.941378,0.0,0.0,75.0,40,3.433,4,57.86,20.36,空心景点区,,佛山活体昆虫博物馆|简村社区村史馆|陈启沅纪念馆|简村西便文化楼|观心山居
ANC_0097,龙舟说唱（南海）,非遗项目,传统音乐（Ⅱ）,市级,丹灶镇,112.913548,23.046584,234.0,74.65,50.0,49,4.5,1,56.9,-5.42,核心耦合区,南海|龙舟|龙舟说唱,广东环境保护工程职业学院图书馆|广东环境保护工程职业学院|关氏咏春拳馆|文化广播大楼|丹灶镇文化站
ANC_0098,烧番塔(松塘),非遗项目,民俗（Х）,市级,西樵镇,112.907069,22.984568,4.0,22.01,50.0,2,0.0,2,17.64,-18.36,沉睡潜力区,松塘,翘秀园|铁军公园
ANC_0099,南海农谚,非遗项目,民间文学（Ⅰ）,区级,西樵镇,112.97231,22.91039,159.0,69.39,25.0,54,4.167,169,90.88,43.68,空心景点区,南海,西樵山风景名胜区|少林寺|明清皇宫|西樵山国艺影视城|广府风情陈列厅
ANC_0100,西樵山传说,非遗项目,民间文学（Ⅰ）,区级,西樵镇,112.953351,22.940961,811.0,91.6,25.0,44,3.433,5,60.05,1.75,核心耦合区,西樵山|西樵|樵山,佛山活体昆虫博物馆|简村社区村史馆|陈启沅纪念馆|简村西便文化楼|王鹤程书院
ANC_0101,简村北帝庙会,非遗项目,民俗（Х）,区级,西樵镇,112.948192,22.946524,204.0,72.78,25.0,8,0.0,0,18.17,-30.72,沉睡潜力区,北帝|简村|北帝庙|简村北帝庙,简村西便文化楼|绮亭陈公祠|陈启沅纪念馆(西南门)|启沅公园|特斯拉目的地充电站(西樵简村启沅公园停车场)
ANC_0102,松塘村孔子诞,非遗项目,民俗（Х）,区级,西樵镇,112.911801,22.986783,69.0,58.09,25.0,10,3.775,6,51.05,9.51,核心耦合区,松塘村|孔子|松塘,迎宾广场|佛山市南海区福厚博物馆|区梦觉故居|区梦觉生平事迹展陈馆|玉泉祖祠
ANC_0103,松塘村“出色”巡游,非遗项目,民俗（Х）,区级,西樵镇,112.911944,22.986497,49.0,53.49,25.0,10,3.775,6,51.05,11.81,一般耦合区,松塘村|松塘,迎宾广场|佛山市南海区福厚博物馆|区梦觉故居|区梦觉生平事迹展陈馆|玉泉祖祠
ANC_0104,大头佛（民乐大头佛）,非遗项目,传统舞蹈（Ⅲ）,区级,西樵镇,112.951552,22.956278,53.0,54.54,25.0,5,3.8,1,36.39,-3.38,一般耦合区,民乐|大头佛,读书驿站(西樵樵乐社区站)|龙武武术跆拳道馆|轩江祖祠|佛山市南海区叁色映画文化传播有限公司|佛山市猎影文化传播有限公司
ANC_0105,西樵白眉武术,非遗项目,传统体育、游艺与杂技（Ⅵ）,区级,西樵镇,112.953125,22.941151,111.0,64.51,25.0,40,3.433,4,57.86,13.1,一般耦合区,西樵|武术,佛山活体昆虫博物馆|简村社区村史馆|陈启沅纪念馆|简村西便文化楼|王鹤程书院
ANC_0106,赤坎盲公话,非遗项目,民俗（Х）,区级,丹灶镇,112.913406,23.04706,2.0,15.02,25.0,33,4.5,1,53.71,33.7,空心景点区,盲公,广东环境保护工程职业学院图书馆|广东环境保护工程职业学院|关氏咏春拳馆|文化广播大楼|丹灶镇文化站
ANC_0107,西联村神诞,非遗项目,民俗（Х）,区级,丹灶镇,112.913858,23.046798,0.0,0.0,25.0,45,4.15,2,57.88,45.38,空心景点区,,广东环境保护工程职业学院|关氏咏春拳馆|蔡李佛丹灶武术馆|文化广播大楼|丹灶镇文化站
ANC_0108,传统龙舟（丹灶扒龙舟）,非遗项目,传统体育、游艺与杂技（Ⅵ）,区级,丹灶镇,112.914215,23.047298,110.0,64.39,25.0,30,4.15,2,54.62,9.92,核心耦合区,龙舟|丹灶|扒龙舟,广东环境保护工程职业学院|关氏咏春拳馆|蔡李佛丹灶武术馆|文化广播大楼|丹灶镇文化站
ANC_0109,丹灶葛洪炼丹传说,非遗项目,民间文学（Ⅰ）,市级,丹灶镇,112.913715,23.047679,51.0,54.02,50.0,24,4.15,2,52.84,0.83,核心耦合区,丹灶|葛洪,广东环境保护工程职业学院|关氏咏春拳馆|蔡李佛丹灶武术馆|云山公园|富桥画廊
ANC_0110,烧番塔(仙岗),非遗项目,民俗（Х）,市级,丹灶镇,112.913691,23.04706,2.0,15.02,50.0,32,4.15,2,55.14,22.62,空心景点区,仙岗,广东环境保护工程职业学院图书馆|广东环境保护工程职业学院|关氏咏春拳馆|蔡李佛丹灶武术馆|文化广播大楼
ANC_0111,大头佛,非遗项目,传统舞蹈（Ⅲ）,市级,九江镇,113.015659,22.835151,19.0,40.96,50.0,20,3.9,13,62.33,16.85,空心景点区,大头佛,红棉公园|吴家大院|九江侨乡博物馆|九江自助图书馆(儒林东路)(暂停营业)|锦德广场
ANC_0112,赛龙舟（九江传统龙舟）,非遗项目,传统体育、游艺与杂技（Ⅵ）,省级,九江镇,113.003444,22.858157,233.0,74.59,75.0,5,3.9,2,39.97,-34.82,沉睡潜力区,九江|龙舟|赛龙舟,玄憬龙博物馆(暂停开放)|九江镇新龙村关氏宗祠|梅东桥(公交站)|桥头粥档|受真陈公祠
ANC_0113,九江灯谜,非遗项目,民间文学（Ⅰ）,市级,九江镇,112.981157,22.836639,161.0,69.56,50.0,7,0.0,1,22.6,-37.18,沉睡潜力区,九江|灯谜,上西长龄文化楼|大沙地商业广场|摩天轮|新桥卓记猪杂|长龄文化活动中心
ANC_0114,九江传统鱼花技艺,非遗项目,传统技艺（VⅢ）,市级,九江镇,113.003487,22.858457,171.0,70.38,50.0,5,3.9,2,39.97,-20.22,沉睡潜力区,九江|鱼花,玄憬龙博物馆(暂停开放)|九江镇新龙村关氏宗祠|梅东桥(公交站)|桥头粥档|受真陈公祠
ANC_0115,周家拳,非遗项目,传统体育、游艺与杂技（Ⅵ）,区级,九江镇,113.003487,22.858457,0.0,0.0,25.0,5,3.9,2,39.97,27.47,空心景点区,,玄憬龙博物馆(暂停开放)|九江镇新龙村关氏宗祠|梅东桥(公交站)|桥头粥档|受真陈公祠
ANC_0116,华岳心意六合八法拳,非遗项目,传统体育、游艺与杂技（Ⅵ）,市级,九江镇,113.005783,22.841679,0.0,0.0,50.0,87,3.7,1,58.17,33.17,空心景点区,,探花公园|信基广场|汇龙桥|新东方文化辅导园|蓝图文化中心
ANC_0117,仙岗村古井(蟹泉仙井),文化景观,,,丹灶镇,112.89,23.04,13.0,36.08,0.0,3,3.533,3,37.3,19.26,空心景点区,古井|仙井|仙岗|仙岗村,仙岗村村史馆|陈洲亲子美术馆|葛仙遗迹
ANC_0118,西城圩市建筑群,文化景观,,,丹灶镇,112.89,23.03,12.0,35.07,0.0,0,0.0,0,0.0,-17.53,沉睡潜力区,西城|西城圩,
ANC_0119,大岗民居,文化景观,,,丹灶镇,0,0,4.0,22.01,0.0,0,0.0,0.0,0.0,-11.0,沉睡潜力区,大岗,
ANC_0120,苏州银河,文化景观,,,丹灶镇,112.91,23.01,4.0,22.01,0.0,0,0.0,0,0.0,-11.0,沉睡潜力区,苏州|银河,
ANC_0121,塱心码头,文化景观,,,西樵镇,112.92,22.99,0.0,0.0,0.0,1,0.0,0,5.73,5.73,一般耦合区,,塱心大桥
ANC_0122,松塘月池及古祠堂群,文化景观,,,西樵镇,112.917861,22.992725,41.0,51.1,0.0,1,0.0,0,5.73,-19.82,沉睡潜力区,祠堂|松塘,塱心大桥
ANC_0123,民乐圩市建筑群/民乐窦,文化景观,,,西樵镇,112.95,22.96,45.0,52.35,0.0,21,3.9,2,50.72,24.54,一般耦合区,民乐|民乐圩,读书驿站(西樵樵乐社区站)|民乐三队文化楼|龙武武术跆拳道馆|聚贤堂第六训练基地(关西一街)|幻能创展文化传播有限公司
ANC_0124,西樵山天湖,文化景观,,,西樵镇,112.97,22.93,835.0,92.0,0.0,33,4.35,32,74.91,28.91,一般耦合区,西樵山|西樵|天湖|西樵山天湖公园|樵山|西樵山天湖,天湖公园|西樵山森吧飞越树上探险乐园|南海观音验(售)票处|宝峰寺|西樵山风景名胜区-假山
ANC_0125,禄舟村古街巷,文化景观,,,西樵镇,112.95,22.92,10.0,32.79,0.0,2,4.15,2,35.3,18.91,空心景点区,禄舟村,南海白眉武术馆|西樵尚武白眉武馆
ANC_0126,金花庙,文化景观,,,西樵镇,0,0,9.0,31.48,0.0,0,0.0,0.0,0.0,-15.74,沉睡潜力区,金花庙|金花,
ANC_0127,渔耕粤韵桑基鱼塘,文化景观,,,西樵镇,112.98,22.9,16.0,38.74,0.0,0,0.0,0,0.0,-19.37,沉睡潜力区,桑基鱼塘|鱼塘,
ANC_0128,朝山红楼,文化景观,,,西樵镇,112.98,22.89,4.0,22.01,0.0,14,0.0,0,22.4,11.4,空心景点区,朝山,牌楼村文化室|新庙街住宅区14号楼|新庙街住宅区9号楼|新庙街住宅区13号楼|新庙街住宅区11号楼
ANC_0129,烟桥村古桥,文化景观,,,九江镇,112.96,22.87,14.0,37.03,0.0,5,4.1,12,52.24,33.73,空心景点区,烟桥村|烟桥,烟南古村|烟桥古村|烟南南水村吴氏宗祠|何晃钊故居|中铁十九局集团有限公司龙翔大桥及引道工程项目经理部
ANC_0130,风水百足桥,文化景观,,,九江镇,112.98,22.86,0.0,0.0,0.0,0,0.0,0,0.0,0.0,一般耦合区,,
ANC_0131,河清码头,文化景观,,,九江镇,112.94,22.85,4.0,22.01,0.0,1,0.0,0,5.73,-5.27,一般耦合区,河清,大观发濑粉鸡
ANC_0132,红棉公园民国建筑群,文化景观,,,九江镇,113.01,22.83,87.0,61.22,0.0,23,3.867,3,53.54,22.93,一般耦合区,民国|公园,红棉公园|儒林历史文化陈列馆|读书驿站(九江儒林社区站)|朱九江纪念公园|红棉公园-公共厕所
ANC_0133,岑局楼,文化景观,,,九江镇,113.03,22.83,0.0,0.0,0.0,4,3.9,1,35.31,35.31,空心景点区,,九江上东小学|腾滘大社|上东三村路与大谷观音堂路交叉口|大谷观音堂路
ANC_0134,中西郑家大院,文化景观,,,九江镇,113.05,22.82,0.0,0.0,0.0,1,0.0,0,5.73,5.73,一般耦合区,,丁家桥特色景区
ANC_0135,平沙岛,文化景观,,,西樵镇,112.883901,22.931463,7.0,28.43,0.0,2,0.0,0,9.09,-5.13,一般耦合区,平沙|平沙岛,祠公李先智|西樵平沙岛-廷俊李公祠
ANC_0136,西樵镇,历史文化名村,中国历史文化名镇,中国历史文化名镇,西樵镇,112.99,22.94,145.0,68.14,100.0,14,4.04,12,59.57,-24.5,沉睡潜力区,西樵|西樵镇|西樵镇人民政府|西樵镇南沙村,树蛙攀岩公园|读书驿站(西樵登山大道站)|忆善书院(碧玉分院)|西樵大桥|翠岩
ANC_0137,西樵镇松塘村,历史文化名村,国家级传统村落,国家级传统村落,松塘村,112.917861,22.992725,190.0,71.81,100.0,1,0.0,0,5.73,-80.17,沉睡潜力区,西樵|松塘村|西樵镇|松塘,塱心大桥
ANC_0138,西樵镇简村村,历史文化名村,广东省历史文化名村,广东省历史文化名村,简村村,112.963901,22.952089,225.0,74.11,75.0,8,4.7,0,38.17,-36.38,沉睡潜力区,西樵|简村|西樵镇,纽恩泰空气能热水器(民强桥店)|松叟公祠|松万二公祠|民强大桥(公交站)|明远家塾
ANC_0139,西樵镇百西村头村,历史文化名村,广东省历史文化名村,广东省历史文化名村,村头村,112.927552,22.967856,159.0,69.39,75.0,2,0.0,0,9.09,-63.11,沉睡潜力区,西樵|西樵镇|村头村|百西村|西村,东便文化楼|百东村党建文化公园
ANC_0140,九江镇烟桥烟南村,历史文化名村,国家级传统村落,国家级传统村落,nan,112.965586,22.87848,290.0,77.57,100.0,2,0.0,0,9.09,-79.7,沉睡潜力区,九江|九江镇|烟桥|南村,烟南文化楼|烟南村
ANC_0141,丹灶镇仙岗村,历史文化名村,广东省历史文化名村,广东省历史文化名村,仙岗村,112.891164,23.046503,67.0,57.69,75.0,1,0.0,0,5.73,-60.61,沉睡潜力区,丹灶|丹灶镇|仙岗|仙岗村,南海实验学校
ANC_0142,丹灶镇南沙棋盘村,历史文化名村,广东省历史文化名村,广东省历史文化名村,棋盘村,112.9,23.12,71.0,58.47,75.0,0,0.0,0,0.0,-66.74,沉睡潜力区,丹灶|丹灶镇|棋盘村|南沙,
ANC_0143,丹灶镇仙岗社区,历史文化名村,国家级传统村落,国家级传统村落,仙岗社区,112.88,23.05,65.0,57.28,100.0,1,0.0,0,5.73,-72.91,沉睡潜力区,丹灶|丹灶镇|仙岗,无极养生园
ANC_0144,西樵镇百西村,历史文化名村,省级传统村落,省级传统村落,百西社区,112.92,22.96,150.0,68.6,75.0,4,3.8,1,34.88,-36.92,沉睡潜力区,西樵|西樵镇|百西村|西村,村头村潘氏大宗祠|读书驿站(西樵百西社区站)|大地公园|百西桥头
ANC_0145,丹灶镇棋盘村,历史文化名村,省级传统村落,省级传统村落,nan,112.9,23.12,69.0,58.09,75.0,0,0.0,0,0.0,-66.54,沉睡潜力区,丹灶|丹灶镇|棋盘村,
ANC_0146,九江镇烟桥村,历史文化名村,省级传统村落,省级传统村落,nan,112.965586,22.87848,294.0,77.76,75.0,2,0.0,0,9.09,-67.29,沉睡潜力区,九江|九江镇|烟桥村|烟桥,烟南文化楼|烟南村
ANC_0147,丹灶镇和平村,历史文化名村,省级传统村落,省级传统村落,和平村,112.940406,22.971261,63.0,56.86,75.0,7,3.5,1,37.49,-28.44,沉睡潜力区,丹灶|丹灶镇,满祝龙舟训练基地|北塱村文化楼|伊洛村文化活动中心(东南门)|伊洛流徽|荔二潘公祠
ANC_0148,横江圩,圩市街区,,,,112.911046,23.103377,4.0,22.01,0.0,6,0.0,0,16.09,5.09,一般耦合区,横江,桥宝山庄停车场|桥宝山庄停车场(出入口)|藏馥宫体质调理中心|心亭陈公祠|文心宫美容美发
ANC_0149,仙岗市,圩市街区,,,,112.887988,23.042004,2.0,15.02,0.0,4,3.533,3,39.14,31.63,空心景点区,仙岗,仙岗村村史馆|陈洲亲子美术馆|南海实验学校|葛仙遗迹
ANC_0150,西城市,圩市街区,,,,112.894726,23.025058,10.0,32.79,0.0,8,0.0,0,18.17,1.78,一般耦合区,西城,西城村文化楼|康有为故居(东南门)|康有为纪念馆|澹如楼|松轩亭
ANC_0151,银河桥市,圩市街区,,,,112.912351,23.007691,2.0,15.02,0.0,0,0.0,0,0.0,-7.51,一般耦合区,银河,
ANC_0152,竹径圩,圩市街区,,,,112.914696,23.026624,0.0,0.0,0.0,3,3.6,1,32.18,32.18,空心景点区,,方献夫纪念馆|竹径村文化馆|良登村牌坊
ANC_0153,罗行圩,圩市街区,,,,112.952101,23.029292,10.0,32.79,0.0,4,3.9,2,38.46,22.07,空心景点区,罗行|罗行圩,基督教罗行堂|南海区丹灶镇罗行村史馆|读书驿站(丹灶目闻阅野集站)|明途书院
ANC_0154,大岸圩,圩市街区,,,,112.966017,22.985038,6.0,26.61,0.0,2,0.0,0,9.09,-4.22,一般耦合区,大岸|大岸圩,十一队文化楼|九队文化楼
ANC_0155,沙基圩,圩市街区,,,,112.916292,22.983847,1.0,9.48,0.0,8,3.775,4,46.77,42.03,空心景点区,沙基圩,迎宾广场|佛山市南海区福厚博物馆|区梦觉故居|区梦觉生平事迹展陈馆|玉泉祖祠
ANC_0156,大岗圩,圩市街区,,,,112.921201,22.974416,21.0,42.26,0.0,5,0.0,0,14.82,-6.31,一般耦合区,大岗圩|大岗,五显庙(桂阳大道)|区家祠堂|潘家文化楼|区家文化楼|吉赞潘家藻溪潘公祠
ANC_0157,民乐市,圩市街区,,,,112.953955,22.959112,39.0,50.44,0.0,15,3.8,1,44.5,19.28,一般耦合区,民乐|民乐市,读书驿站(西樵樵乐社区站)|民乐三队文化楼|龙武武术跆拳道馆|幻能创展文化传播有限公司|西樵民乐百塔峰专卖店
ANC_0158,太平圩,圩市街区,,,,112.905097,22.929496,23.0,43.45,0.0,1,3.8,1,27.3,5.58,一般耦合区,太平|太平圩,李氏宗祠(太平圩)
ANC_0159,官山圩,圩市街区,,,,112.975635,22.941597,84.0,60.74,0.0,32,4.267,1,52.47,22.1,一般耦合区,官山|官山圩|西樵官山圩,读书驿站(西樵文化中心站)(暂停营业)|南海农商银行(西樵支行)|西樵镇-醒狮之乡|西樵成人文化技术学校|日月星文化艺术中心
ANC_0160,大桐圩,圩市街区,,,,112.989197,22.88795,3.0,18.95,0.0,10,3.7,2,44.13,34.66,空心景点区,大桐,西樵戴氏大宗祠|读书驿站(西樵七星站)|西樵大同书院|绿涯陈公祠|罗山程公祠
ANC_0161,河清圩,圩市街区,,,,112.942874,22.849496,4.0,22.01,0.0,1,0.0,0,5.73,-5.27,一般耦合区,河清,河清三村文化楼
ANC_0162,大伸市,圩市街区,,,,113.006027,22.847445,0.0,0.0,0.0,79,4.55,1,61.0,61.0,空心景点区,,探花公园|信基广场|新东方文化辅导园|蓝图文化中心|方太(九江国美信基广场店)
ANC_0163,九江圩,圩市街区,,,,113.011151,22.833356,160.0,69.48,0.0,26,3.8,2,51.99,17.25,一般耦合区,九江|九江圩,红棉公园|儒林历史文化陈列馆|读书驿站(九江儒林社区站)|红棉公园-公共厕所|人民桥
ANC_0164,大谷市,圩市街区,,,,113.042988,22.828252,3.0,18.95,0.0,4,3.475,4,40.63,31.16,空心景点区,大谷,大谷天后宫|太清宫|大谷余氏宗祠|观音堂
ANC_0165,沙口圩,圩市街区,,,,113.0361,22.813074,4.0,22.01,0.0,1,4.1,1,28.58,17.58,空心景点区,沙口,沙口公园
