entity_name,entity_type,mentions,source_count,lng,lat,town,match_source,match_id
西樵山,D1 山川水系空间,487,43,112.972653,22.90873,西樵镇,poi_contain,B0IBO9P320
佛山祖庙,B2 宗教建筑类,291,17,113.127735,23.046699,桂城街道,poi_contain,B0FFMCGHJP
九江镇,D2 镇街圩市空间,164,30,113.007293,22.906373,九江镇,poi_contain,B0GUML80X9
西江,D1 山川水系空间,139,30,113.21653,23.031684,桂城街道,poi_contain,B0FFKCKTRX
北江,D1 山川水系空间,106,25,112.988214,23.069751,狮山镇,poi_contain,
祖庙,B2 宗教建筑类,103,14,113.141256,23.030077,桂城街道,poi_contain,B0FFILJ0SJ
西樵,D1 山川水系空间,101,28,112.972653,22.90873,西樵镇,poi_contain,B0IBO9P320
九江,D2 镇街圩市空间,97,37,113.01534,22.835259,九江镇,poi_contain,B0I6ZHKEGN
佛山,D2 镇街圩市空间,88,32,113.009071,23.087814,狮山镇,poi_contain,B0HGSH3UCJ
云泉仙馆,B2 宗教建筑类,86,16,113.03713,22.887626,丹灶镇,poi_exact,B0H3J54DS3
白云洞,D1 山川水系空间,82,14,112.959086,22.937046,西樵镇,poi_contain,B0FFHHHE8Y
丹灶镇,D2 镇街圩市空间,72,19,112.92497,23.061415,丹灶镇,poi_contain,B0H067GUG4
西樵镇,D2 镇街圩市空间,65,20,112.99,22.94,西樵镇,anchor_exact,ANC_0136
大沥,D2 镇街圩市空间,64,21,113.144948,23.114362,大沥镇,poi_contain,B0KKS7457V
简村,B6 古村落与聚落遗产类,59,10,112.950197,22.94808,西樵镇,poi_contain,B0FFKZZLC2
石门中学,B3 纪念性建筑与名人故居类,56,12,113.184287,23.121699,大沥镇,poi_exact,B02F50UERZ
三湖书院,B1 古建筑类,53,15,112.959813,22.935621,西樵镇,poi_exact,B0FFFWF6T4
盐步,D2 镇街圩市空间,52,19,113.168268,23.092854,大沥镇,poi_contain,B0FFL0FJW7
祠堂,B1 古建筑类,51,21,113.002178,23.152173,狮山镇,poi_contain,B0GUCH8DND
平洲,D2 镇街圩市空间,47,14,113.177132,23.035727,桂城街道,poi_contain,B0FFMG6YQA
广州,D2 镇街圩市空间,45,22,113.190809,23.144144,里水镇,poi_contain,B0H0UUMVA7
官山,D2 镇街圩市空间,44,19,113.003022,22.952411,西樵镇,poi_exact,
大沥镇,D2 镇街圩市空间,42,12,113.103797,23.115744,大沥镇,poi_contain,B0FFJRS0UB
里水,D2 镇街圩市空间,40,14,113.147625,23.170075,里水镇,poi_contain,B0L0H1SAMG
丹灶,D2 镇街圩市空间,40,16,112.942281,23.063219,丹灶镇,poi_contain,B0G3Z7ST2S
南海中学,B3 纪念性建筑与名人故居类,37,17,112.999948,22.942728,西樵镇,poi_exact,B02F508QXL
官窑,D2 镇街圩市空间,35,23,113.092972,23.200746,狮山镇,poi_contain,B0KBX7L8SD
珠江三角洲,D1 山川水系空间,35,15,113.193456,23.098816,里水镇,poi_contain,B0FFG48NRZ
康有为故居,B3 纪念性建筑与名人故居类,35,11,112.905461,23.021024,丹灶镇,anchor_exact,ANC_0057
宝芝林,B3 纪念性建筑与名人故居类,35,5,112.979795,22.945807,西樵镇,poi_contain,B0FFK1X256
北帝庙,B2 宗教建筑类,34,9,112.944171,23.030381,丹灶镇,poi_exact,B0FFME2KQ5
罗村,D2 镇街圩市空间,34,12,113.042488,23.049031,狮山镇,poi_contain,B0FFKK8HV1
里水镇,D2 镇街圩市空间,33,16,113.140705,23.176076,里水镇,poi_contain,B0HKZSRCKT
珠江,D1 山川水系空间,31,18,113.072817,23.232562,狮山镇,poi_contain,B0HG2UZPYO
武馆,D4 传承场所与活动场地,30,15,113.129977,23.117915,大沥镇,poi_contain,B0FFFSQEM9
官山圩,D2 镇街圩市空间,29,9,112.975635,22.941597,,anchor_exact,ANC_0159
天后庙,B2 宗教建筑类,28,11,112.901992,23.020149,丹灶镇,poi_exact,B0FFM1XT3R
桂城,D2 镇街圩市空间,27,8,113.236033,23.017917,桂城街道,poi_contain,B0H0RLBAVT
黄飞鸿狮艺武术馆,D4 传承场所与活动场地,27,6,112.945135,22.923938,西樵镇,poi_exact,B02F501SVF
南庄,D2 镇街圩市空间,25,14,113.101194,23.133192,大沥镇,poi_contain,B02F503RDN
松岗,D2 镇街圩市空间,24,14,113.099147,23.135518,大沥镇,poi_contain,B0FFFDSWCS
白云古寺,B2 宗教建筑类,24,7,112.964364,22.933846,nan,anchor_exact,ANC_0015
沙头,D2 镇街圩市空间,23,12,113.007293,22.906373,九江镇,poi_contain,B0GUML80X9
小塘,D2 镇街圩市空间,23,11,112.996401,23.037992,狮山镇,poi_contain,B0FFK7JRA1
观音庙,B2 宗教建筑类,22,11,113.191867,23.026327,桂城街道,poi_exact,B0FFHRPUYH
狮山镇,D2 镇街圩市空间,22,5,113.069862,23.230078,狮山镇,poi_contain,B0FFK4D8L2
民乐,D2 镇街圩市空间,21,6,112.95316,22.962793,西樵镇,poi_contain,
和顺,D2 镇街圩市空间,19,11,113.13986,23.248708,里水镇,poi_contain,B0FFKCKKR4
大科峰,D1 山川水系空间,19,6,112.977414,22.92249,nan,anchor_contain,ANC_0050
官山涌,D1 山川水系空间,19,7,112.906157,23.064392,丹灶镇,poi_contain,B0FFH2EBWQ
天湖,D1 山川水系空间,19,9,112.963881,22.93208,西樵镇,poi_exact,B0FFG2522Z
广三铁路,B4 古遗址与生产遗存类,18,13,113.160442,23.104823,里水镇,poi_contain,B0IAYR1R0H
禄舟村,B6 古村落与聚落遗产类,18,8,112.943595,22.92498,西樵镇,poi_contain,B0H3GL6G2O
华光庙,B2 宗教建筑类,17,8,113.167321,23.088397,里水镇,poi_exact,B0FFKF1MUV
南海,D2 镇街圩市空间,17,12,113.137374,23.033677,桂城街道,poi_contain,B0J3Z9Z8PG
康有为纪念馆,B3 纪念性建筑与名人故居类,17,6,112.899125,23.023608,丹灶镇,poi_exact,B02F5076Y0
越华书院,D4 传承场所与活动场地,16,10,113.10216,23.18814,大沥镇,poi_contain,B0FFIZSDND
黄岐,D2 镇街圩市空间,16,8,113.187966,23.109414,大沥镇,poi_contain,B0K0P5W2TW
显纲村,B6 古村落与聚落遗产类,16,6,113.095223,23.137433,狮山镇,poi_contain,B0HG2U0CJU
大科书院,B1 古建筑类,16,4,112.973616,22.922499,西樵镇,poi_exact,B0FFHHD2NL
香港,D2 镇街圩市空间,15,10,113.147736,23.181393,里水镇,poi_contain,B0G39NK9C4
狮山,D2 镇街圩市空间,15,8,113.009071,23.087814,狮山镇,poi_contain,B0HGSH3UCJ
西樵中学,D4 传承场所与活动场地,15,10,112.960811,22.928671,西樵镇,poi_exact,B02F5076UQ
北村,D3 历史街区与传统片区,15,3,113.04237,23.0569,狮山镇,poi_contain,B0FFIVGHCN
宝峰寺,B2 宗教建筑类,14,8,112.972008,22.932742,西樵镇,poi_exact,B02F50YSSQ
羊城书院,B1 古建筑类,14,6,113.10216,23.18814,大沥镇,poi_contain,B0FFIZSDND
土地庙,B2 宗教建筑类,14,2,113.108277,23.175545,大沥镇,poi_contain,B0FFG061WV
松塘村,B6 古村落与聚落遗产类,14,3,112.911801,22.986783,西樵镇,anchor_contain,ANC_0102
九江中学,D4 传承场所与活动场地,14,6,113.020957,22.836677,九江镇,poi_contain,B02F500E9F
泌冲,B6 古村落与聚落遗产类,13,4,113.173893,23.154579,里水镇,poi_contain,B0FFGYZL0U
精武会,D4 传承场所与活动场地,13,8,113.121705,23.055615,桂城街道,poi_contain,B0FFGSZPH9
桑基鱼塘,B4 古遗址与生产遗存类,13,8,112.98,22.9,西樵镇,anchor_contain,ANC_0127
显岗村,B6 古村落与聚落遗产类,13,4,112.989005,22.8971,丹灶镇,poi_contain,B0FFGH1VIK
官窑镇,D2 镇街圩市空间,13,5,113.084643,23.205664,狮山镇,poi_contain,B0FFL06F43
朱九江先生纪念堂,B3 纪念性建筑与名人故居类,13,5,113.026758,22.842008,九江镇,poi_exact,
天湖公园,D4 传承场所与活动场地,13,4,112.96723,22.929192,西樵镇,poi_exact,B0FFHJ45NL
大岗圩,D2 镇街圩市空间,13,4,112.921201,22.974416,,anchor_exact,ANC_0156
龙母庙,B2 宗教建筑类,12,8,112.990348,22.823562,丹灶镇,poi_exact,B0K229G3RK
顺德,D2 镇街圩市空间,12,6,113.153123,23.066107,桂城街道,poi_contain,B0HR0GRI5A
三山,D2 镇街圩市空间,12,9,113.214355,23.031302,桂城街道,poi_contain,B0H6TH6APH
桂园文化宫,D4 传承场所与活动场地,12,1,113.138512,23.046642,桂城街道,poi_contain,B02F507391
沙头镇,D2 镇街圩市空间,12,3,113.018135,22.919126,九江镇,poi_contain,B02F503U2C
文武庙,B2 宗教建筑类,12,6,112.93146,22.990501,丹灶镇,poi_exact,B02F508MWM
社学,B1 古建筑类,11,8,113.02664,23.193956,狮山镇,poi_contain,B0HG2UZA6Z
洪圣庙,B2 宗教建筑类,11,6,112.924235,22.862752,西樵镇,poi_contain,BV10514280
大同,D2 镇街圩市空间,11,8,112.899757,23.023353,丹灶镇,poi_exact,B02F5076XX
粤秀书院,B1 古建筑类,11,6,113.10216,23.18814,大沥镇,poi_contain,B0FFIZSDND
书院,B1 古建筑类,11,7,113.10216,23.18814,大沥镇,poi_exact,B0FFIZSDND
香亭,B1 古建筑类,11,3,113.182861,23.045303,桂城街道,poi_contain,B0FFI1HNYY
上海,D2 镇街圩市空间,11,6,113.133475,23.045073,桂城街道,poi_contain,B0FFHTZW94
石燕岩,B4 古遗址与生产遗存类,11,4,112.97889,22.920693,西樵镇,poi_contain,B0FFG250M9
云谷书院,B1 古建筑类,11,4,112.975282,22.922947,西樵镇,poi_exact,B0FFHHJXUH
西湖书院,B1 古建筑类,10,4,113.10216,23.18814,大沥镇,poi_contain,B0FFIZSDND
白云山,D1 山川水系空间,10,7,113.133662,23.042981,桂城街道,poi_contain,B0FFKSK1HJ
观音堂,B2 宗教建筑类,10,7,113.039085,22.827966,丹灶镇,poi_exact,B02F507CAF
钟鼓楼,B1 古建筑类,10,4,113.102568,23.188504,大沥镇,poi_contain,B0FFF9RBQK
佛山书院,B1 古建筑类,10,4,113.10216,23.18814,大沥镇,poi_contain,B0FFIZSDND
罗村镇,D2 镇街圩市空间,10,5,113.018821,23.071186,狮山镇,poi_contain,B0GR4RHI1B
和顺镇,D2 镇街圩市空间,10,7,113.137629,23.251478,里水镇,poi_contain,B0FFJMK9RP
西岸村,B6 古村落与聚落遗产类,10,2,112.974952,23.018,丹灶镇,poi_contain,B02F50ZN41
大岸村,B6 古村落与聚落遗产类,10,3,112.960651,22.982709,丹灶镇,poi_contain,B0FFIZ7G39
民乐圩,D2 镇街圩市空间,10,4,112.95,22.96,西樵镇,anchor_contain,ANC_0123
村头村,B6 古村落与聚落遗产类,10,2,112.920356,22.962487,丹灶镇,poi_contain,B02F507C71
云瀛书院,B1 古建筑类,10,5,113.10216,23.18814,大沥镇,poi_contain,B0FFIZSDND
北京,D2 镇街圩市空间,10,7,113.152825,23.066166,桂城街道,poi_contain,B0HUACC2F9
梁氏宗祠,B1 古建筑类,9,2,113.125926,23.13648,里水镇,poi_exact,B0LKXPI5QF
九曲溪,D1 山川水系空间,9,6,112.978745,22.921016,西樵镇,poi_exact,B0FFFWHE88
字祖庙,B2 宗教建筑类,9,4,112.971053,22.93949,西樵镇,poi_exact,
百西村,B6 古村落与聚落遗产类,9,4,112.927552,22.967856,村头村,anchor_contain,ANC_0139
南海观音文化苑,B2 宗教建筑类,9,4,112.971937,22.932516,西樵镇,poi_contain,B0FFG27VUO
何氏宗祠,B1 古建筑类,9,2,112.961625,22.967047,西樵镇,poi_exact,B02F507C73
会龙湖,D1 山川水系空间,9,6,112.959232,22.936248,西樵镇,poi_exact,B0FFG23A2H
孔村,B6 古村落与聚落遗产类,9,4,113.002868,23.153579,里水镇,poi_contain,B0LG0R5OL6
宗祠,B1 古建筑类,8,5,113.172828,23.132034,大沥镇,poi_contain,B0FFJDKGH8
石门,D1 山川水系空间,8,7,113.183359,23.11955,大沥镇,poi_contain,B02F5060JL
中山大学,D4 传承场所与活动场地,8,6,112.959437,22.935742,西樵镇,poi_contain,B0FFG2BDTF
李氏大宗祠,B1 古建筑类,8,5,113.015703,23.041153,丹灶镇,poi_exact,B0LG0R6HAB
南海博物馆,D4 传承场所与活动场地,8,6,112.977738,22.907559,西樵镇,poi_exact,B0FFF3NK66
小江村,B6 古村落与聚落遗产类,8,5,113.086302,23.220141,大沥镇,poi_contain,B0FFIK1L8C
石碑,B5 石刻碑记类,8,6,113.130342,23.291148,里水镇,poi_contain,B0H3TZE94Y
南海影剧院,D4 传承场所与活动场地,8,1,113.147596,23.027407,桂城街道,poi_exact,B02F501Y45
树本善堂,B1 古建筑类,8,5,112.977066,23.176689,狮山镇,poi_exact,B0FFL8BSG0
陈氏宗祠,B1 古建筑类,8,4,113.146747,23.131128,里水镇,poi_exact,B0FFH4AQI7
四峰书院,B1 古建筑类,8,4,112.968784,22.92097,西樵镇,poi_exact,B0FFHHDG9Q
官山城区,D2 镇街圩市空间,8,3,112.980609,22.947739,丹灶镇,poi_contain,BV11597839
大同村,B6 古村落与聚落遗产类,8,1,112.899757,23.023353,丹灶镇,poi_contain,B02F5076XX
朝山村,B6 古村落与聚落遗产类,8,1,112.984562,22.888471,丹灶镇,poi_contain,
儒溪村,B6 古村落与聚落遗产类,8,3,112.953897,22.900263,西樵镇,poi_contain,B0LBS5UDJF
奎光楼,B1 古建筑类,8,4,112.95914,22.936815,西樵镇,poi_exact,B0FFFWIXC8
石泉书院,B1 古建筑类,8,5,112.987483,22.937557,西樵镇,poi_exact,
云门,B5 石刻碑记类,8,4,112.959727,22.935155,西樵镇,poi_contain,B0FFG1YR9U
仙岗村,B6 古村落与聚落遗产类,8,3,112.886543,23.040686,丹灶镇,poi_contain,B0FFLHZ51O
西樵山天湖公园,D4 传承场所与活动场地,8,2,112.96723,22.929192,西樵镇,poi_contain,B0FFHJ45NL
银坑村,B6 古村落与聚落遗产类,8,1,112.883841,22.858808,西樵镇,poi_contain,B0FFGA58BQ
康公庙,B2 宗教建筑类,7,3,113.090138,23.059543,大沥镇,poi_exact,B02F50774O
佛山市,D2 镇街圩市空间,7,5,113.009071,23.087814,狮山镇,poi_contain,B0HGSH3UCJ
南海石门中学,B3 纪念性建筑与名人故居类,7,4,113.184287,23.121699,大沥镇,poi_contain,B02F50UERZ
西樵山文化,B4 古遗址与生产遗存类,7,4,112.976555,22.955715,西樵镇,poi_contain,B0G145CZV6
文化馆,D4 传承场所与活动场地,7,2,112.95552,23.066059,狮山镇,poi_contain,B0FFIKOMBO
澹如楼,B1 古建筑类,7,4,112.899119,23.023151,丹灶镇,poi_exact,B0FFGA9S7L
陈启沅纪念馆,B3 纪念性建筑与名人故居类,7,2,112.95341,22.945087,西樵镇,poi_exact,B02F507C78
千灯湖,D1 山川水系空间,7,5,113.142081,23.053483,桂城街道,poi_exact,B02F506TYO
烟桥村,B6 古村落与聚落遗产类,7,2,112.955287,22.872286,西樵镇,poi_contain,B0FFGQ9BPO
云海莲台,B2 宗教建筑类,7,1,112.969013,22.932146,西樵镇,poi_exact,B0FFGRN2RR
大同圩,D2 镇街圩市空间,7,2,112.899757,23.023353,丹灶镇,poi_contain,B02F5076XX
李氏宗祠,B1 古建筑类,7,2,112.99534,23.19254,狮山镇,poi_exact,B0FFFA08UD
天镇峰,D1 山川水系空间,7,3,112.969782,22.942663,西樵镇,poi_contain,B0FFFDR6OB
枕流亭,B1 古建筑类,7,2,112.959751,22.934972,西樵镇,poi_exact,B0FFG1YQ5C
展旗峰,D1 山川水系空间,7,2,113.14817,23.158866,里水镇,poi_contain,B0HU6C3JYM
沙水村,B6 古村落与聚落遗产类,7,1,112.935246,23.046177,丹灶镇,poi_contain,B0FFKCIQYL
良登村,B6 古村落与聚落遗产类,7,3,112.909619,23.022209,丹灶镇,poi_contain,B0FFFSY1XG
白沙乡,D2 镇街圩市空间,7,4,113.204028,23.132712,里水镇,poi_contain,B0FFL0EOCI
香港西医书院,B3 纪念性建筑与名人故居类,7,2,113.10216,23.18814,大沥镇,poi_contain,B0FFIZSDND
先锋庙,B2 宗教建筑类,6,4,112.973089,22.842647,西樵镇,poi_exact,B0HA6HAYXO
三元桥,B1 古建筑类,6,4,113.017604,22.829592,nan,anchor_exact,ANC_0076
应潮湖,D1 山川水系空间,6,4,112.959823,22.934857,西樵镇,poi_exact,B0FFIJLEF8
官山墟,D2 镇街圩市空间,6,5,113.003022,22.952411,西樵镇,poi_contain,
祖堂,B2 宗教建筑类,6,5,112.972193,22.93857,西樵镇,poi_contain,
文昌书院,B1 古建筑类,6,3,113.10216,23.18814,大沥镇,poi_contain,B0FFIZSDND
西樵简村,B6 古村落与聚落遗产类,6,5,112.950197,22.94808,西樵镇,poi_contain,B0FFKZZLC2
平沙,D2 镇街圩市空间,6,2,112.899381,22.920226,西樵镇,poi_contain,B0FFKCML3A
水月宫,B2 宗教建筑类,6,6,113.169373,23.113815,里水镇,poi_exact,B0FFL92KWP
大雄宝殿,B2 宗教建筑类,6,6,113.168936,22.998059,桂城街道,poi_exact,B0FFGA0GMH
摩崖石刻,B5 石刻碑记类,6,2,112.975743,22.932326,西樵镇,poi_exact,B0FFFWH2CH
绮亭陈公祠,B1 古建筑类,6,2,112.948347,22.948052,西樵镇,poi_exact,B0FFJ3QM9H
家祠,B1 古建筑类,6,3,112.893823,22.953859,西樵镇,poi_contain,B0LRHA7DZK
大镇,B6 古村落与聚落遗产类,6,5,113.121211,23.082048,大沥镇,poi_contain,B0H6R58TX6
杜氏大宗祠,B1 古建筑类,6,4,113.202257,23.133661,大沥镇,poi_exact,B02F50UEO4
西樵山旅游度假区,D1 山川水系空间,6,1,112.98877,22.943175,西樵镇,poi_exact,
大岸,D2 镇街圩市空间,6,2,112.974069,22.987882,丹灶镇,poi_contain,
太平,D2 镇街圩市空间,6,1,113.097632,23.107608,大沥镇,poi_contain,B0FFMDHTLJ
新村,B6 古村落与聚落遗产类,6,2,113.199209,23.189779,里水镇,poi_contain,B0GK193NYE
庆云洞,B2 宗教建筑类,6,3,112.872731,22.857182,西樵镇,poi_exact,B02F5076NF
云端村,B6 古村落与聚落遗产类,6,4,112.963727,22.929616,西樵镇,poi_contain,B0FFG39YLZ
云溪书院,B1 古建筑类,6,3,113.10216,23.18814,大沥镇,poi_contain,B0FFIZSDND
小云亭,B1 古建筑类,6,3,112.961,22.935799,西樵镇,poi_exact,B0FFG27VR2
帝亲殿,B2 宗教建筑类,6,3,112.960867,22.935939,西樵镇,poi_exact,B0FFHHCWAZ
广雅书院,B1 古建筑类,6,3,113.10216,23.18814,大沥镇,poi_contain,B0FFIZSDND
仙湖,D1 山川水系空间,6,3,112.890483,23.052763,狮山镇,poi_contain,B0FFJ8L54R
棋盘村,B6 古村落与聚落遗产类,6,1,112.904097,23.12378,狮山镇,poi_contain,B0LGZLWDSR
西湖,D1 山川水系空间,6,3,113.203132,23.040691,桂城街道,poi_contain,B0HA2BNPNE
将军庙,B2 宗教建筑类,5,3,113.143289,23.007354,桂城街道,poi_contain,B0IARZYSYY
祖祠,B1 古建筑类,5,4,113.129999,23.113255,里水镇,poi_contain,B0FFH4942R
端溪书院,D4 传承场所与活动场地,5,4,113.10216,23.18814,大沥镇,poi_contain,B0FFIZSDND
田心书院,B1 古建筑类,5,2,113.10216,23.18814,大沥镇,poi_contain,B0FFIZSDND
三水,D2 镇街圩市空间,5,4,113.186882,23.116799,里水镇,poi_contain,B0FFJNAOHK
南京,D2 镇街圩市空间,5,4,113.196609,23.145771,大沥镇,poi_contain,B0GUUA16BM
天后宫,B2 宗教建筑类,5,3,112.938167,22.981387,丹灶镇,poi_exact,B0H62CZH3V
私塾,B1 古建筑类,5,4,113.132076,23.291646,里水镇,poi_contain,B0FFLAS28H
大沥区,D2 镇街圩市空间,5,3,113.072143,23.130649,大沥镇,poi_contain,B0FFM3V93I
银河,D1 山川水系空间,5,4,112.889484,23.008573,丹灶镇,poi_contain,B02F5076XU
南海九江,D2 镇街圩市空间,5,5,113.01534,22.835259,九江镇,poi_contain,B0I6ZHKEGN
白沙村,B6 古村落与聚落遗产类,5,4,113.196861,23.13627,里水镇,poi_contain,B0FFLBYRXP
西岸,D2 镇街圩市空间,5,4,112.894457,22.865178,西樵镇,poi_contain,B0FFM59QCR
官山镇,D2 镇街圩市空间,5,3,113.003022,22.952411,西樵镇,poi_contain,
华夏,D2 镇街圩市空间,5,1,113.164102,23.076611,大沥镇,poi_contain,B0FFL04MPV
太平圩,D2 镇街圩市空间,5,1,112.905097,22.929496,,anchor_exact,ANC_0158
黎氏宗祠,B1 古建筑类,5,2,113.169065,23.049273,桂城街道,poi_exact,B0FFHROM95
南沙村,B6 古村落与聚落遗产类,5,5,112.927313,22.885486,西樵镇,poi_contain,B0FFJQX278
河岗,B6 古村落与聚落遗产类,5,1,112.897358,22.956036,西樵镇,poi_contain,B0FFI6RMEO
吉水,D2 镇街圩市空间,5,5,112.96847,22.942825,nan,anchor_contain,ANC_0046
枫林白塔,B1 古建筑类,5,3,112.958687,22.936283,西樵镇,poi_exact,B0FFHHJ5YR
紫姑井,B4 古遗址与生产遗存类,5,3,112.970866,22.919829,西樵镇,poi_contain,B0FFG1YV98
天镇峰公园,D1 山川水系空间,5,2,112.981311,22.945634,丹灶镇,poi_exact,
锦岩,B4 古遗址与生产遗存类,5,2,112.972411,22.921564,nan,anchor_contain,ANC_0010
无叶井,B4 古遗址与生产遗存类,5,5,112.987418,22.934116,西樵镇,poi_contain,
喷玉岩,D1 山川水系空间,5,2,112.978684,22.938273,西樵镇,poi_contain,B0FFFWJH96
西樵镇政府,D2 镇街圩市空间,5,3,112.99,22.94,西樵镇,anchor_contain,ANC_0136
浸佛塘,B4 古遗址与生产遗存类,5,4,112.968194,22.920522,西樵镇,poi_exact,B0FFG29XDS
麻奢,D2 镇街圩市空间,5,3,113.115287,23.214767,里水镇,poi_contain,B02F50ZFH7
九江圩,D2 镇街圩市空间,5,3,113.011151,22.833356,,anchor_exact,ANC_0163
江头村,B6 古村落与聚落遗产类,5,1,113.139519,23.062611,桂城街道,poi_contain,
炮楼,B1 古建筑类,5,1,113.163138,23.076836,大沥镇,poi_contain,B0GU9XUUR4
潘氏大宗祠,B1 古建筑类,5,1,112.915313,22.965419,西樵镇,poi_exact,B02F507C71
白沙,B6 古村落与聚落遗产类,5,3,113.012141,23.083237,狮山镇,poi_contain,B0IDZZ4DPV
飞流千尺,B5 石刻碑记类,5,2,112.971259,22.937579,西樵镇,poi_exact,
叠滘小学,B3 纪念性建筑与名人故居类,5,2,113.131147,23.056113,桂城街道,poi_contain,B0FFID63L8
叠滘,D2 镇街圩市空间,5,3,113.125916,23.065559,桂城街道,poi_contain,B0GRMH0UW7
铁村,B6 古村落与聚落遗产类,5,4,113.110371,23.102309,大沥镇,poi_contain,B0FFHRRPJH
钟边,B6 古村落与聚落遗产类,5,5,113.107355,23.095389,大沥镇,poi_contain,B0FFI94UQI
三圣宫,B2 宗教建筑类,4,4,113.013424,23.072052,狮山镇,poi_exact,B0FFHS614K
文昌庙,B2 宗教建筑类,4,3,112.907281,22.953334,西樵镇,poi_exact,B0KUBLPGAD
抱龙桥,B1 古建筑类,4,4,112.896947,23.001197,丹灶镇,poi_contain,B0FFGGUVNZ
黄氏大宗祠,B1 古建筑类,4,4,113.021404,23.062956,狮山镇,poi_exact,B0FFG3QKJB
江太史第,B3 纪念性建筑与名人故居类,4,3,112.93488,23.047074,丹灶镇,poi_contain,B0HRV7T4XT
宝莲寺,B2 宗教建筑类,4,4,112.963174,22.911141,西樵镇,poi_exact,B02F507708
佛山涌,D1 山川水系空间,4,3,113.13775,23.026981,桂城街道,poi_exact,B0FFKGOVJF
王借岗,D1 山川水系空间,4,4,113.03342,23.036455,丹灶镇,poi_contain,B0FFHVWJKI
林岳,D2 镇街圩市空间,4,3,113.225444,22.998698,桂城街道,poi_contain,B0FFIDUXHC
西南涌,D1 山川水系空间,4,2,112.96999,23.21289,狮山镇,poi_contain,B0FFFAQ1PE
牌坊,B1 古建筑类,4,3,113.158145,23.143885,里水镇,poi_contain,B0HRAAKNVS
西樵大桥,B1 古建筑类,4,4,112.994613,22.940893,西樵镇,poi_exact,B0FFLGYJDJ
方献夫墓,B4 古遗址与生产遗存类,4,2,112.915719,23.027375,nan,anchor_exact,ANC_0058
黄少强故居,B3 纪念性建筑与名人故居类,4,1,113.090524,23.219449,大沥镇,poi_exact,B0FFKBOBLV
珠江纵队独立第三大队队部旧址,B3 纪念性建筑与名人故居类,4,1,112.983092,23.214013,狮山镇,poi_contain,B0HG2UZI6I
中共南海县委旧址,B3 纪念性建筑与名人故居类,4,2,113.100939,23.134657,狮山镇,poi_exact,B02F50WG6V
颜氏大宗祠,B1 古建筑类,4,2,113.14678,23.093506,里水镇,poi_exact,B0FFH42ZUX
民乐市,B4 古遗址与生产遗存类,4,3,112.953955,22.959112,,anchor_exact,ANC_0157
岭西村,B6 古村落与聚落遗产类,4,1,112.945098,22.929248,西樵镇,poi_contain,B0H2HRJDON
山根,D2 镇街圩市空间,4,3,112.992948,22.933831,丹灶镇,poi_contain,B0HKY7XU3Y
百东,B6 古村落与聚落遗产类,4,2,112.92533,22.967241,丹灶镇,poi_contain,B0IDGUU8OF
崇北,D2 镇街圩市空间,4,1,112.944852,23.018023,西樵镇,poi_contain,B0H1FHFCAH
新田,D2 镇街圩市空间,4,1,112.927313,22.885486,西樵镇,poi_contain,B0FFJQX278
百步梯,B1 古建筑类,4,2,112.987224,22.941629,西樵镇,poi_exact,
沙涌村,B6 古村落与聚落遗产类,4,1,112.959613,22.947063,西樵镇,poi_contain,B0IB3S8BNI
新地村,B6 古村落与聚落遗产类,4,1,112.965262,23.058624,狮山镇,poi_contain,B0LBLLN1RG
杏头村,B6 古村落与聚落遗产类,4,2,112.968715,22.945305,西樵镇,poi_contain,
河溪村,B6 古村落与聚落遗产类,4,1,112.893823,22.953859,西樵镇,poi_contain,B0LRHA7DZK
牌楼村,B6 古村落与聚落遗产类,4,2,112.981097,22.886898,西樵镇,poi_contain,B0FFH2SMRG
文澜书院,B1 古建筑类,4,2,113.10216,23.18814,大沥镇,poi_contain,B0FFIZSDND
丹桂园,D1 山川水系空间,4,3,112.973418,22.928939,西樵镇,poi_exact,B0FFGRN2RQ
简村北帝庙,B2 宗教建筑类,4,2,112.944171,23.030381,丹灶镇,poi_contain,B0FFME2KQ5
南海丹灶,D2 镇街圩市空间,4,4,112.915232,23.042368,丹灶镇,poi_contain,B0FFHYF3AU
碧玉洞,B4 古遗址与生产遗存类,4,2,112.979454,22.938499,西樵镇,poi_exact,B0FFF365DR
里水麻奢,D3 历史街区与传统片区,4,4,113.117962,23.22016,里水镇,poi_contain,B0FFG2876G
郁水,D1 山川水系空间,4,2,113.148667,23.19537,里水镇,poi_contain,B0FFF2LHMO
九龙岩,D1 山川水系空间,4,3,112.97281,22.920043,西樵镇,poi_exact,B0HDDK8M6O
南海观音寺,B2 宗教建筑类,4,3,113.108714,23.175651,大沥镇,poi_exact,B0FFG0YUHE
奇石村,B6 古村落与聚落遗产类,4,4,112.984842,23.061732,狮山镇,poi_contain,B0MBK5Q7UA
龙山,D1 山川水系空间,4,3,113.114213,23.282853,大沥镇,poi_contain,B0FFFEOV26
罗行圩,D2 镇街圩市空间,4,1,112.952101,23.029292,,anchor_exact,ANC_0153
凤山古庙,B2 宗教建筑类,4,2,113.082716,23.232721,狮山镇,poi_exact,B0L67S1IK4
白衣观音庙,B2 宗教建筑类,4,3,113.191867,23.026327,桂城街道,poi_contain,B0FFHRPUYH
黄岐龙母庙,B2 宗教建筑类,4,2,113.195236,23.11989,大沥镇,poi_exact,B0FFGYME07
观龙台,D4 传承场所与活动场地,4,2,113.018935,22.829958,丹灶镇,poi_contain,B0FFKPLU1L
西樵禄舟村,B6 古村落与聚落遗产类,4,2,112.940609,22.924439,西樵镇,poi_contain,B0HK1D9W7F
狮艺武术馆,D4 传承场所与活动场地,4,2,112.940088,22.926851,西樵镇,poi_contain,B0HR06KTGB
白沙小学,B3 纪念性建筑与名人故居类,4,3,113.204258,23.130828,大沥镇,poi_exact,B02F505YGU
风雨亭,B1 古建筑类,4,3,113.031837,23.048685,丹灶镇,poi_contain,B0FFL6MZPG
陈氏大宗祠,B1 古建筑类,4,1,113.196227,23.190165,里水镇,poi_exact,B0FFH3XXY4
雄星村,B6 古村落与聚落遗产类,4,1,113.014632,23.045182,丹灶镇,poi_contain,B0FFGFUXBN
南海市,D2 镇街圩市空间,4,3,113.072143,23.130649,大沥镇,poi_contain,B0FFM3V93I
吉水窦,B4 古遗址与生产遗存类,4,2,112.96847,22.942825,nan,anchor_exact,ANC_0046
儒林书院,B1 古建筑类,4,2,113.10216,23.18814,大沥镇,poi_contain,B0FFIZSDND
南海馆,B3 纪念性建筑与名人故居类,4,3,113.188317,23.116418,大沥镇,poi_contain,B0FFL4CJE2
西安,D2 镇街圩市空间,4,2,113.183544,23.111131,里水镇,poi_contain,B0H06DFV98
邯郸别邸,B1 古建筑类,4,2,112.960483,22.93567,西樵镇,poi_exact,B0FFG25MJH
西关,D3 历史街区与传统片区,4,1,113.235896,23.032702,桂城街道,poi_contain,B0FFGLPX2W
南海黄飞鸿狮艺武术馆,D4 传承场所与活动场地,4,1,112.945135,22.923938,西樵镇,poi_contain,B02F501SVF
青龙桥,B4 古遗址与生产遗存类,3,2,113.11965,23.067022,大沥镇,poi_exact,B0FFGQ6YRI
万安桥,B1 古建筑类,3,3,113.017712,22.919406,丹灶镇,poi_contain,BV10251646
名宦祠,B1 古建筑类,3,2,113.129477,23.101116,里水镇,poi_contain,B0FFFCQEPL
三圣庙,B2 宗教建筑类,3,1,112.944168,22.960363,丹灶镇,poi_contain,B0FFI09GWE
佛子庙,B2 宗教建筑类,3,3,112.966485,22.940454,西樵镇,poi_exact,B02F50V1HK
高桥,B1 古建筑类,3,2,113.170944,23.046977,桂城街道,poi_exact,B02F50XMGB
烟桥,B6 古村落与聚落遗产类,3,2,112.955287,22.872286,西樵镇,poi_contain,B0FFGQ9BPO
汇龙桥,B1 古建筑类,3,2,113.005575,22.837464,丹灶镇,poi_exact,B0FFGQ4R4R
五眼桥,B1 古建筑类,3,2,113.202208,23.102937,里水镇,poi_contain,B0FFGQABO6
彩虹桥,B1 古建筑类,3,2,113.156667,23.034414,桂城街道,poi_exact,B0FFFOTG30
龙津堡,D2 镇街圩市空间,3,1,113.129834,23.103087,里水镇,poi_contain,B0FFGBESH8
震亨书院,B1 古建筑类,3,2,113.10216,23.18814,大沥镇,poi_contain,B0FFIZSDND
虎门,D1 山川水系空间,3,3,113.237383,23.036828,桂城街道,poi_contain,B0FFKBRQHQ
观音堂铺,D3 历史街区与传统片区,3,2,113.039085,22.827966,丹灶镇,poi_contain,B02F507CAF
南园,B4 古遗址与生产遗存类,3,3,113.142098,23.03776,桂城街道,poi_exact,B0FFH2DI8F
花王庙,B2 宗教建筑类,3,2,113.191216,23.137553,里水镇,poi_exact,B02F506WL9
南海大沥,D2 镇街圩市空间,3,3,113.103797,23.115744,大沥镇,poi_contain,B0FFJRS0UB
何氏大宗祠,B1 古建筑类,3,3,113.028958,23.190678,狮山镇,poi_exact,B0FFH3ZEI7
广州市,D2 镇街圩市空间,3,3,113.184911,23.115703,里水镇,poi_contain,B0FFHHGWHM
黄君壁纪念馆,B3 纪念性建筑与名人故居类,3,2,112.946325,22.924316,西樵镇,poi_exact,B02F5076FC
太史第,B3 纪念性建筑与名人故居类,3,2,112.93488,23.047074,丹灶镇,poi_exact,B0HRV7T4XT
石围塘,D2 镇街圩市空间,3,3,113.191922,23.099975,里水镇,poi_contain,B0FFFRRRRD
念诚书院,B1 古建筑类,3,1,113.10216,23.18814,大沥镇,poi_contain,B0FFIZSDND
沙口,D2 镇街圩市空间,3,3,113.03098,22.815342,九江镇,poi_contain,B0FFFENUBA
桥头遗址,B4 古遗址与生产遗存类,3,2,113.158265,23.113942,里水镇,poi_contain,B02F507U1P
上沙,D2 镇街圩市空间,3,2,113.161547,23.155976,里水镇,poi_contain,B0FFH3Y6JT
永安路,D3 历史街区与传统片区,3,3,113.193705,23.025651,桂城街道,poi_contain,B0H01LRHPR
工人文化宫,D4 传承场所与活动场地,3,2,113.01039,23.117597,狮山镇,poi_contain,B0L23G4700
黎涌,D2 镇街圩市空间,3,3,112.985205,22.959168,丹灶镇,poi_contain,B0FFKYMLRV
图书馆,D4 传承场所与活动场地,3,1,113.033048,23.161598,狮山镇,poi_contain,B02F50XHJX
南海文化馆,D4 传承场所与活动场地,3,1,113.141115,23.024813,桂城街道,poi_exact,B02F501IFU
云泳书院,B1 古建筑类,3,2,113.10216,23.18814,大沥镇,poi_contain,B0FFIZSDND
梁氏大宗祠,B1 古建筑类,3,2,113.131515,23.153857,里水镇,poi_exact,B0LGTX12VB
盐步区,D2 镇街圩市空间,3,3,113.168268,23.092854,大沥镇,poi_contain,B0FFHW900T
官山市,D2 镇街圩市空间,3,1,113.003022,22.952411,西樵镇,poi_contain,
四面佛,B2 宗教建筑类,3,1,112.977661,22.932561,西樵镇,poi_exact,B0FFMBZY55
联新,B6 古村落与聚落遗产类,3,1,112.964811,22.97704,西樵镇,poi_contain,
显岗,D2 镇街圩市空间,3,1,112.989005,22.8971,丹灶镇,poi_contain,B0FFGH1VIK
河清,D2 镇街圩市空间,3,3,112.950837,22.858347,九江镇,poi_contain,
百西,B6 古村落与聚落遗产类,3,2,112.919749,22.95718,西樵镇,poi_contain,B0G1OHFR9Z
爱国村,B6 古村落与聚落遗产类,3,1,112.968638,22.945047,西樵镇,poi_contain,
谭氏宗祠,B1 古建筑类,3,1,113.15614,23.236106,里水镇,poi_exact,B0FFH4AE58
祖仁村,B6 古村落与聚落遗产类,3,1,112.942014,22.954692,西樵镇,poi_contain,BV11371983
潘氏宗祠,B1 古建筑类,3,1,113.17906,23.080363,里水镇,poi_exact,B0FFFZ1P4M
东坊村,B6 古村落与聚落遗产类,3,1,112.90129,23.108071,狮山镇,poi_contain,B0GUR9PG3W
高明,D2 镇街圩市空间,3,3,112.915462,22.881923,西樵镇,poi_contain,B0FFLJETF1
大同乡,D2 镇街圩市空间,3,3,112.899757,23.023353,丹灶镇,poi_contain,B02F5076XX
灶岗,D3 历史街区与传统片区,3,2,113.122619,23.255619,里水镇,poi_contain,B0LAKXNTKA
戴氏大宗祠,B1 古建筑类,3,2,112.986359,22.891454,西樵镇,poi_exact,B0FFHKW8UF
柏山村,B6 古村落与聚落遗产类,3,2,112.990998,22.885899,丹灶镇,poi_contain,
邓氏宗祠,B1 古建筑类,3,2,113.089517,23.069873,大沥镇,poi_exact,B0FFL2KTAZ
西樵官山圩,D2 镇街圩市空间,3,1,113.003022,22.952411,西樵镇,poi_contain,
林村,B6 古村落与聚落遗产类,3,3,113.161515,23.19654,里水镇,poi_contain,B0FFLC3BRE
玉池,B4 古遗址与生产遗存类,3,2,112.968793,22.920113,西樵镇,poi_exact,B0FFFWJTPT
湛子洞,B5 石刻碑记类,3,2,112.97341,22.920166,西樵镇,poi_exact,B0FFG26KZA
天窗格,B4 古遗址与生产遗存类,3,3,112.980606,22.92388,西樵镇,poi_exact,B0FFG2CQF3
云谷,D1 山川水系空间,3,2,112.975282,22.922947,西樵镇,poi_contain,B0FFHHJXUH
罗行,D2 镇街圩市空间,3,3,112.946444,23.031646,丹灶镇,poi_contain,B0FFLFETDO
官山礼拜堂,B2 宗教建筑类,3,2,113.003022,22.952411,西樵镇,poi_contain,
紫洞,D2 镇街圩市空间,3,3,112.996401,23.037992,狮山镇,poi_contain,B0FFK7JRA1
西樵官山,D2 镇街圩市空间,3,3,112.981622,22.947637,西樵镇,poi_contain,B0FFKJY45E
松塘,B6 古村落与聚落遗产类,3,2,112.907173,22.992616,nan,anchor_contain,ANC_0022
罗浮,D1 山川水系空间,3,2,113.183454,23.108146,大沥镇,poi_contain,B0FFFVEG1W
伯奇公园,D4 传承场所与活动场地,3,1,113.188089,23.142504,大沥镇,poi_exact,B02F507H5G
遇仙桥,B1 古建筑类,3,3,112.961218,22.935844,西樵镇,poi_exact,B0FFG26ZL6
瑞塔,B2 宗教建筑类,3,3,113.182558,23.036301,桂城街道,poi_contain,B0FFJ82H3K
百步云梯,D1 山川水系空间,3,3,112.981144,22.937175,nan,anchor_contain,ANC_0039
观音泉,D1 山川水系空间,3,2,113.102966,23.178232,大沥镇,poi_exact,B0FFG05XTO
石头村,B6 古村落与聚落遗产类,3,3,112.984446,23.206096,狮山镇,poi_contain,B02F50V7IM
虎头岗,D1 山川水系空间,3,2,113.098305,23.253962,大沥镇,poi_contain,B0FFJK3KUF
河村,B6 古村落与聚落遗产类,3,3,113.160251,23.18028,里水镇,poi_contain,B0H6FH2JRM
南海迎宾馆,D4 传承场所与活动场地,3,1,113.144687,23.029646,桂城街道,poi_contain,B0FFFYPDFT
东村,B6 古村落与聚落遗产类,3,2,113.187096,23.091625,大沥镇,poi_contain,B0FFH3Y6YC
南海区,D2 镇街圩市空间,3,3,112.920141,23.108405,狮山镇,poi_contain,B0H6OHR7P9
聚龙村,B6 古村落与聚落遗产类,3,2,113.19128,23.08707,里水镇,poi_contain,B0FFL4QFH0
大祠堂,B1 古建筑类,3,3,112.971448,23.000445,丹灶镇,poi_contain,B0K6P5VS8T
烟桥古村,B6 古村落与聚落遗产类,3,1,112.959574,22.872088,九江镇,poi_exact,B0FFJYGJTV
广州南海中学,B3 纪念性建筑与名人故居类,3,3,112.999948,22.942728,西樵镇,poi_contain,B02F508QXL
福建,D1 山川水系空间,3,2,112.984316,23.175809,狮山镇,poi_contain,B0FFGWPQOP
康氏宗祠,B1 古建筑类,3,2,112.899272,23.022925,丹灶镇,poi_exact,B0FFGAMA7N
西城,B6 古村落与聚落遗产类,3,1,113.114788,23.21332,里水镇,poi_contain,B0FFI1Q8KL
如楼,B3 纪念性建筑与名人故居类,3,2,112.899119,23.023151,丹灶镇,poi_contain,B0FFGA9S7L
杭州,D2 镇街圩市空间,3,2,113.102708,23.188752,大沥镇,poi_contain,B0HBF9YGLN
邱氏书院,B1 古建筑类,3,2,113.10216,23.18814,大沥镇,poi_contain,B0FFIZSDND
里水八角亭,B1 古建筑类,3,2,113.17601,23.109877,大沥镇,poi_contain,B0FFL72ZEO
皇仁书院,B3 纪念性建筑与名人故居类,3,3,113.10216,23.18814,大沥镇,poi_contain,B0FFIZSDND
三江,D2 镇街圩市空间,3,3,113.174695,23.248154,里水镇,poi_contain,B0FFMD65ID
大同堡,D2 镇街圩市空间,3,2,112.899757,23.023353,丹灶镇,poi_contain,B02F5076XX
广州羊城书院,B1 古建筑类,3,3,113.10216,23.18814,大沥镇,poi_contain,B0FFIZSDND
纪念碑,B3 纪念性建筑与名人故居类,3,2,112.987922,22.940443,西樵镇,poi_contain,
南海九江中学,D4 传承场所与活动场地,3,2,113.020957,22.836677,九江镇,poi_exact,B02F500E9F
山西,D2 镇街圩市空间,3,1,113.011561,22.914119,西樵镇,poi_contain,B0FFKUMGM2
孔氏宗祠,B1 古建筑类,3,1,113.124705,23.157129,里水镇,poi_exact,B0FFL9QBS2
清泉课室,B1 古建筑类,3,2,113.160158,23.057926,桂城街道,poi_contain,B0FFH41FQO
斋堂,B2 宗教建筑类,3,2,112.971816,22.939635,西樵镇,poi_contain,B0FFLALW5J
象岗岭,D1 山川水系空间,3,1,113.005763,22.829408,丹灶镇,poi_contain,B0FFHJ46AE
观音阁,B2 宗教建筑类,2,1,112.971706,22.942486,西樵镇,poi_exact,B0G0PKA6GA
财神庙,B2 宗教建筑类,2,2,113.126972,23.09602,大沥镇,poi_exact,B0FFFEOUOF
主帅庙,B2 宗教建筑类,2,2,113.225629,23.001807,桂城街道,poi_exact,B0FFL104TI
探花桥,B1 古建筑类,2,2,113.0,22.85,nan,anchor_exact,ANC_0074
白沙桥,B1 古建筑类,2,2,113.07642,23.220917,大沥镇,poi_exact,B0FFGQ5ANJ
大宗祠,B1 古建筑类,2,2,113.172828,23.132034,大沥镇,poi_contain,B0FFJDKGH8
洗砚池,B5 石刻碑记类,2,2,112.960009,22.935083,西樵镇,poi_exact,B0FFHHCO3H
华帝庙,B2 宗教建筑类,2,2,112.892404,23.072355,狮山镇,poi_exact,B0FFM8RI2U
沙湾,D2 镇街圩市空间,2,2,113.205427,23.144346,里水镇,poi_contain,B0FFM0QUJF
福德祠,B1 古建筑类,2,2,113.139763,23.232225,里水镇,poi_exact,B0FFH47A6W
三门,B1 古建筑类,2,1,113.149308,23.038698,桂城街道,poi_contain,B0FFHH8HW0
六村,B6 古村落与聚落遗产类,2,2,113.168059,23.089409,大沥镇,poi_contain,B0H14SSLRM
黄公祠,B1 古建筑类,2,2,113.156813,23.119746,里水镇,poi_contain,B0J09CUPI2
湾溪书院,B1 古建筑类,2,1,113.10216,23.18814,大沥镇,poi_contain,B0FFIZSDND
八角亭,B1 古建筑类,2,2,113.17601,23.109877,大沥镇,poi_exact,B0FFL72ZEO
长江,D1 山川水系空间,2,2,113.21611,23.027393,桂城街道,poi_contain,B0FFLL608L
杨氏大宗祠,B1 古建筑类,2,2,112.902931,23.131969,狮山镇,poi_exact,B0FFMDQM0K
石刻,B5 石刻碑记类,2,2,112.987448,22.935296,西樵镇,poi_contain,
乐安里,D3 历史街区与传统片区,2,2,113.08266,23.153467,大沥镇,poi_contain,B0FFJ0DKVH
两湖书院,B1 古建筑类,2,2,113.10216,23.18814,大沥镇,poi_contain,B0FFIZSDND
重庆,D2 镇街圩市空间,2,2,113.070137,23.226928,狮山镇,poi_contain,B0FFLLR4UU
广东,D1 山川水系空间,2,2,113.071842,23.225701,大沥镇,poi_contain,B0FFIL8GGN
桂林,D2 镇街圩市空间,2,2,113.198743,23.14082,大沥镇,poi_contain,B0G0HHIASV
南水村,B6 古村落与聚落遗产类,2,1,112.955985,22.870267,西樵镇,poi_contain,B0LGHCO34S
佛山大学,D4 传承场所与活动场地,2,2,113.050394,23.136252,狮山镇,poi_contain,B0JBLAT9EK
张楼书院,B1 古建筑类,2,1,113.10216,23.18814,大沥镇,poi_contain,B0FFIZSDND
新龙村,B6 古村落与聚落遗产类,2,2,113.001695,22.85474,九江镇,poi_contain,B0LAA7O6ON
山紫,D3 历史街区与传统片区,2,1,112.976037,22.91698,nan,anchor_contain,ANC_0035
奇石窑,B4 古遗址与生产遗存类,2,1,112.984607,23.061082,狮山镇,poi_contain,B0LBL7N0BO
兴贤,B6 古村落与聚落遗产类,2,2,113.072143,23.130649,大沥镇,poi_contain,B0FFM3V93I
怀集,D2 镇街圩市空间,2,2,112.998552,23.085099,狮山镇,poi_contain,B02F5045O3
大基尾,D3 历史街区与传统片区,2,1,113.153613,23.088132,大沥镇,poi_contain,B02F507B1N
七堡书院,B1 古建筑类,2,1,113.10216,23.18814,大沥镇,poi_contain,B0FFIZSDND
莲峰书院,B1 古建筑类,2,1,113.10216,23.18814,大沥镇,poi_contain,B0FFIZSDND
会馆,B1 古建筑类,2,2,113.142573,23.031358,桂城街道,poi_contain,B0G2ZRHHSR
西海,D2 镇街圩市空间,2,2,113.102382,23.122155,大沥镇,poi_contain,B02F50WJ0V
西医书院,B3 纪念性建筑与名人故居类,2,2,113.10216,23.18814,大沥镇,poi_contain,B0FFIZSDND
古榕,D1 山川水系空间,2,2,113.184834,23.11592,大沥镇,poi_contain,B0I34HG3YG
文化宫,D4 传承场所与活动场地,2,1,112.977254,22.96216,丹灶镇,poi_contain,B0HRGK8EIJ
文化楼,D4 传承场所与活动场地,2,2,112.953332,22.964269,丹灶镇,poi_exact,B0H1V7SH8O
文化站,D4 传承场所与活动场地,2,1,113.202702,23.032467,桂城街道,poi_contain,B02F5079X4
革命烈士纪念碑,B3 纪念性建筑与名人故居类,2,2,113.129563,23.117522,大沥镇,poi_contain,
中共南三花工委旧址,B3 纪念性建筑与名人故居类,2,1,113.141342,23.191706,里水镇,poi_exact,B0FFJ5JXOQ
北涌亭,B1 古建筑类,2,1,113.161251,23.197642,里水镇,poi_exact,B0FFFPQ5JD
大沥文化站,D4 传承场所与活动场地,2,1,113.117182,23.114631,大沥镇,poi_contain,B0GRTUGQ96
崔氏大宗祠,B1 古建筑类,2,1,113.024448,22.917257,九江镇,poi_exact,B0FFGAT354
桂城城市广场,D3 历史街区与传统片区,2,1,113.151038,23.036574,桂城街道,poi_contain,B0FFK2IM7Q
兴言书院,B1 古建筑类,2,1,113.10216,23.18814,大沥镇,poi_contain,B0FFIZSDND
南海平洲,D2 镇街圩市空间,2,1,113.067521,23.176728,桂城街道,poi_contain,B0G2UL5U63
南海图书馆,D4 传承场所与活动场地,2,1,113.235613,22.992987,桂城街道,poi_contain,B0M61LKE5K
桂城中学,D4 传承场所与活动场地,2,2,113.187282,23.025462,桂城街道,poi_exact,B02F508G5C
金沙,D2 镇街圩市空间,2,2,113.200164,23.142893,里水镇,poi_contain,B0LR5SA82L
黄洞村,B6 古村落与聚落遗产类,2,2,113.010694,23.162466,狮山镇,poi_contain,B0FFH4ALOE
滴水岩遗址,B4 古遗址与生产遗存类,2,1,112.966649,22.927681,西樵镇,poi_contain,B0HBKXUTS0
李子长墓,B3 纪念性建筑与名人故居类,2,2,112.96759,22.925007,西樵镇,poi_exact,B0FFG25K1Q
李卓峰墓,B3 纪念性建筑与名人故居类,2,2,113.017187,22.825344,nan,anchor_exact,ANC_0080
龙津,D1 山川水系空间,2,2,113.129834,23.103087,里水镇,poi_exact,B0FFGBESH8
大同灶岗贝丘遗址,B4 古遗址与生产遗存类,2,1,112.899757,23.023353,丹灶镇,poi_contain,B02F5076XX
民乐小学,B1 古建筑类,2,1,112.949555,22.962116,西樵镇,poi_contain,B0G3UZ0TPW
宝峰胜处,B5 石刻碑记类,2,2,112.96925,22.920164,西樵镇,poi_exact,B0FFG293P5
朝山,D2 镇街圩市空间,2,1,112.976092,22.887074,西樵镇,poi_contain,BV10255183
七星,D2 镇街圩市空间,2,1,112.987725,22.891075,西樵镇,poi_contain,B0L37KKTHT
大同城区,D2 镇街圩市空间,2,1,112.899757,23.023353,丹灶镇,poi_contain,B02F5076XX
黄氏宗祠,B1 古建筑类,2,2,113.105668,23.206358,大沥镇,poi_exact,B0FFIR3WFQ
坑边村,B6 古村落与聚落遗产类,2,1,113.186833,23.02569,桂城街道,poi_contain,B0FFGGPZB4
张氏宗祠,B1 古建筑类,2,1,113.130883,23.296558,里水镇,poi_exact,B0LGTXZ0Y2
陆氏宗祠,B1 古建筑类,2,1,112.939885,23.110232,狮山镇,poi_exact,B0FFK8EFMU
三多村,B6 古村落与聚落遗产类,2,1,112.979347,22.975133,西樵镇,poi_contain,B0FFK15OHM
荷涌村,B6 古村落与聚落遗产类,2,1,112.983461,22.967184,丹灶镇,poi_contain,B0LGTBWT1K
麦氏宗祠,B1 古建筑类,2,1,112.989832,22.896595,丹灶镇,poi_exact,B0LG0L6MPA
岭西,B6 古村落与聚落遗产类,2,1,112.945098,22.929248,西樵镇,poi_contain,B0H2HRJDON
福地村,B6 古村落与聚落遗产类,2,1,112.970495,22.938953,西樵镇,poi_contain,
敦伦村,B6 古村落与聚落遗产类,2,1,112.949855,22.960498,丹灶镇,poi_contain,
樵丹路,D3 历史街区与传统片区,2,1,112.955082,22.951949,西樵镇,poi_contain,B0FFFAA5MS
书院岗,B1 古建筑类,2,1,113.10216,23.18814,大沥镇,poi_contain,B0FFIZSDND
霍氏宗祠,B1 古建筑类,2,2,112.930983,22.991846,丹灶镇,poi_exact,B0LAP7F790
刘氏大宗祠,B1 古建筑类,2,2,113.074893,23.225188,狮山镇,poi_exact,B0FFI45F68
北刻文化楼,B1 古建筑类,2,1,112.953332,22.964269,丹灶镇,poi_contain,B0H1V7SH8O
麦村,B6 古村落与聚落遗产类,2,1,112.918606,22.906172,西樵镇,poi_contain,B0HG2U058Y
九江烟南村,B6 古村落与聚落遗产类,2,1,112.964397,22.875803,九江镇,poi_contain,
田心村,B6 古村落与聚落遗产类,2,1,113.097885,23.150796,大沥镇,poi_contain,B0HAJY6VDT
南村,B6 古村落与聚落遗产类,2,2,113.092972,23.200746,狮山镇,poi_contain,B0KBX7L8SD
儒溪,D2 镇街圩市空间,2,1,112.951841,22.909156,西樵镇,poi_contain,B0FFKIV0PW
田心祖庙,B2 宗教建筑类,2,1,112.971861,22.89917,西樵镇,poi_exact,B0FFJ3UL0R
程公祠,B1 古建筑类,2,1,112.988887,22.887411,丹灶镇,poi_contain,B0FFME5KEO
大同二村,B6 古村落与聚落遗产类,2,1,112.899757,23.023353,丹灶镇,poi_contain,B02F5076XX
大同三村,B6 古村落与聚落遗产类,2,1,112.899757,23.023353,丹灶镇,poi_contain,B02F5076XX
大同四村,B6 古村落与聚落遗产类,2,1,112.899757,23.023353,丹灶镇,poi_contain,B02F5076XX
柏山,B6 古村落与聚落遗产类,2,2,112.990998,22.885899,丹灶镇,poi_contain,
新社村,B6 古村落与聚落遗产类,2,1,112.983103,22.885503,西樵镇,poi_contain,B0FFMH2ZDG
大同绿涌村,B6 古村落与聚落遗产类,2,2,112.899757,23.023353,丹灶镇,poi_contain,B02F5076XX
西天湖,B4 古遗址与生产遗存类,2,1,112.963881,22.93208,西樵镇,poi_contain,B0FFG2522Z
东天湖,D1 山川水系空间,2,1,112.986445,22.939548,西樵镇,poi_exact,
关德兴纪念堂,B3 纪念性建筑与名人故居类,2,1,112.94494,22.923991,西樵镇,poi_exact,B0FFG1YSM5
群羊出洞,D1 山川水系空间,2,2,112.95941,22.937572,西樵镇,poi_exact,B0FFG2CW12
云门听泉,D1 山川水系空间,2,2,112.959727,22.935155,西樵镇,poi_contain,B0FFG1YR9U
九曲桥,B1 古建筑类,2,2,112.964283,22.932898,西樵镇,poi_exact,B0FFG25IFA
观龙楼,B1 古建筑类,2,2,112.964285,22.930553,西樵镇,poi_exact,B0FFG261ZX
观音铜像,B2 宗教建筑类,2,2,112.931581,23.051209,狮山镇,poi_contain,B0FFKCIJJP
青龙头,D1 山川水系空间,2,2,112.972615,22.919792,西樵镇,poi_exact,B0FFG2F8JS
粤华书院,B1 古建筑类,2,2,113.10216,23.18814,大沥镇,poi_contain,B0FFIZSDND
关氏宗祠,B1 古建筑类,2,2,113.10595,23.165768,大沥镇,poi_exact,B0FFH23V15
半山亭,B1 古建筑类,2,1,112.975799,22.939401,西樵镇,poi_exact,B0FFFWIGUY
宝峰,B2 宗教建筑类,2,2,112.972261,22.932009,西樵镇,poi_contain,B0FFLPPI3V
一线天,D1 山川水系空间,2,2,112.959465,22.935093,西樵镇,poi_exact,B0FFG2CLW7
浔峰,D1 山川水系空间,2,2,113.199638,23.177377,里水镇,poi_contain,B0FFIHLTA1
伯奇铜像,B3 纪念性建筑与名人故居类,2,1,112.931581,23.051209,狮山镇,poi_contain,B0FFKCIJJP
海印,B4 古遗址与生产遗存类,2,2,113.184774,23.027714,桂城街道,poi_contain,B0IAG56TZ9
鳌峰,D1 山川水系空间,2,2,113.183409,23.141578,里水镇,poi_contain,B0FFHQFRC4
尚武,B5 石刻碑记类,2,2,113.034362,23.052926,狮山镇,poi_contain,B0I66ZH9ZO
金沙洲,D2 镇街圩市空间,2,2,113.200164,23.142893,里水镇,poi_contain,B0LR5SA82L
烟霞井,B4 古遗址与生产遗存类,2,2,112.96809,22.925658,西樵镇,poi_exact,B0FFG1KGJT
匾额,B5 石刻碑记类,2,2,113.130839,23.251855,里水镇,poi_contain,B0HUVC2IBY
梅庄,D2 镇街圩市空间,2,2,112.876362,23.085796,狮山镇,poi_contain,BV10255728
慈悲宫,B2 宗教建筑类,2,2,112.990833,22.836566,丹灶镇,poi_exact,B0FFKTGLQZ
官山河,D1 山川水系空间,2,2,113.003022,22.952411,西樵镇,poi_contain,
西樵官山墟,D2 镇街圩市空间,2,2,113.003022,22.952411,西樵镇,poi_contain,
新东村,B6 古村落与聚落遗产类,2,2,113.096623,23.172075,大沥镇,poi_contain,B0FFH3ZAFT
沈村,B6 古村落与聚落遗产类,2,2,113.141918,23.190991,里水镇,poi_contain,B0KG37NVRH
丰岗,B6 古村落与聚落遗产类,2,2,113.173709,23.191665,里水镇,poi_contain,B0FFIDQTSO
赤山,D2 镇街圩市空间,2,2,113.138763,23.217942,里水镇,poi_contain,B0LGYC6XT8
麻奢村,B6 古村落与聚落遗产类,2,2,113.121912,23.219408,里水镇,poi_contain,B0FFKU08SR
樵山,D1 山川水系空间,2,2,112.972653,22.90873,西樵镇,poi_contain,B0IBO9P320
西华寺,B2 宗教建筑类,2,1,113.201118,23.201747,里水镇,poi_exact,B02F50WJ53
大岗村,B6 古村落与聚落遗产类,2,1,113.085018,23.227442,狮山镇,poi_contain,B0FFM531ZG
云深书院,B1 古建筑类,2,1,113.10216,23.18814,大沥镇,poi_contain,B0FFIZSDND
和顺村,B6 古村落与聚落遗产类,2,2,113.131789,23.25719,里水镇,poi_contain,B0FFL3EYTG
盐步村,B6 古村落与聚落遗产类,2,2,113.168268,23.092854,大沥镇,poi_contain,B0FFHW900T
大谷,B6 古村落与聚落遗产类,2,2,113.032377,22.829994,丹灶镇,poi_contain,B0FFGGGS6G
盐步华光庙,B2 宗教建筑类,2,2,113.167321,23.088397,里水镇,poi_contain,B0FFKF1MUV
盐步河,D1 山川水系空间,2,2,113.163138,23.076836,大沥镇,poi_contain,B0GU9XUUR4
南国桃园,D4 传承场所与活动场地,2,2,113.103899,23.183076,大沥镇,poi_exact,B0FFG4B8C9
镇南村,B6 古村落与聚落遗产类,2,2,112.924401,22.875827,九江镇,poi_contain,B0FFI6R3LL
盐步桥头,B6 古村落与聚落遗产类,2,2,113.158265,23.113942,里水镇,poi_contain,B02F507U1P
江心,B6 古村落与聚落遗产类,2,2,113.163429,23.120028,里水镇,poi_contain,B0FFGSG25Q
天湖擂台,D4 传承场所与活动场地,2,2,112.963881,22.93208,西樵镇,poi_contain,B0FFG2522Z
官山街道,D3 历史街区与传统片区,2,2,113.003022,22.952411,西樵镇,poi_contain,
南海桂城,D2 镇街圩市空间,2,2,113.236033,23.017917,桂城街道,poi_contain,B0H0RLBAVT
佛山市南海区,D2 镇街圩市空间,2,2,112.920141,23.108405,狮山镇,poi_contain,B0H6OHR7P9
官山希望学校,D4 传承场所与活动场地,2,2,113.003022,22.952411,西樵镇,poi_contain,
南海区图书馆,D4 传承场所与活动场地,2,2,113.143379,23.053251,桂城街道,poi_contain,B0LKBMSFQ7
和顺一中,D4 传承场所与活动场地,2,2,113.12646,23.260514,里水镇,poi_exact,B02F501F7I
榕树,D1 山川水系空间,2,1,113.148751,23.039619,桂城街道,poi_contain,B0GK6NP7CV
叶氏大宗祠,B1 古建筑类,2,2,113.134857,23.100348,大沥镇,poi_exact,B0FFH48ZUB
老氏宗祠,B1 古建筑类,2,1,112.951827,22.908959,西樵镇,poi_exact,B0FFME4RH5
刘氏宗祠,B1 古建筑类,2,1,113.105078,23.208956,大沥镇,poi_exact,B0FFI2NKOS
公祠,B1 古建筑类,2,1,113.092972,23.200746,狮山镇,poi_contain,B0KBX7L8SD
大同门楼,B3 纪念性建筑与名人故居类,2,1,112.899757,23.023353,丹灶镇,poi_contain,B02F5076XX
林氏大宗祠,B1 古建筑类,2,1,113.197454,23.039498,桂城街道,poi_exact,B0FFGXPYGM
杏花桥,B1 古建筑类,2,1,113.19859,23.134827,里水镇,poi_contain,B0FFGGJTQO
南岸,D2 镇街圩市空间,2,2,113.093964,23.086434,大沥镇,poi_contain,B0FFKBOBP3
古庙,B2 宗教建筑类,2,1,113.153729,23.016088,桂城街道,poi_contain,B0FFH3T3LF
方大夫祠,B1 古建筑类,2,1,113.083468,23.066242,大沥镇,poi_contain,B0FFHS5G1Y
方献夫纪念馆,B3 纪念性建筑与名人故居类,2,1,112.915719,23.027375,丹灶镇,poi_exact,B0LDCRVBG7
新龙,D2 镇街圩市空间,2,2,112.995206,22.860852,丹灶镇,poi_contain,B0FFKSRJTD
银湖,D1 山川水系空间,2,1,112.87118,22.878738,西樵镇,poi_contain,B0FFJKW4FM
南乔公祠,B1 古建筑类,2,1,112.890704,23.075464,丹灶镇,poi_exact,B0H6NUELUV
门楼,B1 古建筑类,2,1,113.110998,23.188781,大沥镇,poi_contain,B0FFIZPNMB
石牌坊,B1 古建筑类,2,2,112.998467,22.840789,丹灶镇,poi_contain,B0FFJ9RMZG
仙岗书院,B1 古建筑类,2,1,113.10216,23.18814,大沥镇,poi_contain,B0FFIZSDND
杏头,B6 古村落与聚落遗产类,2,2,112.968715,22.945305,西樵镇,poi_contain,
肇庆,D2 镇街圩市空间,2,2,112.998552,23.085099,狮山镇,poi_contain,B02F5045O3
龙江,D2 镇街圩市空间,2,2,112.994034,23.124316,狮山镇,poi_contain,B0FFMEKKWV
西樵山云泉仙馆,B2 宗教建筑类,2,2,112.972113,22.939326,西樵镇,poi_exact,
攻玉书院,B1 古建筑类,2,1,113.10216,23.18814,大沥镇,poi_contain,B0FFIZSDND
青岛,D2 镇街圩市空间,2,1,113.162478,23.180192,里水镇,poi_contain,B0FFG48L7W
大同译书局,D4 传承场所与活动场地,2,2,112.899757,23.023353,丹灶镇,poi_contain,B02F5076XX
石屏风,B5 石刻碑记类,2,2,112.980375,22.922711,西樵镇,poi_exact,B0FFG1JROS
中央书院,B3 纪念性建筑与名人故居类,2,2,113.10216,23.18814,大沥镇,poi_contain,B0FFIZSDND
白云,D1 山川水系空间,2,2,112.959222,22.936722,西樵镇,poi_contain,B0FFG27CU6
金利,D2 镇街圩市空间,2,2,113.200715,23.177676,里水镇,poi_contain,B0FFIN9OQY
文明书院,B1 古建筑类,2,1,113.10216,23.18814,大沥镇,poi_contain,B0FFIZSDND
三姓书院,B1 古建筑类,2,1,113.10216,23.18814,大沥镇,poi_contain,B0FFIZSDND
西樵民乐大桥,B1 古建筑类,2,1,112.951448,22.962238,丹灶镇,poi_contain,B0GK7S0OEZ
翘秀书院,B1 古建筑类,2,1,113.10216,23.18814,大沥镇,poi_contain,B0FFIZSDND
午门,B1 古建筑类,2,2,112.969273,22.909202,西樵镇,poi_contain,B0FFKXPJYQ
玉楼书院,B1 古建筑类,2,2,113.10216,23.18814,大沥镇,poi_contain,B0FFIZSDND
青龙桥车站,D4 传承场所与活动场地,2,1,113.11965,23.067022,大沥镇,poi_contain,B0FFGQ6YRI
姚氏宗祠,B1 古建筑类,2,1,113.139702,23.245616,里水镇,poi_exact,B0FFL1AE05
南少林寺,B2 宗教建筑类,2,2,112.971329,22.907987,西樵镇,poi_contain,B0K2XZ9QGF
上海大同译书局,D3 历史街区与传统片区,2,1,112.899757,23.023353,丹灶镇,poi_contain,B02F5076XX
茶楼,D4 传承场所与活动场地,2,1,113.18309,23.134653,大沥镇,poi_contain,B0FFJC8YU3
互勉亭,B3 纪念性建筑与名人故居类,2,1,113.238379,23.034562,桂城街道,poi_exact,B0FFL2WR8Y
蛇龙北天主堂,B2 宗教建筑类,2,1,113.018708,22.824724,丹灶镇,poi_contain,B0FFK48YQW
桂香书院,B1 古建筑类,2,1,113.10216,23.18814,大沥镇,poi_contain,B0FFIZSDND
石门中学礼堂,B1 古建筑类,2,1,113.184287,23.121699,大沥镇,poi_contain,B02F50UERZ
显子岗,D2 镇街圩市空间,2,1,113.084298,23.176201,狮山镇,poi_contain,B0I64U4IMH
大冲,D2 镇街圩市空间,2,2,113.127109,23.155056,里水镇,poi_contain,B0H3TUN5EA
香港石门中学,D4 传承场所与活动场地,2,1,113.184287,23.121699,大沥镇,poi_contain,B02F50UERZ
南师,D4 传承场所与活动场地,2,1,113.026773,23.146194,狮山镇,poi_contain,B02F50UZCU
南中,D4 传承场所与活动场地,2,1,113.123161,23.056409,桂城街道,poi_contain,B0FFHLST0S
玉岩珠瀑,D1 山川水系空间,2,1,112.978684,22.938273,西樵镇,poi_contain,B0FFFWJH96
白塔,B1 古建筑类,2,1,113.199209,23.189779,里水镇,poi_contain,B0GK193NYE
第一洞天,B1 古建筑类,2,1,112.959579,22.9364,西樵镇,poi_contain,B0FFG2E57P
东湖,D1 山川水系空间,2,1,113.078775,23.189775,狮山镇,poi_contain,B0FFITK4C6
官山冲,D1 山川水系空间,2,1,113.003022,22.952411,西樵镇,poi_contain,
官山大闸,B4 古遗址与生产遗存类,2,1,113.003022,22.952411,西樵镇,poi_contain,
玉女弹琴,D1 山川水系空间,2,1,113.141931,23.045868,桂城街道,poi_exact,B0H1OLUTP4
观音修竹,D1 山川水系空间,2,1,113.141012,23.044698,桂城街道,poi_exact,B0HRV986B6
石云古道,B4 古遗址与生产遗存类,2,1,113.140733,23.044244,桂城街道,poi_contain,B0HR0KL690
