nonheritage,level,category,town,keywords,poi_match_count,matched_pois
咏春拳（叶问宗支）,省级,传统体育,桂城街道,咏春拳,24,广东省非物质文化遗产佛山咏春拳东二义咏堂@桂城街道|关氏咏春拳馆@丹灶镇|南海耀保咏春拳馆(家天下·家居广场店)@桂城街道|张红山咏春拳@里水镇|桂城姚才姚祺咏春拳馆@桂城街道|张红山咏春拳馆@大沥镇|洲表咏春拳馆@桂城街道|佛山钲道咏春拳馆@桂城街道|仁义咏春拳馆(礌岗公园分馆)@桂城街道|仁义咏春拳馆(佛山高新分馆)@桂城街道|中和咏春拳馆@狮山镇|郭氏咏春拳会@桂城街道|佛山恒胜咏春拳馆@狮山镇|佛山市南海劲道咏春拳馆@大沥镇|郭伟湛咏春拳术总会@西樵镇|黄树华咏春拳馆@桂城街道|良溪咏春拳馆@桂城街道|佛山市咏春拳协会@大沥镇|佛山市七郎咏春拳馆@狮山镇|国华咏春拳馆@里水镇
狮舞（广东醒狮）,国家级,传统舞蹈,西樵镇,狮舞|醒狮,13,西樵镇-醒狮之乡@西樵镇|夏西良溪醒狮训练基地@桂城街道|狮兄醒狮美食@桂城街道|佛山鸿运舞狮醒狮团队@大沥镇|跳动大狮·醒狮园@桂城街道|舞醒狮雕塑@里水镇|兴贤醒狮武术协会@大沥镇|泌冲传承醒狮武会@里水镇|穆院同义堂醒狮武术会@狮山镇|何思成堂醒狮团@西樵镇|罗村下罗沙体育协会醒狮队@丹灶镇|佛山忠艺醒狮舞狮团队@狮山镇|精武会雄飞醒狮武术馆颈肩腰武术推拿@桂城街道
南海醒狮（采青技艺）,区级,传统舞蹈,西樵镇,醒狮|采青技艺,13,西樵镇-醒狮之乡@西樵镇|夏西良溪醒狮训练基地@桂城街道|狮兄醒狮美食@桂城街道|佛山鸿运舞狮醒狮团队@大沥镇|跳动大狮·醒狮园@桂城街道|舞醒狮雕塑@里水镇|兴贤醒狮武术协会@大沥镇|泌冲传承醒狮武会@里水镇|穆院同义堂醒狮武术会@狮山镇|何思成堂醒狮团@西樵镇|罗村下罗沙体育协会醒狮队@丹灶镇|佛山忠艺醒狮舞狮团队@狮山镇|精武会雄飞醒狮武术馆颈肩腰武术推拿@桂城街道
家具制作技艺（广式家具制作技艺）,省级,传统技艺,九江镇,家具|家具制作技艺|广式家具|广式家具制作技艺,12,金沙洲红星美凯龙全球家具生活广场@里水镇|里水博皇家具广场@里水镇|宫爵家具有限公司(东北门)@九江镇|家具广场@狮山镇|清墨观舍家具定制@狮山镇|佛山市宫爵家具有限公司@九江镇|观复堂红木家具@狮山镇|加拿大原装进口家具无毒墙面漆(新城广场店)@西樵镇|佛山市椤胡宫家具有限公司@九江镇|珍宫红木家具店@狮山镇|健威家具(万科广场佛山南海店)@桂城街道|优橙家装家具(万达广场佛山南海店)@桂城街道
糕点制作技艺（九江煎堆制作技艺）,省级,传统技艺,九江镇,煎堆|煎堆制作技艺|糕点|糕点制作技艺,8,鲍师傅糕点(嘉洲广场店)@大沥镇|宫廷糕点(18号店)@里水镇|宫廷糕点(市场西门路店)@大沥镇|忆江南宫廷糕点@桂城街道|宫廷糕点(民乐店)@西樵镇|宫廷糕点店@大沥镇|宫廷糕点@大沥镇|宫廷糕点(岐西路店)@大沥镇
西樵白眉武术,区级,传统体育,西樵镇,白眉武术,2,南海白眉武术馆@西樵镇|西樵禄舟白眉武术馆@西樵镇
汉字书法（康体）,区级,传统美术,丹灶镇,康体|汉字书法,2,呈康体育少儿篮球训练营(京华广场店)@桂城街道|顺联奥莱文化康体馆(顺联奥特莱斯桂城店)@桂城街道
藤编（大沥）,省级,传统技艺,大沥镇,藤编,1,南海藤编文化产业@大沥镇
藤编（里水）,省级,传统技艺,里水镇,藤编,1,南海藤编文化产业@大沥镇
洪拳（南海洪拳）,省级,传统体育,西樵镇,洪拳,1,佛山非遗洪拳馆@桂城街道
白眉拳,市级,传统体育,里水镇,白眉拳,1,白眉拳文化广场@里水镇
烧番塔（松塘）,市级,民俗,西樵镇,烧番塔,1,烧番塔广场@丹灶镇
烧番塔（仙岗）,市级,民俗,丹灶镇,烧番塔,1,烧番塔广场@丹灶镇
粤剧,区级,传统戏剧,西樵镇,粤剧,1,粤剧曲艺文化传承工作室@西樵镇
花灯制作技艺,区级,传统技艺,桂城街道,花灯|花灯制作技艺,1,罗村花灯公园@狮山镇
简村北帝庙会,区级,民俗,狮山镇,北帝庙会,1,北帝庙@丹灶镇
南海剪纸,区级,传统美术,桂城街道,剪纸,1,饶宝莲剪纸艺术佛山孝德湖传承基地@狮山镇
十番音乐（佛山十番）,国家级,传统音乐,桂城街道,十番|十番音乐,0,
官窑生菜会,省级,民俗,狮山镇,生菜会,0,
灯会（乐安花灯会）,省级,民俗,桂城街道,乐安花灯会|灯会,0,
九江双蒸酒酿制技艺,省级,传统技艺,九江镇,双蒸酒|双蒸酒酿制技艺,0,
赛龙舟（九江传统龙舟）,省级,传统体育,九江镇,传统龙舟|赛龙舟,0,
端午节（盐步老龙礼俗）,省级,民俗,大沥镇,端午节|老龙礼俗,0,
金箔锻造技艺,省级,传统技艺,大沥镇,金箔|金箔锻造技艺,0,
庙会（大仙诞庙会）,省级,民俗,西樵镇,大仙诞庙会|庙会,0,
粤曲,省级,曲艺,桂城街道,粤曲,0,
九江鱼花生产习俗,省级,民俗,九江镇,鱼花生产习俗,0,
龙舟说唱,市级,曲艺,桂城街道,龙舟说唱,0,
大头佛,市级,传统舞蹈,西樵镇,大头佛,0,
南海灰塑,市级,传统美术,狮山镇,灰塑,0,
三山咸水歌,市级,传统音乐,桂城街道,咸水歌,0,
西樵传统缫丝技艺,市级,传统技艺,西樵镇,传统缫丝技艺,0,
麦边舞龙,市级,传统舞蹈,里水镇,舞龙,0,
南海竹编,市级,传统技艺,丹灶镇,竹编,0,
西樵大饼制作技艺,市级,传统技艺,西樵镇,大饼|大饼制作技艺,0,
香云纱（坯纱）织造技艺,市级,传统技艺,西樵镇,香云纱（坯纱）|香云纱（坯纱）织造技艺,0,
九江灯谜,市级,民俗,九江镇,灯谜,0,
丹灶葛洪炼丹传说,市级,民间文学,丹灶镇,葛洪炼丹传说,0,
华岳心意六合八法拳,市级,传统体育,大沥镇,华岳心意六合八法拳,0,
叠滘弯道赛龙船,市级,传统体育,桂城街道,弯道赛龙船,0,
祠堂祭祖（平地黄氏冬祭）,市级,民俗,大沥镇,冬祭|祠堂祭祖,0,
黄岐龙母诞,市级,民俗,大沥镇,龙母诞,0,
赤山跳火光习俗,市级,民俗,桂城街道,跳火光习俗,0,
唢呐制作技艺,市级,传统技艺,桂城街道,唢呐|唢呐制作技艺,0,
平洲传统玉器制作技艺,市级,传统技艺,桂城街道,传统玉器|传统玉器制作技艺,0,
广绣（石石肯）,市级,传统美术,桂城街道,广绣,0,
佛山十番（同乐堂十番）,市级,传统音乐,桂城街道,十番,0,
北村生菜会,市级,民俗,大沥镇,生菜会,0,
周家拳,市级,传统体育,九江镇,周家拳,0,
九江鱼筛编织技艺,市级,传统技艺,九江镇,鱼筛|鱼筛编织技艺,0,
佛鹤狮头制作,区级,传统技艺,桂城街道,佛鹤狮头制作,0,
赤坎盲公话,区级,民间文学,大沥镇,盲公话,0,
南海农谚,区级,民间文学,南海区,农谚,0,
西樵山传说,区级,民间文学,西樵镇,传说,0,
里水毛巾织造技艺,区级,传统技艺,里水镇,毛巾|毛巾织造技艺,0,
西联村神诞,区级,民俗,桂城街道,神诞,0,
松塘村孔子诞,区级,民俗,西樵镇,孔子诞,0,
松塘村'出色'巡游,区级,民俗,西樵镇,'出色'巡游,0,
大沥锦龙盛会,区级,民俗,大沥镇,锦龙盛会,0,
大沥狮子会,区级,民俗,大沥镇,狮子会,0,
狮中冥王诞,区级,民俗,桂城街道,冥王诞,0,
平地观音诞,区级,民俗,大沥镇,平地观音诞,0,
南海鼓乐,区级,传统音乐,桂城街道,鼓乐,0,
万石辘木马,区级,传统体育,桂城街道,辘木马,0,
万石舞青火龙,区级,传统舞蹈,桂城街道,舞青火龙,0,
南海广式旺阁酱油酿造技艺,区级,传统技艺,桂城街道,广式旺阁酱油|广式旺阁酱油酿造技艺,0,
龙形拳,区级,传统体育,桂城街道,龙形拳,0,
沙皮狗斗狗习俗,区级,民俗,大沥镇,沙皮狗斗狗习俗,0,
大头佛（民乐大头佛）,区级,传统舞蹈,西樵镇,大头佛,0,
传统龙舟（丹灶扒龙舟）,区级,传统体育,丹灶镇,传统龙舟|扒龙舟,0,
苏村拜斗,区级,民俗,大沥镇,拜斗,0,
木作工具制作技艺,区级,传统技艺,桂城街道,木作工具|木作工具制作技艺,0,
百西村头村六祖诞,区级,民俗,丹灶镇,六祖诞,0,
南海牛皮鼓制作技艺,区级,传统技艺,桂城街道,牛皮鼓|牛皮鼓制作技艺,0,
鹰爪拳,区级,传统体育,九江镇,鹰爪拳,0,
蔡李佛拳,区级,传统体育,桂城街道,蔡李佛拳,0,
水菱角制作技艺,区级,传统技艺,西樵镇,水菱角|水菱角制作技艺,0,
广式烧腊制作技艺,区级,传统技艺,桂城街道,广式烧腊|广式烧腊制作技艺,0,
中医传统制剂方法（冯了性传统膏方制作技艺）,区级,传统医药,桂城街道,中医传统制剂方法|冯了性传统膏方|冯了性传统膏方制作技艺,0,
咸鸭蛋腌制技艺（南海）,区级,传统技艺,桂城街道,咸鸭蛋|咸鸭蛋腌制技艺,0,
冯伯成传说,区级,民间文学,桂城街道,冯伯成传说,0,
五郎八卦棍（鲁岗谢家）,区级,传统体育,大沥镇,五郎八卦棍,0,
洪拳功夫推拿,区级,传统医药,西樵镇,洪拳功夫推拿,0,
广式月饼制作技艺（南海）,区级,传统技艺,桂城街道,广式月饼|广式月饼制作技艺,0,
九江刀制作技艺,区级,传统技艺,九江镇,刀制作技艺,0,
九江鹤装狮头制作技艺,区级,传统技艺,九江镇,鹤装狮头|鹤装狮头制作技艺,0,
酱油酿造技艺（九江酱油酿造技艺）,区级,传统技艺,九江镇,酱油|酱油酿造技艺,0,
下东村周将军诞,区级,民俗,九江镇,周将军诞,0,
酿鲮鱼制作技艺（南海）,区级,传统技艺,桂城街道,酿鲮鱼|酿鲮鱼制作技艺,0,
蛋散制作技艺（丹灶）,区级,传统技艺,丹灶镇,蛋散|蛋散制作技艺,0,
传统中医药文化（保愈堂传统中医文化）,区级,传统医药,桂城街道,传统中医药文化|保愈堂传统中医文化,0,
