name,total_count,text_review_count,avg_rating,positive_count,neutral_count,negative_count,positive_rate,sources
南海影视城,170,170,4.6,3,14,3,15.0,马蜂窝;携程
康有为故居,32,32,4.82,1,10,0,9.1,马蜂窝;携程
黄氏宗祠,8,0,3.61,0,7,1,0.0,高德
李氏宗祠,6,0,3.4,0,4,2,0.0,高德
梁氏宗祠,5,0,3.14,0,4,1,0.0,高德
陈氏宗祠,8,4,3.12,0,2,2,0.0,携程;高德
胡氏宗祠,3,0,3.63,1,1,1,33.3,高德
曾氏宗祠,3,0,3.83,0,3,0,0.0,高德
黎氏宗祠,3,0,3.33,1,1,1,33.3,高德
刘氏大宗祠,3,0,3.9,2,1,0,66.7,高德
观音庙,4,1,3.87,1,2,0,33.3,携程;高德
何氏宗祠,3,0,3.67,0,3,0,0.0,高德
张氏宗祠,3,0,3.37,0,2,1,0.0,高德
吴氏大宗祠,3,0,3.5,1,2,0,33.3,高德
李氏大宗祠,3,0,3.23,0,3,0,0.0,高德
潘氏宗祠,2,0,4.0,1,1,0,50.0,高德
刘氏宗祠,2,0,3.8,1,1,0,50.0,高德
郭氏宗祠,2,0,3.85,1,1,0,50.0,高德
罗氏宗祠,2,0,3.9,0,2,0,0.0,高德
市民广场,3,1,4.2,2,0,0,100.0,携程;高德
孙氏宗祠,2,0,4.0,1,1,0,50.0,高德
白氏宗祠,2,0,3.85,0,2,0,0.0,高德
谢氏宗祠,2,0,3.5,0,2,0,0.0,高德
文武庙,2,0,3.9,1,1,0,50.0,高德
梁氏大宗祠,3,1,3.45,0,2,0,0.0,携程;高德
吴氏宗祠,2,0,3.65,0,2,0,0.0,高德
张红山咏春拳馆,2,0,2.55,0,1,1,0.0,高德
随墨书院,2,0,4.05,1,1,0,50.0,高德
方圆书院,2,0,2.65,0,1,1,0.0,高德
子墨书院,2,0,3.8,0,2,0,0.0,高德
五斗水闸牌坊,1,0,4.3,1,0,0,100.0,高德
银坑村祠堂(乡约),2,1,4.1,1,0,0,100.0,去哪儿;高德
拱北公园,1,0,4.3,1,0,0,100.0,高德
恒大御景半岛钟楼,1,0,4.3,1,0,0,100.0,高德
大德社区活动公园,1,0,4.0,1,0,0,100.0,高德
马大将军庙,1,0,3.9,0,1,0,0.0,高德
真成周公祠,1,0,4.0,1,0,0,100.0,高德
基督教里水堂,1,0,4.1,1,0,0,100.0,高德
大沥公园,5,4,4.3,1,0,0,100.0,携程;高德
祖盛徐公祠,1,0,3.9,0,1,0,0.0,高德
罗城三眼井,1,0,4.2,1,0,0,100.0,高德
慕道马公祠,1,0,4.0,1,0,0,100.0,高德
寨边五队李氏宗祠,1,0,3.9,0,1,0,0.0,高德
茶基三圣宫,1,0,4.2,1,0,0,100.0,高德
芦溪公园,1,0,4.0,1,0,0,100.0,高德
观音古庙,1,0,4.1,1,0,0,100.0,高德
和桂文化广场,1,0,3.9,0,1,0,0.0,高德
大藤水岸公园,1,0,4.1,1,0,0,100.0,高德
南国桃园-南海观音寺-三圣殿,1,0,4.4,1,0,0,100.0,高德
南海区基督教官窑堂,1,0,3.9,0,1,0,0.0,高德
大石古庙公园,1,0,4.1,1,0,0,100.0,高德
玄武庙,1,0,4.3,1,0,0,100.0,高德
慧庆禅寺,1,0,4.2,1,0,0,100.0,高德
百岁祠,1,0,4.1,1,0,0,100.0,高德
蛇三公园,1,0,4.2,1,0,0,100.0,高德
下沙滘文化广场,1,0,4.3,1,0,0,100.0,高德
杜氏大宗祠,1,0,4.2,1,0,0,100.0,高德
大谷天后宫,1,0,4.2,1,0,0,100.0,高德
本立黄公祠,1,0,4.1,1,0,0,100.0,高德
信峰公园,1,0,4.1,1,0,0,100.0,高德
张边南公园,1,0,4.3,1,0,0,100.0,高德
善薮吴公祠,1,0,4.0,1,0,0,100.0,高德
麦氏宗祠(不对外开放),1,0,3.9,0,1,0,0.0,高德
宝莲寺,1,0,4.0,1,0,0,100.0,高德
唐氏宗祠,1,0,4.1,1,0,0,100.0,高德
雅瑶文化广场,1,0,4.2,1,0,0,100.0,高德
贤僚公园,1,0,4.2,1,0,0,100.0,高德
天南圣裔,1,0,4.0,1,0,0,100.0,高德
九江镇望海观音寺(不对外开放),1,0,4.1,1,0,0,100.0,高德
中共南三花工委旧址,1,0,4.4,1,0,0,100.0,高德
大镇二中公园,1,0,4.2,1,0,0,100.0,高德
中共南海县委旧址,1,0,4.3,1,0,0,100.0,高德
十四世周公祠,1,0,4.1,1,0,0,100.0,高德
元冈古庙,1,0,4.0,1,0,0,100.0,高德
甘蕉公园,1,0,4.1,1,0,0,100.0,高德
𧒽岗公园-魁星阁,1,0,4.3,1,0,0,100.0,高德
帅府,1,0,4.2,1,0,0,100.0,高德
佛山植物园,12,11,4.6,1,0,0,100.0,去哪儿;携程;高德
唐氏大宗祠,1,0,4.1,1,0,0,100.0,高德
谭氏宗祠,1,0,3.7,0,1,0,0.0,高德
南庄张公祠,1,0,4.0,1,0,0,100.0,高德
江美麦氏宗祠,1,0,4.0,1,0,0,100.0,高德
何氏大宗祠,1,0,3.9,0,1,0,0.0,高德
上街公园,1,0,4.0,1,0,0,100.0,高德
观荣何公祠,1,0,4.0,1,0,0,100.0,高德
胜利公园,1,0,3.9,0,1,0,0.0,高德
莫氏宗祠,1,0,4.0,1,0,0,100.0,高德
程氏大宗祠,1,0,4.1,1,0,0,100.0,高德
宣抚使梁公祠,1,0,4.0,1,0,0,100.0,高德
灵王古庙,1,0,4.1,1,0,0,100.0,高德
石碣朗枝岗健身公园,1,0,4.0,1,0,0,100.0,高德
宋提督梁公祠,1,0,3.8,0,1,0,0.0,高德
莲园,1,0,4.0,1,0,0,100.0,高德
雪松刘公祠,1,0,4.0,1,0,0,100.0,高德
松隐家塾,1,0,3.9,0,1,0,0.0,高德
区氏大宗祠,1,0,4.2,1,0,0,100.0,高德
月川高公祠,1,0,4.0,1,0,0,100.0,高德
泌冲社区群众文化广场,1,0,4.0,1,0,0,100.0,高德
迎宾广场,1,0,4.0,1,0,0,100.0,高德
河滨公园,1,0,3.8,0,1,0,0.0,高德
贵州孔公祠,1,0,4.0,1,0,0,100.0,高德
华光庙广场,1,0,4.1,1,0,0,100.0,高德
岑氏宗祠,1,0,4.0,1,0,0,100.0,高德
严氏宗祠,1,0,3.9,0,1,0,0.0,高德
东山麦公祠,1,0,4.0,1,0,0,100.0,高德
环四社址,1,0,4.1,1,0,0,100.0,高德
珍奇植物园,1,0,3.5,0,1,0,0.0,高德
钟氏大宗祠,1,0,3.9,0,1,0,0.0,高德
南国桃园-南海观音寺-土地庙,1,0,3.7,0,1,0,0.0,高德
南国桃园-南海观音寺-姻缘树,1,0,3.7,0,1,0,0.0,高德
西樵山国艺影视城-地藏菩萨,1,0,3.4,0,1,0,0.0,高德
吕氏宗祠,1,0,3.7,0,1,0,0.0,高德
万氏大宗祠,1,0,3.9,0,1,0,0.0,高德
仙湖音乐喷泉广场,1,0,4.3,1,0,0,100.0,高德
天空之眼摩天轮(金沙洲万达广场),1,0,4.4,1,0,0,100.0,高德
梦里水乡百花园,14,13,4.4,1,0,0,100.0,去哪儿;携程;高德
西樵山风景名胜区-樵园公园,1,0,4.2,1,0,0,100.0,高德
茶花园,1,0,4.0,1,0,0,100.0,高德
罗村中心广场,5,4,4.5,1,0,0,100.0,携程;高德
盐步公园,1,0,4.5,1,0,0,100.0,高德
小塘公园,1,0,4.4,1,0,0,100.0,高德
𧒽岗公园,1,0,4.6,1,0,0,100.0,高德
九龙公园,2,1,4.6,1,0,0,100.0,携程;高德
文翰湖公园,10,9,4.6,1,0,0,100.0,去哪儿;携程;高德
桂城儿童公园,7,6,4.7,1,0,0,100.0,携程;高德
南海全民健身体育公园,1,0,4.5,1,0,0,100.0,高德
孝德湖公园,7,6,4.6,1,0,0,100.0,携程;高德
三山森林公园,11,10,4.6,1,0,0,100.0,携程;高德
河村公园,1,0,4.4,1,0,0,100.0,高德
桂城滨江公园,1,0,4.4,1,0,0,100.0,高德
千灯湖公园北区,11,10,4.5,1,0,0,100.0,携程;高德
官窑文化广场,1,0,4.4,1,0,0,100.0,高德
天湖公园,15,14,4.2,1,0,0,100.0,马蜂窝;高德
松岗文化公园,1,0,4.3,1,0,0,100.0,高德
曹边休闲广场,1,0,4.4,1,0,0,100.0,高德
兴贤党群文化广场,1,0,4.3,1,0,0,100.0,高德
佛山海洋馆,1,0,4.5,1,0,0,100.0,高德
洲村公园,1,0,4.3,1,0,0,100.0,高德
映月湖公园,11,10,4.4,1,0,0,100.0,携程;高德
大基尾公园,1,0,4.3,1,0,0,100.0,高德
博爱湖东草坪广场,1,0,4.3,1,0,0,100.0,高德
听音广场,11,10,4.3,1,0,0,100.0,携程;高德
黄岐公园,2,1,4.4,1,0,0,100.0,携程;高德
礌岗公园-千灯湖活水公园,1,0,4.3,1,0,0,100.0,高德
沿江公园,1,0,3.7,0,1,0,0.0,高德
展旗峰生态公园,11,10,4.6,1,0,0,100.0,携程;高德
半月岛生态公园(南海段),1,0,4.4,1,0,0,100.0,高德
追梦极限运动公园,1,0,4.5,1,0,0,100.0,高德
千灯湖水生态研学基地科普型公园,1,0,4.3,1,0,0,100.0,高德
博爱湖体育公园,1,0,4.3,1,0,0,100.0,高德
兴联村公园,1,0,4.3,1,0,0,100.0,高德
尖东公园,1,0,4.3,1,0,0,100.0,高德
沙头文体公园,1,0,4.3,1,0,0,100.0,高德
南海湿地主题公园,21,20,4.2,1,0,0,100.0,马蜂窝;高德
兴隆公园,1,0,4.4,1,0,0,100.0,高德
白岗公园,1,0,4.3,1,0,0,100.0,高德
水口公园,1,0,4.3,1,0,0,100.0,高德
夏南二荷花广场,1,0,4.3,1,0,0,100.0,高德
东二公园,1,0,4.3,1,0,0,100.0,高德
青龙公园,1,0,4.3,1,0,0,100.0,高德
朝山公园,1,0,4.3,1,0,0,100.0,高德
回龙公园,1,0,4.4,1,0,0,100.0,高德
大步公园,1,0,4.4,1,0,0,100.0,高德
高铁公园,2,1,4.3,1,0,0,100.0,携程;高德
桂城童趣公园,1,0,4.3,1,0,0,100.0,高德
邓西公园,1,0,4.4,1,0,0,100.0,高德
平地公园,1,0,4.3,1,0,0,100.0,高德
里水嘉州广场,1,0,4.2,1,0,0,100.0,高德
九村公园,1,0,4.4,1,0,0,100.0,高德
灯湖市政公园,1,0,4.1,1,0,0,100.0,高德
三山森林公园2期,1,0,4.1,1,0,0,100.0,高德
千灯湖体育公园,1,0,4.3,1,0,0,100.0,高德
横江公园,1,0,4.3,1,0,0,100.0,高德
源林·九江龙舟公园,1,0,4.2,1,0,0,100.0,高德
赤山公园,1,0,4.2,1,0,0,100.0,高德
陈溪公园,1,0,4.3,1,0,0,100.0,高德
平南公园,1,0,4.3,1,0,0,100.0,高德
富寿公园,1,0,4.2,1,0,0,100.0,高德
道头公园,1,0,4.4,1,0,0,100.0,高德
源林西江湿地公园,1,0,4.2,1,0,0,100.0,高德
颜边公园,1,0,4.3,1,0,0,100.0,高德
金沙岛国家湿地公园进口广场,1,0,4.2,1,0,0,100.0,高德
上沙涌公园,1,0,4.3,1,0,0,100.0,高德
夏南二公园,1,0,4.4,1,0,0,100.0,高德
文翰湖公园三期,1,0,4.1,1,0,0,100.0,高德
佛山南海金融公园,1,0,4.1,1,0,0,100.0,高德
金雅轩世纪广场,1,0,4.4,1,0,0,100.0,高德
厦边公园,1,0,4.3,1,0,0,100.0,高德
凤东公园,1,0,4.2,1,0,0,100.0,高德
沙溪公园,2,1,4.2,1,0,0,100.0,携程;高德
桂城西龙湿地公园,1,0,4.2,1,0,0,100.0,高德
东约公园,1,0,4.3,1,0,0,100.0,高德
沥城公园,1,0,4.3,1,0,0,100.0,高德
里东公园,1,0,4.3,1,0,0,100.0,高德
罗村文化公园,1,0,4.0,1,0,0,100.0,高德
南海文化公园,1,0,4.2,1,0,0,100.0,高德
沙涌公园,1,0,4.2,1,0,0,100.0,高德
树蛙攀岩公园,1,0,3.7,0,1,0,0.0,高德
蛇龙公园,1,0,3.8,0,1,0,0.0,高德
街心公园,1,0,3.5,0,1,0,0.0,高德
沙口公园,1,0,4.1,1,0,0,100.0,高德
展旗村公园,1,0,4.2,1,0,0,100.0,高德
罗村咏春体育公园文化广场,1,0,4.3,1,0,0,100.0,高德
康乐公园,1,0,4.0,1,0,0,100.0,高德
八甲公园,1,0,4.2,1,0,0,100.0,高德
状元公园,1,0,4.1,1,0,0,100.0,高德
怡海公园,4,3,4.2,1,0,0,100.0,携程;高德
怡翠公园,1,0,4.0,1,0,0,100.0,高德
草暖公园,1,0,4.1,1,0,0,100.0,高德
里水消防科普公园,1,0,4.2,1,0,0,100.0,高德
东华娱乐公园,1,0,4.2,1,0,0,100.0,高德
丹灶镇消防主题公园,1,0,3.7,0,1,0,0.0,高德
海景森林公园,1,0,4.0,1,0,0,100.0,高德
和顺公园,1,0,4.0,1,0,0,100.0,高德
北一公园,1,0,3.9,0,1,0,0.0,高德
海逸社区公园,1,0,4.0,1,0,0,100.0,高德
探花公园,1,0,4.1,1,0,0,100.0,高德
里水滨河公园,1,0,3.9,0,1,0,0.0,高德
和顺文体公园,1,0,4.1,1,0,0,100.0,高德
荷香园,1,0,4.1,1,0,0,100.0,高德
大沥镇体育休闲公园,1,0,4.1,1,0,0,100.0,高德
南海活力足球公园,1,0,4.4,1,0,0,100.0,高德
莲藕塘公园,1,0,3.9,0,1,0,0.0,高德
东平水道河堤公园,1,0,4.2,1,0,0,100.0,高德
红棉公园,1,0,4.0,1,0,0,100.0,高德
伯奇公园,1,0,4.0,1,0,0,100.0,高德
华光公园,1,0,4.2,1,0,0,100.0,高德
新桂公园,1,0,4.2,1,0,0,100.0,高德
璜溪公园,1,0,3.6,0,1,0,0.0,高德
吕村公园,1,0,4.0,1,0,0,100.0,高德
罗田公园,1,0,4.1,1,0,0,100.0,高德
乐城公园,1,0,4.0,1,0,0,100.0,高德
大操场公园,1,0,4.3,1,0,0,100.0,高德
党建公园,1,0,3.4,0,1,0,0.0,高德
江晖园,1,0,3.8,0,1,0,0.0,高德
参天宫圣庙,1,0,3.7,0,1,0,0.0,高德
守顺吴公祠,1,0,3.6,0,1,0,0.0,高德
太清宫,1,0,3.7,0,1,0,0.0,高德
吴家大院,11,10,4.3,1,0,0,100.0,携程;高德
南国桃园,14,13,4.7,1,0,0,100.0,去哪儿;携程;高德
西樵山-听音湖,1,0,4.6,1,0,0,100.0,高德
南海观音寺,12,11,4.7,1,0,0,100.0,去哪儿;携程;高德
清风亭,1,0,4.1,1,0,0,100.0,高德
南海湾森林生态园,200,199,4.5,1,0,0,100.0,马蜂窝;去哪儿;携程;高德
叶问宗师馆,11,10,4.3,1,0,0,100.0,携程;高德
龙涛湾森林动感水城,1,0,3.9,0,1,0,0.0,高德
白云洞风景区,1,0,4.2,1,0,0,100.0,高德
西樵山风景名胜区,102,101,4.7,1,0,0,100.0,马蜂窝;去哪儿;携程;高德
西樵山南海观音,1,0,4.7,1,0,0,100.0,高德
千灯湖公园,76,75,4.7,1,0,0,100.0,马蜂窝;高德
中央电视台南海影视城,35,34,4.6,1,0,0,100.0,去哪儿;携程;高德
妙音水月宫,1,0,4.1,1,0,0,100.0,高德
纯嘏冯公祠,1,0,3.4,0,1,0,0.0,高德
西樵戴氏大宗祠,1,0,3.9,0,1,0,0.0,高德
谭氏大宗祠,1,0,3.8,0,1,0,0.0,高德
顺天颜公祠,1,0,3.6,0,1,0,0.0,高德
二圣古庙,1,0,3.7,0,1,0,0.0,高德
西窓陈宗祠,1,0,3.8,0,1,0,0.0,高德
福德祠,1,0,4.1,1,0,0,100.0,高德
勉亭丁公祠,1,0,4.0,1,0,0,100.0,高德
林氏宗祠,1,0,3.7,0,1,0,0.0,高德
宗汉黄公祠,1,0,3.9,0,1,0,0.0,高德
西溪张公祠,1,0,4.1,1,0,0,100.0,高德
洪圣古庙,1,0,3.9,0,1,0,0.0,高德
南海神庙,11,10,4.0,1,0,0,100.0,携程;高德
黄岐龙母庙,1,0,4.2,1,0,0,100.0,高德
西樵山风景名胜区-观音庙,2,1,4.2,1,0,0,100.0,携程;高德
西华寺,2,1,4.3,1,0,0,100.0,携程;高德
应忠黄公祠,1,0,3.7,0,1,0,0.0,高德
敏学黄公祠,1,0,3.6,0,1,0,0.0,高德
叶氏大宗祠,1,0,3.8,0,1,0,0.0,高德
谢氏大宗祠,1,0,4.0,1,0,0,100.0,高德
德深李公祠,1,0,4.0,1,0,0,100.0,高德
承源蔡公祠,1,0,3.9,0,1,0,0.0,高德
四世杨公祠,1,0,3.8,0,1,0,0.0,高德
李氏宗祠(太平圩),1,0,3.8,0,1,0,0.0,高德
村头村潘氏大宗祠,1,0,3.8,0,1,0,0.0,高德
平地观音庙,1,0,4.3,1,0,0,100.0,高德
大王庙,1,0,3.8,0,1,0,0.0,高德
钟氏宗祠,1,0,3.7,0,1,0,0.0,高德
天官祖祠,1,0,3.7,0,1,0,0.0,高德
陈氏大宗祠,2,1,4.0,1,0,0,100.0,携程;高德
陈氏凉茶,1,0,3.7,0,1,0,0.0,高德
纯阳古庙,1,0,3.7,0,1,0,0.0,高德
五显祖庙,1,0,3.8,0,1,0,0.0,高德
黄氏大宗祠,11,10,3.6,0,1,0,0.0,携程;高德
佛子庙,1,0,3.4,0,1,0,0.0,高德
云溪侯公祠,1,0,3.7,0,1,0,0.0,高德
芦塘天主堂,1,0,3.8,0,1,0,0.0,高德
基督教盐步堂,7,6,4.3,1,0,0,100.0,去哪儿;携程;高德
基督教罗行堂,1,0,3.5,0,1,0,0.0,高德
佛山市南海区基督教西樵堂,1,0,4.0,1,0,0,100.0,高德
天主堂,1,0,3.5,0,1,0,0.0,高德
基督教鲤鱼沙堂,1,0,4.2,1,0,0,100.0,高德
和光合堂,1,0,2.8,0,0,1,0.0,高德
九江双蒸博物馆,11,10,4.4,1,0,0,100.0,携程;高德
南海博物馆,7,6,4.4,1,0,0,100.0,去哪儿;携程;高德
佛山市儿童博物馆,1,0,4.3,1,0,0,100.0,高德
九江侨乡博物馆,1,0,3.9,0,1,0,0.0,高德
广东大观博物馆,1,0,4.4,1,0,0,100.0,高德
佛山市岭南金融博物馆(新馆),1,0,4.2,1,0,0,100.0,高德
佛山活体昆虫博物馆,2,1,4.3,1,0,0,100.0,携程;高德
康有为博物馆,2,1,4.1,1,0,0,100.0,携程;高德
白沙乡情馆,1,0,4.3,1,0,0,100.0,高德
MOSA梦所睡眠文化博物馆,1,0,4.1,1,0,0,100.0,高德
世界口腔器材博物馆,1,0,4.2,1,0,0,100.0,高德
罗村印象馆,1,0,4.1,1,0,0,100.0,高德
石景宜博士博物馆,1,0,4.1,1,0,0,100.0,高德
古董老爷车博物馆,1,0,4.0,1,0,0,100.0,高德
依黛丽内衣博物馆,1,0,3.7,0,1,0,0.0,高德
卓弘艺术空间,1,0,3.8,0,1,0,0.0,高德
依之妮历史博物馆,1,0,3.7,0,1,0,0.0,高德
侯凯东茶文化博物馆,1,0,3.8,0,1,0,0.0,高德
佛山市南海区福厚博物馆,1,0,3.6,0,1,0,0.0,高德
国风非遗服饰研发馆,1,0,3.7,0,1,0,0.0,高德
六月西洋艺术博物馆,1,0,3.5,0,1,0,0.0,高德
秦窗汉瓦中式铝建筑博物馆,1,0,2.9,0,0,1,0.0,高德
小小博物馆(映月湖环宇城店),1,0,2.9,0,0,1,0.0,高德
佛山大学仙溪校区北区博物馆,1,0,3.2,0,1,0,0.0,高德
锦玥国风美物馆,1,0,3.7,0,1,0,0.0,高德
玄憬龙博物馆(暂停开放),1,0,4.1,1,0,0,100.0,高德
佛山里水楚天黄科举匾额博物馆,1,0,3.7,0,1,0,0.0,高德
西樵山美术馆(有为馆),1,0,4.4,1,0,0,100.0,高德
叠滘水乡村史文化展馆,1,0,4.3,1,0,0,100.0,高德
大沥革命展示馆,1,0,4.1,1,0,0,100.0,高德
南山艺术馆,1,0,4.5,1,0,0,100.0,高德
南海风物方志馆,1,0,3.9,0,1,0,0.0,高德
有为馆,1,0,3.9,0,1,0,0.0,高德
中国蒙娜丽莎文化艺术馆,1,0,4.4,1,0,0,100.0,高德
南海区丹灶镇罗行村史馆,1,0,4.3,1,0,0,100.0,高德
农耕文化展览馆,1,0,4.2,1,0,0,100.0,高德
中共南三花工委史迹展览,1,0,3.8,0,1,0,0.0,高德
仙岗村村史馆,1,0,3.6,0,1,0,0.0,高德
小镇规划馆,1,0,4.3,1,0,0,100.0,高德
宝墨堂书法艺术中心,1,0,4.2,1,0,0,100.0,高德
铁村革命展示馆,1,0,4.2,1,0,0,100.0,高德
南海区袜子文化展览馆,1,0,4.3,1,0,0,100.0,高德
奥帝艺术馆,1,0,4.2,1,0,0,100.0,高德
南海龙堂文化展,1,0,3.8,0,1,0,0.0,高德
木必居古典艺术馆,1,0,4.0,1,0,0,100.0,高德
邹伯奇展示馆,1,0,3.6,0,1,0,0.0,高德
儒林历史文化陈列馆,1,0,3.6,0,1,0,0.0,高德
桂城文化展馆,1,0,3.3,0,1,0,0.0,高德
康有为书法艺术院,1,0,3.9,0,1,0,0.0,高德
华芳影像艺术空间,1,0,3.7,0,1,0,0.0,高德
佛山南海区里水镇收藏馆,1,0,4.0,1,0,0,100.0,高德
招大白坭坑炮楼陈列馆,1,0,2.3,0,0,1,0.0,高德
佛山市科普教育基地(细胞科技科普展馆),1,0,3.3,0,1,0,0.0,高德
良登村史馆,1,0,2.9,0,0,1,0.0,高德
佛山科学技术学院仙溪校区北区校史馆,1,0,3.7,0,1,0,0.0,高德
简村社区村史馆,1,0,1.9,0,0,1,0.0,高德
璜溪村艺术展览馆,1,0,3.5,0,1,0,0.0,高德
樵山文化中心,1,0,4.5,1,0,0,100.0,高德
无界艺术馆,1,0,3.7,0,1,0,0.0,高德
南新美术馆,1,0,4.4,1,0,0,100.0,高德
华天鹤美术馆,1,0,4.4,1,0,0,100.0,高德
映·美术馆,1,0,3.6,0,1,0,0.0,高德
卓艺美术(桂城校区),1,0,4.4,1,0,0,100.0,高德
有荷堂美术馆,1,0,4.5,1,0,0,100.0,高德
钧灏艺术馆,1,0,4.0,1,0,0,100.0,高德
佛山市南海区枫丹美术馆,1,0,4.0,1,0,0,100.0,高德
佛山自觉艺术馆,1,0,4.1,1,0,0,100.0,高德
灏迈艺术馆,1,0,3.9,0,1,0,0.0,高德
小神笔美术馆,1,0,3.8,0,1,0,0.0,高德
艺阡美术馆,1,0,2.9,0,0,1,0.0,高德
乐怡美术馆,1,0,3.1,0,1,0,0.0,高德
鸿扬艺术馆,1,0,3.6,0,1,0,0.0,高德
陈洲亲子美术馆,1,0,3.9,0,1,0,0.0,高德
清雅艺术馆,1,0,3.7,0,1,0,0.0,高德
阳晖茶艺馆,1,0,3.1,0,1,0,0.0,高德
悦艺美术馆(暂停开放),1,0,3.6,0,1,0,0.0,高德
新华乐育Ai书房,1,0,3.5,0,1,0,0.0,高德
读书驿站(里水·麻奢站),1,0,3.8,0,1,0,0.0,高德
读书驿站(桂城中海万锦豪园站),1,0,4.2,1,0,0,100.0,高德
读书驿站(大沥六联社区站),1,0,3.6,0,1,0,0.0,高德
南海科学馆,2,1,4.3,1,0,0,100.0,携程;高德
台铃科技馆(融创御府店),1,0,4.2,1,0,0,100.0,高德
佛山九江小牛顿科学馆(渔具路),1,0,3.7,0,1,0,0.0,高德
广东省民营科技馆,1,0,3.8,0,1,0,0.0,高德
UNI·科技创意中心(映月湖环宇城),1,0,3.1,0,1,0,0.0,高德
南海区信息技术学校,1,0,4.5,1,0,0,100.0,高德
广东省机械技师学院(南海校区),1,0,4.7,1,0,0,100.0,高德
广东轻工职业技术大学(南海校区南区),1,0,4.8,1,0,0,100.0,高德
佛山南海湾实验中学,1,0,4.3,1,0,0,100.0,高德
国际武术学校,1,0,4.4,1,0,0,100.0,高德
美伦国际高中,1,0,4.4,1,0,0,100.0,高德
南海农商银行(总行营业部),1,0,3.8,0,1,0,0.0,高德
南海体育中心,2,1,4.8,1,0,0,100.0,携程;高德
南海体育馆,4,3,4.7,1,0,0,100.0,携程;高德
超级180文娱综合体,1,0,4.4,1,0,0,100.0,高德
南海鹿尔花园,10,9,4.7,1,0,0,100.0,携程;高德
西樵山森吧飞越树上探险乐园,11,10,4.5,1,0,0,100.0,携程;高德
南海区体育中心体育场,2,1,4.7,1,0,0,100.0,携程;高德
南海影剧院,1,0,4.7,1,0,0,100.0,高德
桃园高尔夫会所,1,0,4.5,1,0,0,100.0,高德
莲塘玫瑰园,1,0,4.6,1,0,0,100.0,高德
丰速卡丁车俱乐部(金沙洲店),1,0,4.6,1,0,0,100.0,高德
九龙Park欢乐世界,2,1,4.6,1,0,0,100.0,携程;高德
耕山小寨,1,0,4.4,1,0,0,100.0,高德
金沙洲浪险猴天地,1,0,4.4,1,0,0,100.0,高德
南海高尔夫球会,1,0,4.5,1,0,0,100.0,高德
万达影城(南海万达广场店),1,0,4.7,1,0,0,100.0,高德
谢边农庄(祠侧巷),1,0,4.5,1,0,0,100.0,高德
野望川·露营地,1,0,4.5,1,0,0,100.0,高德
花语湖,1,0,4.5,1,0,0,100.0,高德
远方钓鱼场,1,0,4.4,1,0,0,100.0,高德
黄飞鸿狮艺武术馆,42,41,4.5,1,0,0,100.0,马蜂窝;去哪儿;携程;高德
夏漖粮园·喜文化创意基地,1,0,4.6,1,0,0,100.0,高德
早稻谷文旅小镇,1,0,4.4,1,0,0,100.0,高德
佛山高尔夫球会,4,3,4.6,1,0,0,100.0,携程;高德
淘花园露营地,1,0,4.4,1,0,0,100.0,高德
青木花舍·团建·露营·年会,1,0,4.4,1,0,0,100.0,高德
雾时之森·团建聚会·露营烧烤·派对轰趴,1,0,4.4,1,0,0,100.0,高德
红LiveHouse(佛山店),1,0,4.7,1,0,0,100.0,高德
W · Super Live Show(超级音乐秀场),1,0,4.5,1,0,0,100.0,高德
多元宝贝世界(龙汇店),2,1,4.5,1,0,0,100.0,携程;高德
稻田派对空间paddyparty,1,0,4.5,1,0,0,100.0,高德
星元地带Camping,1,0,4.5,1,0,0,100.0,高德
佛山W台球(旗舰店),1,0,4.7,1,0,0,100.0,高德
泽木体育馆,1,0,4.5,1,0,0,100.0,高德
虾开心钓虾馆·露天小酒馆,1,0,4.5,1,0,0,100.0,高德
上海村足球场,1,0,4.5,1,0,0,100.0,高德
二月花高尔夫球俱乐部,1,0,4.5,1,0,0,100.0,高德
星瑞羽毛球体育中心,1,0,4.6,1,0,0,100.0,高德
桂城半月岛生态公园-露营地,1,0,4.4,1,0,0,100.0,高德
平稳村篮球场,1,0,4.5,1,0,0,100.0,高德
佳高羽毛球乒乓球馆,1,0,4.6,1,0,0,100.0,高德
爆笑虫子城市主题乐园,1,0,4.6,1,0,0,100.0,高德
肥佬钓虾场(金沙洲店),1,0,4.4,1,0,0,100.0,高德
万达影城(佛山南海万科广场店),1,0,4.4,1,0,0,100.0,高德
林溪生态农庄,1,0,4.5,1,0,0,100.0,高德
西樵山桃花源农家乐,1,0,4.3,1,0,0,100.0,高德
乐动力黄岐文体中心,1,0,4.5,1,0,0,100.0,高德
大板牙主题乐园,2,1,4.4,1,0,0,100.0,携程;高德
脉铂影城(佛山金铂中心店),1,0,4.6,1,0,0,100.0,高德
大浩湖度假区,1,0,4.4,1,0,0,100.0,高德
TOP LEVEL顶级娱乐(金沙洲万达广场店),1,0,4.5,1,0,0,100.0,高德
西樵樵海港农庄,1,0,4.4,1,0,0,100.0,高德
南海体育中心游泳馆,1,0,4.5,1,0,0,100.0,高德
上林苑销售中心,1,0,4.5,1,0,0,100.0,高德
佛山市众米乐谷文化旅游有限公司,1,0,4.2,1,0,0,100.0,高德
飙风潮玩娱乐城(网红店),1,0,4.4,1,0,0,100.0,高德
紅 LIVESHOW(佛山桂城店),1,0,4.7,1,0,0,100.0,高德
万达影城(悦汇广场店),1,0,4.4,1,0,0,100.0,高德
超兔健身·24小时,1,0,4.5,1,0,0,100.0,高德
星野云端营地,1,0,4.4,1,0,0,100.0,高德
润禾山庄,1,0,4.4,1,0,0,100.0,高德
金逸影城(鹏瑞利IMAX店),1,0,4.5,1,0,0,100.0,高德
稻梦花田露营地·钓鱼钓虾采摘·团建烤全羊,1,0,4.5,1,0,0,100.0,高德
向峰钓鱼场,1,0,4.3,1,0,0,100.0,高德
聚龙庄顺德菜农庄,1,0,4.6,1,0,0,100.0,高德
大冲白露岗篮球场,1,0,4.5,1,0,0,100.0,高德
小白鸭休闲会所,1,0,4.5,1,0,0,100.0,高德
飞鸿馆(西樵山体育馆),1,0,4.5,1,0,0,100.0,高德
大王锋海钓场,1,0,4.5,1,0,0,100.0,高德
高浩电竞(保利水城店),1,0,4.5,1,0,0,100.0,高德
想唱就唱互动式KTV,1,0,4.6,1,0,0,100.0,高德
温伴团建·烧烤·露营·采摘(贤鲁岛店),1,0,4.4,1,0,0,100.0,高德
英皇w台球,1,0,4.5,1,0,0,100.0,高德
山语湖俱乐部,1,0,4.5,1,0,0,100.0,高德
静心谷钓鱼场,1,0,4.1,1,0,0,100.0,高德
环影天地影城(映月湖环宇城店),1,0,4.4,1,0,0,100.0,高德
一品烧农庄,1,0,4.7,1,0,0,100.0,高德
保利国际影城(佛山南海店),1,0,4.5,1,0,0,100.0,高德
大高村游泳场,1,0,4.5,1,0,0,100.0,高德
高浩电竞(永旺天街店),1,0,4.7,1,0,0,100.0,高德
佛山擎天攀岩馆,1,0,4.4,1,0,0,100.0,高德
开心麻花·花花世界佛山,1,0,4.6,1,0,0,100.0,高德
乐8运动馆,1,0,4.4,1,0,0,100.0,高德
美乐城KTV,1,0,4.4,1,0,0,100.0,高德
新活力足球场,1,0,4.5,1,0,0,100.0,高德
莆田非遗小吃,1,0,3.6,0,1,0,0.0,高德
云涧瑜艺非遗手作体验馆,1,0,4.0,1,0,0,100.0,高德
化州非遗隔水蒸鸡捞粉,1,0,4.0,1,0,0,100.0,高德
麦边非遗传承龙狮训练基地,1,0,3.9,0,1,0,0.0,高德
神草传奇(非遗头疗植物养发馆),1,0,4.1,1,0,0,100.0,高德
佛山非遗洪拳馆,1,0,4.4,1,0,0,100.0,高德
千年艾非遗灸馆(桂城店),1,0,3.6,0,1,0,0.0,高德
发仔醋坊·非遗臭屁醋(壹品广场店),1,0,4.4,1,0,0,100.0,高德
肆季·广西非遗酸嘢(里水佳明广场店),1,0,3.7,0,1,0,0.0,高德
爷爷不泡茶NOYEYENOTEA(佛山南海万科广场店),1,0,4.5,1,0,0,100.0,高德
爷爷不泡茶NOYEYENOTEA(佛山伟业兴隆广场店),1,0,4.3,1,0,0,100.0,高德
爷爷不泡茶NOYEYENOTEA(佛山南海万达广场店),1,0,4.5,1,0,0,100.0,高德
爷爷不泡茶NOYEYENOTEA(佛山大沥永旺梦乐城店),1,0,4.3,1,0,0,100.0,高德
牛牛西厨·牛排餐厅(友邦金融中心店),1,0,4.4,1,0,0,100.0,高德
爷爷不泡茶NOYEYENOTEA(佛山里水嘉洲广场店),1,0,4.2,1,0,0,100.0,高德
爷爷不泡茶NOYEYENOTEA(佛山黄岐金铂天地店),1,0,4.3,1,0,0,100.0,高德
爷爷不泡茶NOYEYENOTEA(佛山金沙洲金铂天地店),1,0,4.3,1,0,0,100.0,高德
广东省非物质文化遗产佛山咏春拳东二义咏堂,2,1,3.1,0,1,0,0.0,携程;高德
煲仔正·老广州煲仔饭(南海万益广场店),1,0,4.2,1,0,0,100.0,高德
牛牛西厨(大沥永旺梦乐城店),1,0,4.1,1,0,0,100.0,高德
佛山市南海区狮山镇联星社区非物质文化遗产传承馆,1,0,3.4,0,1,0,0.0,高德
煲仔正·老广州煲仔饭(永旺梦乐城店),1,0,4.1,1,0,0,100.0,高德
松辰堂沙疗养生馆(狮山长华店),1,0,4.1,1,0,0,100.0,高德
煲仔正·老广州煲仔饭(佛山金铂中心店),1,0,4.1,1,0,0,100.0,高德
煲仔正·老广州煲仔饭(千灯湖店),1,0,4.3,1,0,0,100.0,高德
煲仔正·老广州煲仔饭(佛山南海黄岐店),1,0,4.1,1,0,0,100.0,高德
饶宝莲剪纸艺术佛山孝德湖传承基地,1,0,3.4,0,1,0,0.0,高德
沙水村古村落,1,0,4.2,1,0,0,100.0,高德
太史第,1,0,3.5,0,1,0,0.0,高德
翰林埗头,1,0,3.6,0,1,0,0.0,高德
龙游古村,1,0,4.0,1,0,0,100.0,高德
贤僚古村,1,0,3.7,0,1,0,0.0,高德
赤山古村文化旅游景区,1,0,3.8,0,1,0,0.0,高德
西樵镇-醒狮之乡,1,0,3.6,0,1,0,0.0,高德
汤村南社大有书塾汉润堂,1,0,3.4,0,1,0,0.0,高德
长庚门,1,0,3.4,0,1,0,0.0,高德
烟桥古村,10,9,4.4,1,0,0,100.0,去哪儿;携程;高德
大谷余氏宗祠,1,0,2.3,0,0,1,0.0,高德
宏五吴氏宗祠,1,0,3.3,0,1,0,0.0,高德
雷氏宗祠,1,0,3.3,0,1,0,0.0,高德
蔡氏宗祠,1,0,3.5,0,1,0,0.0,高德
麻奢村潭边邓氏宗祠,1,0,3.8,0,1,0,0.0,高德
上西村卢氏宗祠,1,0,3.7,0,1,0,0.0,高德
高氏大宗祠,1,0,4.0,1,0,0,100.0,高德
黎氏大宗祠,1,0,3.1,0,1,0,0.0,高德
瑶边周氏祠堂,1,0,3.5,0,1,0,0.0,高德
麦氏宗祠,1,0,3.7,0,1,0,0.0,高德
巫氏宗祠,1,0,3.8,0,1,0,0.0,高德
伏水小宗祠,1,0,3.3,0,1,0,0.0,高德
大涡邓家邓氏宗祠,1,0,3.4,0,1,0,0.0,高德
棋盘村陈氏宗祠(万元户纪念馆),1,0,3.9,0,1,0,0.0,高德
傅氏宗祠,1,0,3.7,0,1,0,0.0,高德
梁氏宗祠(荷涌村),1,0,3.7,0,1,0,0.0,高德
烟南南水村吴氏宗祠,1,0,4.0,1,0,0,100.0,高德
邓屋邓氏宗祠,1,0,3.8,0,1,0,0.0,高德
北山村罗氏宗祠,1,0,3.5,0,1,0,0.0,高德
孔村宗祠,1,0,3.8,0,1,0,0.0,高德
奇石村陈氏宗祠,1,0,2.8,0,0,1,0.0,高德
泮边杨氏大宗祠,1,0,3.7,0,1,0,0.0,高德
郭氏祠堂,1,0,3.7,0,1,0,0.0,高德
稔岗苏氏宗祠,1,0,2.7,0,0,1,0.0,高德
劳氏宗祠,1,0,3.1,0,1,0,0.0,高德
帅氏宗祠,1,0,3.7,0,1,0,0.0,高德
陈边宗祠,1,0,4.0,1,0,0,100.0,高德
西樵镇河溪村周家祠堂,1,0,3.7,0,1,0,0.0,高德
洲头村徐氏宗祠,1,0,3.6,0,1,0,0.0,高德
王氏宗祠,1,0,4.0,1,0,0,100.0,高德
叶氏宗祠,1,0,3.1,0,1,0,0.0,高德
西樵山陈家宗祠,1,0,3.6,0,1,0,0.0,高德
儒溪村陈氏宗祠,1,0,3.5,0,1,0,0.0,高德
梁氏祠堂,1,0,3.5,0,1,0,0.0,高德
上安社区郭家经济社郭氏宗祠,1,0,3.6,0,1,0,0.0,高德
三约村陶氏宗祠,1,0,3.7,0,1,0,0.0,高德
汤村龙氏宗祠,1,0,2.9,0,0,1,0.0,高德
老氏七世祠堂,1,0,3.7,0,1,0,0.0,高德
大涡张氏大宗祠,1,0,3.8,0,1,0,0.0,高德
汤村村汤氏宗祠,1,0,3.4,0,1,0,0.0,高德
邝氏宗祠,1,0,3.4,0,1,0,0.0,高德
霍氏宗祠,2,1,2.8,0,0,1,0.0,携程;高德
易氏宗祠,1,0,3.7,0,1,0,0.0,高德
汤氏宗祠,1,0,3.6,0,1,0,0.0,高德
灶岗袁氏大宗祠,1,0,3.8,0,1,0,0.0,高德
赵氏大宗祠,1,0,3.4,0,1,0,0.0,高德
塘口黄氏大宗祠,1,0,3.5,0,1,0,0.0,高德
周氏宗祠,1,0,3.0,0,1,0,0.0,高德
姓李祠堂,1,0,2.7,0,0,1,0.0,高德
靖波潘宗祠,1,0,3.7,0,1,0,0.0,高德
九江镇新龙村关氏宗祠,1,0,3.7,0,1,0,0.0,高德
原氏宗祠,1,0,3.0,0,1,0,0.0,高德
邵边邵氏大宗祠,1,0,4.1,1,0,0,100.0,高德
小布村黄氏宗祠,1,0,3.8,0,1,0,0.0,高德
村尾村祠堂,1,0,3.4,0,1,0,0.0,高德
邝氏大宗祠,1,0,4.1,1,0,0,100.0,高德
狮西华凤祠堂,1,0,3.7,0,1,0,0.0,高德
平沙南社古圆祠堂,1,0,3.5,0,1,0,0.0,高德
南房祠堂,1,0,2.7,0,0,1,0.0,高德
高边村吴氏宗祠,1,0,3.6,0,1,0,0.0,高德
南中祠堂,1,0,3.3,0,1,0,0.0,高德
塘美村祠堂,1,0,2.9,0,0,1,0.0,高德
西樵山宝峰寺,3,2,4.4,1,0,0,100.0,携程;高德
石肯华光庙,1,0,4.3,1,0,0,100.0,高德
财神庙,1,0,4.1,1,0,0,100.0,高德
哪吒庙,1,0,4.3,1,0,0,100.0,高德
东约古庙,1,0,4.1,1,0,0,100.0,高德
四面佛,1,0,3.9,0,1,0,0.0,高德
文武北帝古庙,1,0,4.3,1,0,0,100.0,高德
西樵山风景名胜区-财神庙,1,0,3.8,0,1,0,0.0,高德
云岩古寺,1,0,3.9,0,1,0,0.0,高德
平洲法源寺,1,0,4.1,1,0,0,100.0,高德
田心祖庙,1,0,4.0,1,0,0,100.0,高德
侯王古庙,1,0,4.0,1,0,0,100.0,高德
凤山古庙,1,0,4.0,1,0,0,100.0,高德
三忠古庙,1,0,4.0,1,0,0,100.0,高德
腾滘大社,1,0,3.9,0,1,0,0.0,高德
汤村上社,1,0,3.8,0,1,0,0.0,高德
南国桃园-观音寺-龟蛇池,1,0,3.8,0,1,0,0.0,高德
相公祖庙,1,0,4.0,1,0,0,100.0,高德
列圣古庙,1,0,4.0,1,0,0,100.0,高德
龙母庙,1,0,4.0,1,0,0,100.0,高德
甘露庵,1,0,4.0,1,0,0,100.0,高德
三界古庙,1,0,3.8,0,1,0,0.0,高德
康公庙,1,0,3.7,0,1,0,0.0,高德
观音公园,1,0,3.9,0,1,0,0.0,高德
孔溪天后三元古庙,1,0,3.9,0,1,0,0.0,高德
文昌庙,1,0,3.6,0,1,0,0.0,高德
周将军庙,1,0,3.9,0,1,0,0.0,高德
五显古庙,1,0,3.8,0,1,0,0.0,高德
佛心堂,1,0,3.9,0,1,0,0.0,高德
三忠庙,1,0,3.7,0,1,0,0.0,高德
真武古庙,1,0,4.0,1,0,0,100.0,高德
华佗古庙,1,0,3.7,0,1,0,0.0,高德
少林寺,2,1,4.0,1,0,0,100.0,携程;高德
西樵山白云古寺-客堂,1,0,3.7,0,1,0,0.0,高德
金刚寺,1,0,3.7,0,1,0,0.0,高德
先锋庙,1,0,3.8,0,1,0,0.0,高德
南国桃园-观音寺-荷香塔影,1,0,3.6,0,1,0,0.0,高德
观音堂,1,0,3.7,0,1,0,0.0,高德
杜凤书纪念馆,1,0,4.2,1,0,0,100.0,高德
黄少强先生纪念园,1,0,4.2,1,0,0,100.0,高德
陈启沅纪念馆,1,0,4.1,1,0,0,100.0,高德
叶正简纪念馆,1,0,3.9,0,1,0,0.0,高德
黄少强故居,1,0,3.8,0,1,0,0.0,高德
胜利纪念亭,1,0,3.7,0,1,0,0.0,高德
陈李济李昇佐纪念馆,1,0,3.9,0,1,0,0.0,高德
兴贤文化纪念馆兴贤吴氏大宗祠筹委会,1,0,3.5,0,1,0,0.0,高德
区梦觉故居,1,0,3.9,0,1,0,0.0,高德
邓氏纪念馆,1,0,3.4,0,1,0,0.0,高德
南海兴贤文化纪念馆,1,0,3.6,0,1,0,0.0,高德
区梦觉生平事迹展陈馆,1,0,3.6,0,1,0,0.0,高德
何晃钊故居,1,0,3.9,0,1,0,0.0,高德
万元户纪念馆,1,0,3.6,0,1,0,0.0,高德
方献夫纪念馆,1,0,3.6,0,1,0,0.0,高德
关德兴纪念堂,1,0,3.1,0,1,0,0.0,高德
黄有恒堂君璧纪念馆,1,0,3.0,0,1,0,0.0,高德
黄君壁纪念馆,1,0,2.8,0,0,1,0.0,高德
李紫屏故居,1,0,3.1,0,1,0,0.0,高德
精武珠江派教练邵汉生纪念室,1,0,2.6,0,0,1,0.0,高德
广育奕贤纪念馆,1,0,2.7,0,0,1,0.0,高德
启和文化纪念馆,1,0,2.5,0,0,1,0.0,高德
陈志成纪念中心,1,0,3.2,0,1,0,0.0,高德
陈汉镕纪念亭,1,0,2.4,0,0,1,0.0,高德
里水镇革命烈士纪念碑,1,0,3.9,0,1,0,0.0,高德
泗沥龙舟纪念碑,1,0,3.7,0,1,0,0.0,高德
狮山镇义民纪念碑,1,0,3.8,0,1,0,0.0,高德
大沥革命烈士纪念碑,1,0,3.7,0,1,0,0.0,高德
徐边无辜受害死难贫下中农纪念碑,1,0,3.5,0,1,0,0.0,高德
康有为纪念馆(暂停开放),1,0,4.3,1,0,0,100.0,高德
张云峰烈士纪念碑,1,0,3.7,0,1,0,0.0,高德
叶惠仔纪念亭,1,0,2.8,0,0,1,0.0,高德
朱九江纪念公园,1,0,4.0,1,0,0,100.0,高德
伦文叙纪念广场,1,0,3.4,0,1,0,0.0,高德
爱琴珍珠文化馆,1,0,4.5,1,0,0,100.0,高德
展旗楼状元文化文创体验馆,1,0,4.5,1,0,0,100.0,高德
正皓茶品牌文化馆,1,0,4.1,1,0,0,100.0,高德
西樵山古遗址,1,0,3.8,0,1,0,0.0,高德
广州古窑遗址,1,0,3.8,0,1,0,0.0,高德
佛山奇石窑遗址,1,0,3.2,0,1,0,0.0,高德
四峰书院遗址,1,0,3.1,0,1,0,0.0,高德
吴勤抗日义勇队伏击日军战斗遗址,1,0,3.4,0,1,0,0.0,高德
横窖道口遗址,1,0,3.4,0,1,0,0.0,高德
葛仙遗迹,1,0,3.1,0,1,0,0.0,高德
通心岗遗址,1,0,3.5,0,1,0,0.0,高德
春灰氹遗址,1,0,2.5,0,0,1,0.0,高德
夏西良溪醒狮训练基地,1,0,4.0,1,0,0,100.0,高德
狮兄醒狮美食,1,0,3.7,0,1,0,0.0,高德
跳动大狮·醒狮园,1,0,3.4,0,1,0,0.0,高德
舞醒狮雕塑,1,0,3.2,0,1,0,0.0,高德
穆院同义堂醒狮武术会,1,0,4.0,1,0,0,100.0,高德
何思成堂醒狮团,1,0,2.8,0,0,1,0.0,高德
龙舟潮墟,1,0,3.4,0,1,0,0.0,高德
璜矶龙舟广场,1,0,3.7,0,1,0,0.0,高德
荷村龙舟基地,1,0,4.1,1,0,0,100.0,高德
敦根水上龙舟乐园,2,1,3.3,0,1,0,0.0,携程;高德
白沙龙舟训练基地,1,0,3.7,0,1,0,0.0,高德
西樵纳德利龙舟基地,1,0,4.0,1,0,0,100.0,高德
南金龙舟训练基地,1,0,3.3,0,1,0,0.0,高德
麻奢龙舟基地,1,0,4.3,1,0,0,100.0,高德
满祝龙舟训练基地,1,0,3.5,0,1,0,0.0,高德
龙成龙舟训练基地,1,0,3.8,0,1,0,0.0,高德
上海村龙舟文化公园,1,0,3.1,0,1,0,0.0,高德
沙步龙舟训练基地,1,0,4.1,1,0,0,100.0,高德
上林龙舟俱乐部,1,0,4.1,1,0,0,100.0,高德
三甲龙舟基地,1,0,3.9,0,1,0,0.0,高德
九江璜矶龙舟训练基地,1,0,4.4,1,0,0,100.0,高德
盐步龙涌龙舟训练基地,1,0,3.3,0,1,0,0.0,高德
新桂村龙舟训练基地,1,0,3.8,0,1,0,0.0,高德
杏头龙舟基地,1,0,3.7,0,1,0,0.0,高德
西岸龙舟训练基地,1,0,3.3,0,1,0,0.0,高德
九江龙舟研学营地,1,0,4.4,1,0,0,100.0,高德
新联龙舟训练基地,1,0,3.3,0,1,0,0.0,高德
东平龙舟训练基地,1,0,3.7,0,1,0,0.0,高德
大沥镇联安武术龙狮龙舟训练基地,1,0,3.3,0,1,0,0.0,高德
高海龙舟训练基地,1,0,4.0,1,0,0,100.0,高德
丹灶镇开心龙舟俱乐部,1,0,4.0,1,0,0,100.0,高德
龙舟码头游客中心,1,0,4.0,1,0,0,100.0,高德
下安白沙龙舟训练基地,1,0,4.0,1,0,0,100.0,高德
东秀高村龙舟训练基地,1,0,3.9,0,1,0,0.0,高德
花海流潮龙舟训练基地,1,0,3.9,0,1,0,0.0,高德
东联龙舟训练基地,1,0,3.5,0,1,0,0.0,高德
黄岐罗村龙舟训练基地,1,0,3.8,0,1,0,0.0,高德
镇南龙舟训练基地,1,0,3.9,0,1,0,0.0,高德
狮南龙舟训练基地,1,0,4.1,1,0,0,100.0,高德
西樵华星龙舟训练基地,1,0,3.8,0,1,0,0.0,高德
广府龙舟文化(纳德利)体验基地,1,0,4.4,1,0,0,100.0,高德
新精武极一功夫会馆(佛山校区),1,0,4.4,1,0,0,100.0,高德
南海黄飞鸿中联龙狮训练俱乐部,1,0,4.3,1,0,0,100.0,高德
关氏咏春拳馆,1,0,4.5,1,0,0,100.0,高德
GP综合格斗馆,1,0,4.4,1,0,0,100.0,高德
佛山温拿格斗训练基地温拿拳馆,1,0,4.4,1,0,0,100.0,高德
盛武搏击健身俱乐部(凯德百货大楼店),1,0,4.4,1,0,0,100.0,高德
能量搏击俱乐部(南海新经济小镇店),1,0,4.4,1,0,0,100.0,高德
木村健身·搏击工作室,1,0,3.9,0,1,0,0.0,高德
赤焰泰拳俱乐部,1,0,4.1,1,0,0,100.0,高德
菲思搏击健身俱乐部(罗村店),1,0,3.8,0,1,0,0.0,高德
绍雷陈家沟太极拳俱乐部(金穗楼店),1,0,3.8,0,1,0,0.0,高德
TRIBE部落格斗健身工作室(丽致汇广场店),1,0,4.1,1,0,0,100.0,高德
金沙洲格斗公园·蜘蛛巴柔,1,0,4.0,1,0,0,100.0,高德
马国超太极拳馆(凯泰中心店),1,0,4.4,1,0,0,100.0,高德
洲表村西里聚英堂龙狮团训练基地,1,0,4.3,1,0,0,100.0,高德
中泰搏击训练营(万利广场店),1,0,4.0,1,0,0,100.0,高德
新精武极一功夫会馆(南海校区),1,0,4.1,1,0,0,100.0,高德
佛山忠艺龙狮训练基地,1,0,4.3,1,0,0,100.0,高德
家胜搏击俱乐部,1,0,4.2,1,0,0,100.0,高德
黄佰祥武术馆,1,0,4.2,1,0,0,100.0,高德
拳风社拳击馆,1,0,4.2,1,0,0,100.0,高德
一尊格斗,1,0,4.1,1,0,0,100.0,高德
南海耀保咏春拳馆(家天下·家居广场店),1,0,4.0,1,0,0,100.0,高德
GF 搏击工作室,1,0,3.8,0,1,0,0.0,高德
东悦武道盐步道馆(跆拳道空手道培训),1,0,3.9,0,1,0,0.0,高德
弘武功夫馆,1,0,3.9,0,1,0,0.0,高德
张红山咏春拳,1,0,4.0,1,0,0,100.0,高德
胜林格斗俱乐部(沙田中心2期店),1,0,4.1,1,0,0,100.0,高德
天际泰拳击俱乐部,1,0,4.3,1,0,0,100.0,高德
尚礼跆拳道(悦汇广场·南海A区店),1,0,4.0,1,0,0,100.0,高德
桂城姚才姚祺咏春拳馆,1,0,3.9,0,1,0,0.0,高德
柔侠,1,0,4.1,1,0,0,100.0,高德
康维咏春武术馆,1,0,3.6,0,1,0,0.0,高德
龙飞散打搏击俱乐部,1,0,4.0,1,0,0,100.0,高德
格斗虎搏击俱乐部,1,0,3.9,0,1,0,0.0,高德
红飞格斗俱乐部(里水店),1,0,4.2,1,0,0,100.0,高德
GP综合格斗职业训练基地,1,0,4.2,1,0,0,100.0,高德
闪电搏击俱乐部,1,0,3.8,0,1,0,0.0,高德
南圣跆拳道(亿美商业楼店),1,0,3.9,0,1,0,0.0,高德
黄岐发景跆拳道培训中心,1,0,4.1,1,0,0,100.0,高德
蓝盾格斗俱乐部,1,0,4.0,1,0,0,100.0,高德
贝力亚搏击俱乐部中心,1,0,3.7,0,1,0,0.0,高德
广东省精武会大沥杏花武馆,1,0,4.1,1,0,0,100.0,高德
黄氏格斗基地,1,0,3.4,0,1,0,0.0,高德
佛山真武跆拳道馆(海景花园店),1,0,3.8,0,1,0,0.0,高德
鹏博功夫馆,1,0,4.1,1,0,0,100.0,高德
弘海咏春搏击俱乐部,1,0,3.9,0,1,0,0.0,高德
郑氏跆拳道馆,1,0,3.5,0,1,0,0.0,高德
红飞格斗俱乐部(小塘店),1,0,3.9,0,1,0,0.0,高德
耀学跆拳道(中建广场V+MALL店),1,0,3.4,0,1,0,0.0,高德
尚武龙搏击馆(长信银湾馆),1,0,4.1,1,0,0,100.0,高德
德易国际跆拳道南海馆(西苑大厦店),1,0,3.9,0,1,0,0.0,高德
洲表咏春拳馆,1,0,4.5,1,0,0,100.0,高德
军杰武馆(里水店),1,0,4.3,1,0,0,100.0,高德
佛山市螳螂拳空翻特技培训基地,1,0,4.1,1,0,0,100.0,高德
佛山钲道咏春拳馆,1,0,3.3,0,1,0,0.0,高德
红黄虎少儿体能运动馆(嘉洲广场店),1,0,3.8,0,1,0,0.0,高德
龙武武术跆拳道馆,1,0,3.8,0,1,0,0.0,高德
佛山国鼎武术龙狮团,1,0,4.0,1,0,0,100.0,高德
泓名跆拳道教育(万利广场店),1,0,3.7,0,1,0,0.0,高德
ACU跆拳道(佛山南海大沥嘉洲广场店),1,0,3.4,0,1,0,0.0,高德
广东嘉冠跆拳道馆,1,0,3.4,0,1,0,0.0,高德
仁义咏春拳馆(礌岗公园分馆),1,0,3.7,0,1,0,0.0,高德
九江上东周馆,1,0,4.2,1,0,0,100.0,高德
一越搏击格斗馆,1,0,4.3,1,0,0,100.0,高德
圣力搏击俱乐部,1,0,4.1,1,0,0,100.0,高德
龙虎武堂,1,0,4.4,1,0,0,100.0,高德
九江振兴武术馆(植槐里办事处),1,0,4.0,1,0,0,100.0,高德
武将搏击俱乐部,1,0,3.3,0,1,0,0.0,高德
ONE MORE,1,0,4.0,1,0,0,100.0,高德
佛山市源武星创跆拳道,1,0,4.1,1,0,0,100.0,高德
张氏内家拳功夫馆(海印桂闲城店),1,0,4.0,1,0,0,100.0,高德
聚贤堂第六训练基地(关西一街),1,0,4.0,1,0,0,100.0,高德
腾龙禅武门佛山总部,1,0,4.0,1,0,0,100.0,高德
云龙武术馆(松岗商业广场店),1,0,4.0,1,0,0,100.0,高德
南海白眉武术馆,1,0,4.0,1,0,0,100.0,高德
尚俊跆拳道馆,1,0,4.0,1,0,0,100.0,高德
体艺到家·跳绳·增高·中考·羽毛球·体适能(南海店),1,0,3.6,0,1,0,0.0,高德
西樵龙狮武术运动协会青联龙狮训练基地,1,0,4.5,1,0,0,100.0,高德
碣石武馆,1,0,4.2,1,0,0,100.0,高德
沙溪罡毅龙狮训练基地,1,0,4.2,1,0,0,100.0,高德
佛山聚谊武术龙狮团,1,0,4.4,1,0,0,100.0,高德
西樵尚武白眉武馆,1,0,4.3,1,0,0,100.0,高德
仁义咏春拳馆(佛山高新分馆),1,0,3.7,0,1,0,0.0,高德
蔡李佛丹灶武术馆,1,0,3.8,0,1,0,0.0,高德
佛山跆拳道正道馆,1,0,3.7,0,1,0,0.0,高德
中和咏春拳馆,1,0,4.3,1,0,0,100.0,高德
郭氏咏春拳会,1,0,4.1,1,0,0,100.0,高德
佛山恒胜咏春拳馆,1,0,4.1,1,0,0,100.0,高德
佛山市南海劲道咏春拳馆,1,0,4.5,1,0,0,100.0,高德
聚英散打咏春俱乐部,1,0,3.3,0,1,0,0.0,高德
志添永春拳馆,1,0,4.3,1,0,0,100.0,高德
初心堂咏春馆,1,0,3.9,0,1,0,0.0,高德
郭伟湛咏春拳术总会,1,0,3.9,0,1,0,0.0,高德
东晟永春拳文武馆,1,0,4.0,1,0,0,100.0,高德
黄树华咏春拳馆,1,0,3.6,0,1,0,0.0,高德
良溪咏春拳馆,1,0,4.4,1,0,0,100.0,高德
佛山市咏春拳协会,1,0,3.4,0,1,0,0.0,高德
永春拳馆武术龙狮协会,1,0,3.2,0,1,0,0.0,高德
佛山市七郎咏春拳馆,1,0,3.6,0,1,0,0.0,高德
周杰远詠春全总会,1,0,3.6,0,1,0,0.0,高德
咏春堂,1,0,3.6,0,1,0,0.0,高德
叠滘咏春体育会,1,0,4.3,1,0,0,100.0,高德
香港关明咏春国术总会,1,0,2.6,0,0,1,0.0,高德
国华咏春拳馆,1,0,3.3,0,1,0,0.0,高德
凤池永春拳馆,1,0,3.4,0,1,0,0.0,高德
莳安书院,1,0,4.1,1,0,0,100.0,高德
道能书院,1,0,4.1,1,0,0,100.0,高德
忆善书院(大德分院),1,0,4.1,1,0,0,100.0,高德
三堂书院,1,0,4.4,1,0,0,100.0,高德
凯得书院,1,0,4.2,1,0,0,100.0,高德
秉光书院,1,0,4.3,1,0,0,100.0,高德
臻云书院,1,0,3.7,0,1,0,0.0,高德
圣鸿书院,1,0,3.8,0,1,0,0.0,高德
知了书院,1,0,4.0,1,0,0,100.0,高德
鹄志书院,1,0,4.0,1,0,0,100.0,高德
三和书院,1,0,4.0,1,0,0,100.0,高德
星辰书院,1,0,4.2,1,0,0,100.0,高德
守一书院,1,0,3.8,0,1,0,0.0,高德
江南书院桂江校区,1,0,3.6,0,1,0,0.0,高德
南州书院,1,0,3.8,0,1,0,0.0,高德
听荷轩书院,1,0,3.6,0,1,0,0.0,高德
日月书院(金沙洲金铂天地店),1,0,4.0,1,0,0,100.0,高德
墨禾书院,1,0,3.8,0,1,0,0.0,高德
忆善书院(金沙分院),1,0,3.9,0,1,0,0.0,高德
悦学书院(桐林美苑校区),1,0,4.0,1,0,0,100.0,高德
谦谦书院,1,0,4.4,1,0,0,100.0,高德
西樵如是书院,1,0,4.0,1,0,0,100.0,高德
好未来书院,1,0,3.9,0,1,0,0.0,高德
守一書院,1,0,3.8,0,1,0,0.0,高德
儒能书院,1,0,4.0,1,0,0,100.0,高德
孔亮书院,1,0,3.7,0,1,0,0.0,高德
渔鱼书院,1,0,3.4,0,1,0,0.0,高德
忆善书院(樵晖分院),1,0,3.9,0,1,0,0.0,高德
汉和书院,1,0,3.1,0,1,0,0.0,高德
春华书院,1,0,3.2,0,1,0,0.0,高德
清欢书院,1,0,3.7,0,1,0,0.0,高德
西樵大同书院,1,0,3.5,0,1,0,0.0,高德
德艺传院书院,1,0,3.1,0,1,0,0.0,高德
智德书院,1,0,4.0,1,0,0,100.0,高德
翰华书院(展旗分院),1,0,3.7,0,1,0,0.0,高德
忆善书院(碧玉分院),1,0,3.8,0,1,0,0.0,高德
艺鸣书院,1,0,3.5,0,1,0,0.0,高德
儒一书院(桂城),1,0,3.8,0,1,0,0.0,高德
法布施书院,1,0,3.6,0,1,0,0.0,高德
墨契书院(桂城国金店),1,0,3.8,0,1,0,0.0,高德
启源书院,1,0,2.4,0,0,1,0.0,高德
语易书院,1,0,2.0,0,0,1,0.0,高德
悉达书院,1,0,2.8,0,0,1,0.0,高德
阙里旧家,1,0,3.4,0,1,0,0.0,高德
梁植伟旧居,1,0,3.0,0,1,0,0.0,高德
黄柱和旧居,1,0,2.7,0,0,1,0.0,高德
中央电视台南海影视城-城墙城门楼,1,0,4.1,1,0,0,100.0,高德
麻奢西位牌坊序,1,0,4.2,1,0,0,100.0,高德
朝山红楼,1,0,3.9,0,1,0,0.0,高德
古山黄公祠,1,0,4.1,1,0,0,100.0,高德
徐氏怀德堂,1,0,3.9,0,1,0,0.0,高德
才盛余公祠,1,0,3.8,0,1,0,0.0,高德
南海区亲寄盐步河西西炮楼,1,0,3.7,0,1,0,0.0,高德
锺氏宗祠,1,0,3.7,0,1,0,0.0,高德
晋阳古道,1,0,3.7,0,1,0,0.0,高德
佛山市南海区狮山镇官窑黎岗乡礼南村六巷省轩李公祠,1,0,3.6,0,1,0,0.0,高德
狮北井水邓氏宗祠,1,0,3.7,0,1,0,0.0,高德
何家天门牌坊,1,0,3.2,0,1,0,0.0,高德
明清皇宫,1,0,3.8,0,1,0,0.0,高德
远扬信芳黄公祠,1,0,3.7,0,1,0,0.0,高德
董氏宗祠,1,0,3.4,0,1,0,0.0,高德
王氏大祠堂,1,0,3.3,0,1,0,0.0,高德
蚝壳墙,1,0,2.9,0,0,1,0.0,高德
僧道守云门,1,0,3.1,0,1,0,0.0,高德
西樵山风景名胜区-字祖庙(装修中),1,0,3.4,0,1,0,0.0,高德
竹窓许公祠,1,0,3.8,0,1,0,0.0,高德
火车头植物园,3,3,,,,,,去哪儿;携程
佛山市祖庙博物馆,22,22,,,,,,去哪儿;携程
南风古灶,30,30,,,,,,去哪儿;携程
佛山梁园,12,12,,,,,,去哪儿;携程
佛山岭南新天地,18,18,,,,,,去哪儿;携程
佛山科学馆,11,11,,,,,,去哪儿;携程
漫活工房,1,1,,,,,,去哪儿
有记家厨(后龙西街店),2,2,,,,,,去哪儿
板田屋(桂州店),1,1,,,,,,去哪儿
泰爱里(岭南天地店),4,4,,,,,,去哪儿
太艮堡毋米粥·粥底火锅(岭南天地店),2,2,,,,,,去哪儿
清晖园,10,10,,,,,,去哪儿
景·日本料理(大良店),1,1,,,,,,去哪儿
黄但记·顺德老字号·陈村粉食府,1,1,,,,,,去哪儿
佛山美的鹭湖爱丽丝庄园,13,13,,,,,,去哪儿;携程
西樵山国艺影视城,54,54,,,,,,马蜂窝;去哪儿;携程
耘苑私房菜,1,1,,,,,,去哪儿
文会里嫁娶屋,5,5,,,,,,去哪儿;携程
三水森林公园,13,13,,,,,,去哪儿;携程
红桥园过桥米线馆,1,1,,,,,,去哪儿
大旗头古村,11,11,,,,,,去哪儿;携程
三水芦苞温泉度假村,16,16,,,,,,去哪儿;携程
顺德人家食府(黄金广场店),1,1,,,,,,去哪儿
逢简水乡,14,14,,,,,,去哪儿;携程
长鹿旅游休博园,55,55,,,,,,去哪儿;携程
猪肉婆私房菜(容桂总店),2,2,,,,,,去哪儿
牛展面食店,2,2,,,,,,去哪儿
𠮩𠹌私房菜(近良店),2,2,,,,,,去哪儿
荷花奇境(三水荷花世界),16,16,,,,,,去哪儿;携程
渔乡米坊(清晖路店),1,1,,,,,,去哪儿
皂幕山旅游风景区,12,12,,,,,,去哪儿;携程
罗浮宫国际家居博览中心,11,11,,,,,,去哪儿;携程
池尚火锅自选超市(容桂渔人码头店),1,1,,,,,,去哪儿
李掌勺·湖南家宴(狮山店),1,1,,,,,,去哪儿
南海万科广场,1,1,,,,,,去哪儿
新够料私房菜·寻味顺德,1,1,,,,,,去哪儿
寻味顺德·珍之宝酒楼(银钻店),3,3,,,,,,去哪儿
花洲水乡顺德菜,1,1,,,,,,去哪儿
乐漫冰雪王国(OPLAZA欢乐海岸购物中心店),11,11,,,,,,去哪儿;携程
和信广场,1,1,,,,,,去哪儿
佛山南海华美达酒店·餐厅,1,1,,,,,,去哪儿
马田日本料理,1,1,,,,,,去哪儿
大汇糖(白坭店),1,1,,,,,,去哪儿
粥功夫,1,1,,,,,,去哪儿
小泰太,1,1,,,,,,去哪儿
金保利高尔夫球会,1,1,,,,,,去哪儿
御海湾大酒楼(同济路店),1,1,,,,,,去哪儿
东记甜品(佛山总店),1,1,,,,,,去哪儿
卡朋西餐(铂顿城店),1,1,,,,,,去哪儿
文塔公园,11,11,,,,,,去哪儿;携程
佛山黄飞鸿纪念馆,14,14,,,,,,去哪儿;携程
石湾公园,11,11,,,,,,去哪儿;携程
笑颜,1,1,,,,,,去哪儿
Pelicana Chicken,1,1,,,,,,去哪儿
牛牛西厨（张槎店）,1,1,,,,,,去哪儿
拉夏贝尔,1,1,,,,,,去哪儿
圣宝龙,1,1,,,,,,去哪儿
大润发(顺德店),1,1,,,,,,去哪儿
友壹町寿司(容桂天佑城店),1,1,,,,,,去哪儿
天佑城(顺德店),2,2,,,,,,去哪儿
卡佛连(延年路店),1,1,,,,,,去哪儿
鲤鱼门(金都分店),1,1,,,,,,去哪儿
冯不记米坊(印象城店),1,1,,,,,,去哪儿
如轩•海鲜砂锅粥•粤菜(绿景店),1,1,,,,,,去哪儿
富豪西餐厅(均安店),1,1,,,,,,去哪儿
华莱士·全鸡汉堡(容山店),1,1,,,,,,去哪儿
新世界中心商场,1,1,,,,,,去哪儿
仁信老铺(华盖路店),2,2,,,,,,去哪儿
喜粤点(百花店),1,1,,,,,,去哪儿
顺峰山公园,13,13,,,,,,去哪儿;携程
和膳居私房菜馆(石湾店),1,1,,,,,,去哪儿
君临餐厅,1,1,,,,,,去哪儿
吴系茶餐厅(岭南天地店),2,2,,,,,,去哪儿
石湾,11,11,,,,,,去哪儿;携程
星巴克(佛山铂顿店),1,1,,,,,,去哪儿
百花广场,1,1,,,,,,去哪儿
箐叶越式料理(岭南天地店),1,1,,,,,,去哪儿
萨莉亚意式餐厅(东方广场店),1,1,,,,,,去哪儿
SUMMER HOUSE PIZZA·BAR(夏天房子披萨餐吧岭南天地店),1,1,,,,,,去哪儿
盈香心动乐园,20,20,,,,,,去哪儿;携程
顺德欢乐海岸PLUS,20,20,,,,,,去哪儿;携程
枫林白塔,1,1,,,,,,去哪儿
佛罗伦萨小镇（广佛名品奥特莱斯）,1,1,,,,,,去哪儿
大良华盖路商业步行街,18,18,,,,,,去哪儿;携程
民信老铺(华盖路店),1,1,,,,,,去哪儿
李小龙祖居,17,17,,,,,,去哪儿;携程
佛山金城大酒店（祖庙岭南天地店）·中餐厅,1,1,,,,,,去哪儿
得心斋(文华北路店),1,1,,,,,,去哪儿
欢姐伦教糕(伦教总店),1,1,,,,,,去哪儿
庆真楼,2,2,,,,,,去哪儿;携程
红星光发煲仔饭(文海店),2,2,,,,,,去哪儿
宝苞农场,1,1,,,,,,去哪儿
华仔土鸡店(盐步店),1,1,,,,,,去哪儿
海南羊庄(盐步店),1,1,,,,,,去哪儿
单向空间(顺德ALSO店),1,1,,,,,,去哪儿
顺德容桂渔人码头,13,13,,,,,,去哪儿;携程
钟楼公园,11,11,,,,,,去哪儿;携程
阿爆柠檬茶(大良店),1,1,,,,,,去哪儿
ALSO LIVE,2,2,,,,,,去哪儿;携程
顺德南宏海洋公园,12,12,,,,,,去哪儿;携程
佛山粤剧院,2,2,,,,,,去哪儿;携程
大润发(高明店),1,1,,,,,,去哪儿
佛山创意产业园,14,14,,,,,,去哪儿;携程
三龙湾游船,11,11,,,,,,去哪儿;携程
清泰农庄,1,1,,,,,,去哪儿
白鹭湖生态保护区,2,2,,,,,,去哪儿;携程
寻味顺德·珍之宝酒楼(杏坛店),4,4,,,,,,去哪儿
龙的酒楼,1,1,,,,,,去哪儿
大汕岛,4,4,,,,,,去哪儿;携程
龙归里龙舟文化·湖景民宿(佛山顺德欢乐海岸plus店),2,2,,,,,,去哪儿
和美术馆,11,11,,,,,,去哪儿;携程
岭南和园,14,14,,,,,,去哪儿;携程
听音湖,11,11,,,,,,去哪儿;携程
捞德顺·顺德鱼生私房菜(容桂店),1,1,,,,,,去哪儿
松塘村,20,20,,,,,,马蜂窝;去哪儿;携程
香云纱博物馆,11,11,,,,,,去哪儿;携程
国家五钻酒家·西樵旺阁渔村(西樵店),1,1,,,,,,去哪儿
鹭湖探索王国,14,14,,,,,,去哪儿;携程
南岸公园,1,1,,,,,,去哪儿
有骨气,1,1,,,,,,去哪儿
佛山顺德喜来登酒店,1,1,,,,,,去哪儿
椰奶奶甜品,1,1,,,,,,去哪儿
东豪园林海鲜酒家·宴会厅,1,1,,,,,,去哪儿
金东口肠粉店(建新路店),1,1,,,,,,去哪儿
细妹五香牛杂(步行街店),1,1,,,,,,去哪儿
三洲猪什粥,1,1,,,,,,去哪儿
叶问堂,12,12,,,,,,去哪儿;携程
金榜欢记牛奶牛乳,2,2,,,,,,去哪儿
韦记牛杂汤(清晖园店),2,2,,,,,,去哪儿
美的鹭湖半山汤谷,13,13,,,,,,去哪儿;携程
佛山南海利泰皇冠假日酒店,3,3,,,,,,去哪儿
佛山东平保利洲际酒店·月色西餐厅,1,1,,,,,,去哪儿
三水森林赛车俱乐部,1,1,,,,,,去哪儿
鹭湖旱雪小镇,9,9,,,,,,去哪儿;携程
李小龙乐园,185,185,,,,,,去哪儿;携程
聚福山莊(大良店),1,1,,,,,,去哪儿
美的鹭湖森林度假区,11,11,,,,,,去哪儿;携程
南丹山森林王国,24,24,,,,,,去哪儿;携程
侨鑫生态园,12,12,,,,,,去哪儿;携程
三水九道谷,7,7,,,,,,去哪儿;携程
文华公园,11,11,,,,,,去哪儿;携程
三水凤凰汤泉,11,11,,,,,,去哪儿;携程
西樵山风景名胜区-天湖公园,11,11,,,,,,去哪儿;携程
九龙岩,5,5,,,,,,去哪儿;携程
佛山顺德香云纱园林酒店·香云轩·顺德菜,1,1,,,,,,去哪儿
辉哥私房菜(东明路店),1,1,,,,,,去哪儿
美居酒店(佛山顺德北滘公园地铁站店),7,7,,,,,,去哪儿
伦教678文化街,11,11,,,,,,去哪儿;携程
寻味顺德·珍之宝酒楼(伦教店),2,2,,,,,,去哪儿
碧江金楼,11,11,,,,,,去哪儿;携程
喜万年年嫁女饼(伦教总店),2,2,,,,,,去哪儿
华盖山栈道,11,11,,,,,,去哪儿;携程
Amand亚曼达·创富国际公寓(佛山容桂海骏达店),1,1,,,,,,去哪儿
容边排骨饭,1,1,,,,,,去哪儿
亲子乐园,1,1,,,,,,去哪儿
佛山岭南天地康得思酒店,1,1,,,,,,去哪儿
先行图书(垂虹路店),1,1,,,,,,去哪儿
季华公园,11,11,,,,,,去哪儿;携程
西樵平沙岛,51,51,,,,,,马蜂窝
西樵黄大仙祠景区,14,14,,,,,,马蜂窝
南海观音文化苑,5,5,,,,,,马蜂窝
佛山 · 王力宏「最好的地方」巡回演唱会-佛山站,1,1,,,,,,携程
佛山 · 黄丽玲A-Lin 歌 迹 Journey世界巡回演唱会,1,1,,,,,,携程
广东千古情,10,10,,,,,,携程
清晖园博物馆,10,10,,,,,,携程
佛山 · 2026张韶涵「觅光」巡回演唱会-佛山站,1,1,,,,,,携程
长隆野生动物世界,10,10,,,,,,携程
广州长隆度假区,10,10,,,,,,携程
沙面,10,10,,,,,,携程
珠江夜游,10,10,,,,,,携程
陈家祠,10,10,,,,,,携程
长隆飞鸟乐园,10,10,,,,,,携程
南越王博物院(王墓展区),10,10,,,,,,携程
广州塔,10,10,,,,,,携程
越秀公园,10,10,,,,,,携程
佛山舞狮表演,1,1,,,,,,携程
佛山 · 胡彦斌2025《是一场烟火·刹那》巡回演唱会,1,1,,,,,,携程
史努比缤纷世界,10,10,,,,,,携程
佛山 · Supper Moment「谢谢你啊世界」演唱会—佛山站,1,1,,,,,,携程
广州长隆国际大马戏,10,10,,,,,,携程
上下九步行街,10,10,,,,,,携程
千灯湖,10,10,,,,,,携程
大佛古寺,10,10,,,,,,携程
长隆欢乐世界,10,10,,,,,,携程
北京路步行街,10,10,,,,,,携程
佛山 · 2026 佛山大草地 MusicBlend跨界音乐嘉年华,1,1,,,,,,携程
佛山露营,1,1,,,,,,携程
佛山武术表演,1,1,,,,,,携程
广州圣心大教堂,10,10,,,,,,携程
广州中山纪念堂,1,1,,,,,,携程
南越王博物院(王宫展区),9,9,,,,,,携程
广东省博物馆,10,10,,,,,,携程
长隆水上乐园,10,10,,,,,,携程
佛山 · CENTRAL CEE 2026《CAN’T RUSH GREATNESS》世界巡演,1,1,,,,,,携程
珠江夜游天字码头,10,10,,,,,,携程
广州博物馆,10,10,,,,,,携程
太古仓,10,10,,,,,,携程
广州塔460米摩天轮,10,10,,,,,,携程
广东科学中心,10,10,,,,,,携程
西关永庆坊旅游区,10,10,,,,,,携程
海珠有轨电车1号线,10,10,,,,,,携程
正佳极地海洋世界,10,10,,,,,,携程
广州动物园,10,10,,,,,,携程
佛山 · 豆豆脱口秀专场《算你厉害》丨Standby 出品,1,1,,,,,,携程
南海观音,8,8,,,,,,携程
佛山 · 汤宝如《 In The Moment 》时光 · 印记 巡回音乐会,1,1,,,,,,携程
正佳广场商贸旅游区,10,10,,,,,,携程
广州十三行博物馆,10,10,,,,,,携程
广州 · 邓紫棋 I AM GLORIA 世界巡回演唱会,1,1,,,,,,携程
广州 · “温暖的约定”SUPER JUNIOR-D&E广州粉丝见面会,1,1,,,,,,携程
佛山 · 话剧《Skylight天色》,1,1,,,,,,携程
佛山 · 许靖韵《Glowing》巡回音乐会,1,1,,,,,,携程
陈村花卉世界,10,10,,,,,,携程
广州citywalk,1,1,,,,,,携程
宝墨园,10,10,,,,,,携程
西山庙,10,10,,,,,,携程
白云山,10,10,,,,,,携程
广州兰圃,10,10,,,,,,携程
珠江夜游大沙头码头,10,10,,,,,,携程
佛山 · 舞剧《永不消逝的电波》,1,1,,,,,,携程
中山大学(广州校区南校园),10,10,,,,,,携程
广州海洋馆,10,10,,,,,,携程
珠江夜游广州塔码头,10,10,,,,,,携程
佛山 · 开心麻花西部沉浸式互动喜剧《婚礼大镖客》,1,1,,,,,,携程
国际体育文化演艺中心,5,5,,,,,,携程
花城广场,10,10,,,,,,携程
广州 · 环境式驻演音乐剧《阿波罗尼亚》,1,1,,,,,,携程
沙湾古镇,10,10,,,,,,携程
佛山 · 跨年脱口秀&倒计时｜荔枝喜剧x祖庙脱口秀｜脱口秀漫才即兴｜快乐解压,1,1,,,,,,携程
荔湾湖公园,10,10,,,,,,携程
荔枝湾涌,10,10,,,,,,携程
顺德博物馆,10,10,,,,,,携程
广州 · 老狼《纯真年代》巡回演唱会,1,1,,,,,,携程
黄埔军校旧址纪念馆,2,2,,,,,,携程
顺德玛雅海滩水公园,9,9,,,,,,携程
2026广州白鹅潭春节烟花秀,1,1,,,,,,携程
粤剧艺术博物馆,10,10,,,,,,携程
珠江新城,10,10,,,,,,携程
海珠国家湿地公园,10,10,,,,,,携程
西华路美食街,10,10,,,,,,携程
平洲玉器街,10,10,,,,,,携程
广州 · 哈哈曹脱口秀专场《长沙盆鱼宴》,1,1,,,,,,携程
珠江夜游海心沙西区码头,10,10,,,,,,携程
广州 · 天河正佳广场脱口秀精品秀｜周一到周日每天三场【魔脱喜剧】｜爆笑脱口秀约会解压喜剧大会,1,1,,,,,,携程
中国科学院华南国家植物园,10,10,,,,,,携程
海珠广场,10,10,,,,,,携程
海心沙亚运公园,10,10,,,,,,携程
广东民间工艺博物馆,2,2,,,,,,携程
广州 · RE:GRASSHOPPER草蜢巡回演唱会-广州站,1,1,,,,,,携程
广州 · 英文原版音乐剧《剧院魅影》,1,1,,,,,,携程
华侨城欢乐海岸主题公园,3,3,,,,,,携程
正佳雨林生态植物园,10,10,,,,,,携程
广州城市双层观光巴士,10,10,,,,,,携程
佛山千灯湖音乐秀场,1,1,,,,,,携程
孙中山大元帅府纪念馆,1,1,,,,,,携程
光孝寺,10,10,,,,,,携程
岭南印象园,10,10,,,,,,携程
广州 · 「阿波罗尼亚前传」环境式驻演音乐剧《桑塔露琪亚》,1,1,,,,,,携程
佛山乐园,1,1,,,,,,携程
南海海洋亲子乐园,10,10,,,,,,携程
五羊石雕,9,9,,,,,,携程
广东石湾陶瓷博物馆,10,10,,,,,,携程
正佳企鹅冰雪世界,10,10,,,,,,携程
广州赏黄花风铃木,1,1,,,,,,携程
佛山 · 钟嘉欣Remember《记得》2026巡回演唱会·生日惊喜限定场,1,1,,,,,,携程
珠江夜游广州塔·中大码头,10,10,,,,,,携程
广州 · 声声不息·港乐经典金曲演唱会,1,1,,,,,,携程
镇海楼,10,10,,,,,,携程
广州 · 卢冠廷「My Music · My Life 一生所爱」演唱会-广州站,1,1,,,,,,携程
万象更新——“中国白·德化瓷”艺术大展,1,1,,,,,,携程
灯湖西街(佛山保利MALL店),9,9,,,,,,携程
长岐古村,9,9,,,,,,携程
金榜牌坊,2,2,,,,,,携程
云萝植物园,10,10,,,,,,携程
余荫山房,10,10,,,,,,携程
长洲岛,10,10,,,,,,携程
空中缆车,10,10,,,,,,携程
Fama Plus+海丰户外营地,1,1,,,,,,携程
天鹅湖休闲酒店水疗·汤泉生活,10,10,,,,,,携程
游龙峡漂流,10,10,,,,,,携程
佛山世纪莲体育中心,6,6,,,,,,携程
江门古劳水乡旅游区,10,10,,,,,,携程
宝林寺,10,10,,,,,,携程
广州 · 爆笑互动交友｜每日精品脱口秀 | 顽笑猴脱口秀,1,1,,,,,,携程
鸣石花园,9,9,,,,,,携程
顺德港游船,10,10,,,,,,携程
广州塔阿尔法探索乐园,10,10,,,,,,携程
佛山 · 洪卓立《探索者Exploer》巡回音乐会,1,1,,,,,,携程
正佳自然科学博物馆,10,10,,,,,,携程
叠滘水乡,3,3,,,,,,携程
广州 · 唐九洲2026《JOJO LAND》巡回演唱会（生日限定场）,1,1,,,,,,携程
环球活体自然科普展 - 佛山站,1,1,,,,,,携程
广州 · 音乐剧《时光代理人》,1,1,,,,,,携程
《缪斯与黄金时代》阿尔丰斯·穆夏真迹世纪回顾展,1,1,,,,,,携程
广东粤剧博物馆,10,10,,,,,,携程
有马空间(琶洲店),6,6,,,,,,携程
云台花园,10,10,,,,,,携程
广州 · GO WITH THE FLOW林峯演唱会-广州站,5,5,,,,,,携程
海心桥,10,10,,,,,,携程
超级飞侠主题乐园,1,1,,,,,,携程
佛罗伦萨小镇jungle奇幻丛林,8,8,,,,,,携程
广州 · 「此刻说爱我」茜拉 Livehouse 巡演 2026-广州站,1,1,,,,,,携程
珠海长隆海洋王国,10,10,,,,,,携程
孔庙,10,10,,,,,,携程
Hello Kitty猫主题乐园,1,1,,,,,,携程
佛山 · 声声不息·宝岛季——华语流行经典金曲演唱会,1,1,,,,,,携程
漾·南海湾探索乐园,10,10,,,,,,携程
探秀·TShow（岭南盛宴）,1,1,,,,,,携程
上海风情街,1,1,,,,,,携程
佛山大草地音乐秀场,1,1,,,,,,携程
鹭湖水世界,10,10,,,,,,携程
广州十三行,1,1,,,,,,携程
北滘公园,10,10,,,,,,携程
广州 · 天河路脱口秀爆笑专场【大笑喜剧】周一至周日|吐槽爆笑大会|开心互动|即兴喜剧之夜精品秀,1,1,,,,,,携程
《MATTER NOW！此刻之后，未来已来》T2M材料美学特展,1,1,,,,,,携程
中国进出口商品交易会（广交会）展馆,10,10,,,,,,携程
白云山风景名胜区-山顶公园,10,10,,,,,,携程
拾野川,5,5,,,,,,携程
中山公园,30,30,,,,,,携程
广州白云国际会议中心,10,10,,,,,,携程
钟楼,10,10,,,,,,携程
祖庙,1,1,,,,,,携程
凤岭公园,10,10,,,,,,携程
深圳世界之窗,10,10,,,,,,携程
顺德自然科学馆,3,3,,,,,,携程
广州 · ONER《万能狂欢派对Chill Party 》巡回演唱会,1,1,,,,,,携程
广州热雪奇迹,10,10,,,,,,携程
佛山市博物馆,1,1,,,,,,携程
珠海长隆度假区,10,10,,,,,,携程
长隆飞船乐园,10,10,,,,,,携程
广州融创文旅城,10,10,,,,,,携程
广州 · WESTLIFE: A GALA EVENING IN GUANGZHOU 西城男孩 - 盛会之夜·交响乐特别献礼演出广州站,1,1,,,,,,携程
莲花山旅游区,10,10,,,,,,携程
深圳平安金融中心云际观光层,10,10,,,,,,携程
景山公园,10,10,,,,,,携程
港珠澳大桥游,10,10,,,,,,携程
清远长隆森林王国,10,10,,,,,,携程
欢乐港湾,10,10,,,,,,携程
珠海横琴《长隆秀》,10,10,,,,,,携程
锦绣中华民俗村,10,10,,,,,,携程
广州融创乐园,10,10,,,,,,携程
深圳欢乐谷,10,10,,,,,,携程
东澳岛,10,10,,,,,,携程
甘坑古镇,10,10,,,,,,携程
深圳野生动物园,10,10,,,,,,携程
深圳 · EvolutionNicLive谢霆锋进化演唱会-深圳站,1,1,,,,,,携程
澳门环岛游,10,10,,,,,,携程
古龙峡,10,10,,,,,,携程
大梅沙海滨公园,10,10,,,,,,携程
深圳 · 华晨宇火星演唱会-深圳站,1,1,,,,,,携程
东门老街,10,10,,,,,,携程
七星岩,10,10,,,,,,携程
深圳湾公园,10,10,,,,,,携程
广州 · 裘德 《离开银色荒原PLUS》巡回演唱会,1,1,,,,,,携程
赤坎·广东华侨国际旅游度假区,10,10,,,,,,携程
深圳 · JOLIN 蔡依林2026《PLEASURE》巡回演唱会,1,1,,,,,,携程
湾区之光摩天轮,10,10,,,,,,携程
圆明新园,10,10,,,,,,携程
招商蛇口邮轮母港游览,10,10,,,,,,携程
广东罗浮山风景名胜区,10,10,,,,,,携程
清远长隆度假区,10,10,,,,,,携程
清远笔架山旅游度假区,10,10,,,,,,携程
古龙峡漂流,10,10,,,,,,携程
中山詹园,10,10,,,,,,携程
鼎湖山,10,10,,,,,,携程
广州露营,1,1,,,,,,携程
情侣路,10,10,,,,,,携程
星湖旅游景区,10,10,,,,,,携程
珠海御温泉,10,10,,,,,,携程
海上世界,10,10,,,,,,携程
广州直升机体验,1,1,,,,,,携程
珠海大剧院,10,10,,,,,,携程
珠海景山观光索道,10,10,,,,,,携程
珠海太空中心,10,10,,,,,,携程
开平碉楼文化旅游区,10,10,,,,,,携程
海上看港珠澳大桥,10,10,,,,,,携程
南沙天后宫,10,10,,,,,,携程
【深圳】哈利波特：禁忌森林体验,10,10,,,,,,携程
孙中山故居纪念馆,1,1,,,,,,携程
珠海拱北口岸,10,10,,,,,,携程
广州 · Dearest Dear Jane Live 2026 广州站,1,1,,,,,,携程
白水寨风景名胜区,10,10,,,,,,携程
华发冰雪热雪奇迹,10,10,,,,,,携程
珠海渔女,10,10,,,,,,携程
湾仔旅游码头,10,10,,,,,,携程
江门三十三墟街,10,10,,,,,,携程
广州融创水世界,10,10,,,,,,携程
深圳科学技术馆,10,10,,,,,,携程
中山影视城,10,10,,,,,,携程
孙中山故里旅游区,1,1,,,,,,携程
中山滑草,1,1,,,,,,携程
森林海嬉水乐园,10,10,,,,,,携程
广州赏木棉花,1,1,,,,,,携程
野狸岛,10,10,,,,,,携程
小鸟天堂,10,10,,,,,,携程
深圳 · 2026《On Fire》HIP-HOP之夜演唱会,1,1,,,,,,携程
自力村碉楼群,10,10,,,,,,携程
南社明清古村落,10,10,,,,,,携程
黄腾峡生态旅游区,10,10,,,,,,携程
珠海泡温泉,1,1,,,,,,携程
广州融创体育世界,10,10,,,,,,携程
2026广州国际女子网球公开赛,1,1,,,,,,携程
松山湖生态景区,10,10,,,,,,携程
玄真峡谷嬉水王国,10,10,,,,,,携程
清远玄真漂流,10,10,,,,,,携程
南社村,4,4,,,,,,携程
中山泉眼温泉,10,10,,,,,,携程
东莞香市动物园,10,10,,,,,,携程
西溪古村,10,10,,,,,,携程
中山温泉,10,10,,,,,,携程
清远新银盏温泉,10,10,,,,,,携程
鸦片战争博物馆,1,1,,,,,,携程
清远长隆森林温泉乐园,7,7,,,,,,携程
佛山 · 大型民族舞剧《醒·狮》,1,1,,,,,,携程
广州 · 舞蹈诗剧《只此青绿》——舞绘《千里江山图》,1,1,,,,,,携程
深圳 · 陈楚生“荒芜之境”2025巡回演唱会—深圳站,8,8,,,,,,携程
黄腾峡漂流,10,10,,,,,,携程
广州 · 《良辰·乐逐流光》2026 广州音乐会,1,1,,,,,,携程
白云飞索,10,10,,,,,,携程
广州 · 2026周汤豪「Realive-Deluxe（精华版）」巡回演唱会－广州站,1,1,,,,,,携程
珠江夜游西堤码头,10,10,,,,,,携程
南头古城,10,10,,,,,,携程
疯狂的麦咭(广州体验馆),10,10,,,,,,携程
"广州 · Tank吕建忠""第∞回合""巡回演唱会-广州站",1,1,,,,,,携程
从化碧水湾温泉,10,10,,,,,,携程
大湾区一号(港珠澳大桥航线),10,10,,,,,,携程
《黄埔！黄埔！》大型光影沉浸式舞台剧,10,10,,,,,,携程
广州大剧院,10,10,,,,,,携程
佛山岭南新天地MELAND SPORT,6,6,,,,,,携程
广州市文化馆,10,10,,,,,,携程
深圳 · 2026张韶涵「觅光」世界巡回演唱会,1,1,,,,,,携程
广州 · 江辰2026《花火》特别专场,1,1,,,,,,携程
梵高星空艺术馆(珠海旗舰店),10,10,,,,,,携程
金沙洲天空之眼摩天轮,10,10,,,,,,携程
白云山索道,10,10,,,,,,携程
顺德美食博物馆&国际美食文化交流中心,4,4,,,,,,携程
明清古建筑群,4,4,,,,,,携程
正佳科学馆·正佳天文馆,10,10,,,,,,携程
蛇口港珠海游轮,10,10,,,,,,携程
隐贤山庄,10,10,,,,,,携程
美林湖温泉,10,10,,,,,,携程
观音山旅游风景区,10,10,,,,,,携程
广州艺术博物院·广州美术馆(新馆),10,10,,,,,,携程
万福台,10,10,,,,,,携程
九道谷漂流风景旅游度假区,10,10,,,,,,携程
猎德大桥,10,10,,,,,,携程
星纪世界·南湖乐园,10,10,,,,,,携程
仁寿寺,10,10,,,,,,携程
地王观光·深港之窗,10,10,,,,,,携程
陈村镇,1,1,,,,,,携程
粤晖园,10,10,,,,,,携程
二沙岛,10,10,,,,,,携程
熹乐谷温泉度假区,10,10,,,,,,携程
世界之窗-阿尔卑斯冰雪世界,10,10,,,,,,携程
广州图书馆,10,10,,,,,,携程
平沙岛,10,10,,,,,,携程
可园博物馆,10,10,,,,,,携程
中山公园动物园,1,1,,,,,,携程
古龙峡云天玻霸,10,10,,,,,,携程
佛山 · 《一起走过的日子》经典金曲演唱会,1,1,,,,,,携程
柴油机1959,7,7,,,,,,携程
佛山潭洲国际会展中心,2,2,,,,,,携程
圆玄道观,10,10,,,,,,携程
深圳 · 福田会展中心脱口秀【魔脱喜剧】| 每周一至周日｜爆笑解压欢乐精品脱口秀大会,1,1,,,,,,携程
天人山水大地艺术园,10,10,,,,,,携程
亚洲艺术公园,10,10,,,,,,携程
广州 · 实景悬疑沉浸互动喜剧《笨探波洛》,1,1,,,,,,携程
广州地铁博物馆,10,10,,,,,,携程
珠江夜游(太古仓码头),7,7,,,,,,携程
琶洲港澳客运口岸,10,10,,,,,,携程
沙面岛-江边广场,2,2,,,,,,携程
简氏别墅,10,10,,,,,,携程
横琴口岸,10,10,,,,,,携程
飞越丛林探险乐园,10,10,,,,,,携程
广州 · 环境式驻演原创音乐剧《辛吉路的画材店》,1,1,,,,,,携程
黄埔军校旧址校本部,3,3,,,,,,携程
安纳希小镇,10,10,,,,,,携程
松鼠部落,1,1,,,,,,携程
深圳 · 打扰一下乐团2026《ELEVEN》全国巡演,1,1,,,,,,携程
星湖湿地公园,10,10,,,,,,携程
里水花月夜,10,10,,,,,,携程
东莞 · 方力申 SHOW UP 巡回音乐会——东莞站,1,1,,,,,,携程
通济桥,10,10,,,,,,携程
火车头时光旧物仓,2,2,,,,,,携程
广州 · 亲子互动魔术秀《魔法博物馆》,1,1,,,,,,携程
西樵山-白云洞风景区,10,10,,,,,,携程
珠海横琴国家地理探险家中心,10,10,,,,,,携程
广州都市双层观光巴士(粤陶巴),10,10,,,,,,携程
清晖园-斗洞,2,2,,,,,,携程
外伶仃岛,10,10,,,,,,携程
广州市儿童公园,10,10,,,,,,携程
肇庆 · 流行金曲《新音乐榜》嘉年华,1,1,,,,,,携程
粤海关博物馆,10,10,,,,,,携程
岐江公园,10,10,,,,,,携程
广州 · 王浩信2026《belief 信念》演唱会,1,1,,,,,,携程
莲花山公园,1,1,,,,,,携程
李小龙纪念馆,2,2,,,,,,携程
深圳 · 黄霄雲 2025「宇宙无敌号」巡演-深圳收官站,1,1,,,,,,携程
肇庆跳伞,1,1,,,,,,携程
南粤苑,10,10,,,,,,携程
东山口,10,10,,,,,,携程
深圳 · 南山万象天地脱口秀 【魔脱喜剧】,1,1,,,,,,携程
小梅沙海洋世界,10,10,,,,,,携程
珠澳海湾夜游,10,10,,,,,,携程
广州国际会展中心,10,10,,,,,,携程
孙中山先生故居,5,5,,,,,,携程
广州 · This is MC 2 live in Guangzhou 2026,1,1,,,,,,携程
小梅沙海滨乐园,10,10,,,,,,携程
深圳人才公园,10,10,,,,,,携程
瞧溪谷西樵山亲水溪谷,10,10,,,,,,携程
广州 · 区瑞强《有弦再重聚》演唱会,1,1,,,,,,携程
竹坡古道,1,1,,,,,,携程
肇庆古城墙(宋城一路),10,10,,,,,,携程
佛山任围,1,1,,,,,,携程
广州 · 《凡人修仙传》动画视听音乐会,1,1,,,,,,携程
流花湖公园,10,10,,,,,,携程
中英街,10,10,,,,,,携程
广州 · 【圣诞跨年必打卡】沉浸式浪漫日落音乐集市【我们的歌】超嗨氛围大合唱,1,1,,,,,,携程
爱情邮局(城市客厅分店),10,10,,,,,,携程
广州塔帷幕开啦蜡像馆,10,10,,,,,,携程
顺德金凤凰广场,10,10,,,,,,携程
天鹿湖森林公园,10,10,,,,,,携程
横琴岛,10,10,,,,,,携程
北江大堤,1,1,,,,,,携程
广州融创大马戏-奇幻秘境,10,10,,,,,,携程
南沙游艇会,10,10,,,,,,携程
海陆星球亲子乐园(南海体育中心店),1,1,,,,,,携程
海心沙,2,2,,,,,,携程
摩星岭,10,10,,,,,,携程
蓝田紫林旅游度假区,10,10,,,,,,携程
黄龙峡生态风景区,1,1,,,,,,携程
醒狮台,1,1,,,,,,携程
珠海横琴长隆《卡卡虎奇遇记》,10,10,,,,,,携程
白鹅潭大湾区艺术中心,8,8,,,,,,携程
唐家古镇,10,10,,,,,,携程
桂山岛,10,10,,,,,,携程
广州 · JBcob林泽贤《Hello》巡演·新年加场,1,1,,,,,,携程
长隆横琴湾水世界,10,10,,,,,,携程
南昆山云顶温泉,10,10,,,,,,携程
狮山镇,4,4,,,,,,携程
广州大学城,10,10,,,,,,携程
广州大学城体育中心体育场,1,1,,,,,,携程
绿美生态园,8,8,,,,,,携程
科威特王室珍藏展,1,1,,,,,,携程
长隆水上乐园-沙滩区,2,2,,,,,,携程
世间香境·七溪地,10,10,,,,,,携程
广州 · 张智成2026《逆时光进行时》巡回演唱会,1,1,,,,,,携程
广州 · 环境式驻演音乐剧《翻国王棋》,1,1,,,,,,携程
珠海长隆海洋王国·鲸鲨馆,10,10,,,,,,携程
广州 · 翁杰Winjay2026《城乡》巡演,1,1,,,,,,携程
珠海海泉湾旅游度假区,10,10,,,,,,携程
农民运动讲习所旧址,1,1,,,,,,携程
清远漂流,1,1,,,,,,携程
《巨龙天演》史前化石奇境探秘展,1,1,,,,,,携程
军校剧场,10,10,,,,,,携程
帽峰山景区,10,10,,,,,,携程
《稀土艺术》冬日主题玩具展,1,1,,,,,,携程
海上田园,10,10,,,,,,携程
虎门炮台,10,10,,,,,,携程
广州 · 2026余佳运「45m」演唱会-广州站,1,1,,,,,,携程
广州 · 广州塔必看沉浸式悬疑喜剧 ｜大事不妙啦《飞机大劫案》｜爆款热销｜你来决定下一秒剧情,1,1,,,,,,携程
广州荔枝湾游船,10,10,,,,,,携程
黄埔古港,10,10,,,,,,携程
艾美拉飞行俱乐部,4,4,,,,,,携程
东莞 · 古淖文《FOLLOW ME》 巡回演唱会,1,1,,,,,,携程
六榕寺,10,10,,,,,,携程
感知生态学——广州影像 三年展 2025,1,1,,,,,,携程
龙塘诗社遗址,6,6,,,,,,携程
黄飞鸿狮艺武术馆-表演台,1,1,,,,,,携程
广州 · 《风继续吹》2026纪念张国荣23周年全球至燃·经典金曲演唱会,1,1,,,,,,携程
广州 · 珠影青深民谣音乐会,1,1,,,,,,携程
东莞海立方环游城,10,10,,,,,,携程
港珠澳大桥珠海公路口岸,10,10,,,,,,携程
西樵山国家地质公园,6,6,,,,,,携程
深圳欢乐海岸,10,10,,,,,,携程
仲元楼,2,2,,,,,,携程
周大福CHOW TAI FOOK(广州周大福金融中心),10,10,,,,,,携程
梦回岭南,9,9,,,,,,携程
深圳观光巴士,10,10,,,,,,携程
仙湖度假区,10,10,,,,,,携程
虎门林则徐纪念馆,10,10,,,,,,携程
花都香草世界,10,10,,,,,,携程
马槽瀑布,3,3,,,,,,携程
致丰紫花风铃花海,1,1,,,,,,携程
白沙滩,3,3,,,,,,携程
广州古城墙,10,10,,,,,,携程
乾沣汤泉生活(家博城店),1,1,,,,,,携程
宝能广州国际体育演艺中心,10,10,,,,,,携程
立园,10,10,,,,,,携程
广州 · 2026《良辰·声境如梦》音乐会,1,1,,,,,,携程
广州国际金融中心-西塔,10,10,,,,,,携程
沉浸式肢体剧《交易人生》,10,10,,,,,,携程
蝴蝶谷,11,11,,,,,,携程
佛山耕山小寨,10,10,,,,,,携程
荔湾博物馆,10,10,,,,,,携程
深圳citywalk,1,1,,,,,,携程
三水大佛,10,10,,,,,,携程
《壹触即发》迎新当代艺术展,1,1,,,,,,携程
惠州露营,1,1,,,,,,携程
深圳 · 2026无限星空巨星演唱会,1,1,,,,,,携程
辛亥革命纪念馆,1,1,,,,,,携程
溪流背坡村,10,10,,,,,,携程
惠州西湖,10,10,,,,,,携程
咪兔亲子大世界(华侨城店),1,1,,,,,,携程
启明里广场,10,10,,,,,,携程
留耕堂,10,10,,,,,,携程
珠海海泉湾海洋温泉,10,10,,,,,,携程
广州 · 大型戏剧魔术《幸好世间有魔法》｜爆笑喜剧｜情侣打卡｜亲子阖家欢,1,1,,,,,,携程
天河公园,10,10,,,,,,携程
九洲港口岸,10,10,,,,,,携程
笔生花馆,7,7,,,,,,携程
450米观景平台,10,10,,,,,,携程
贤鲁岛,9,9,,,,,,携程
广州铁路博物馆,10,10,,,,,,携程
七星岩牌坊,10,10,,,,,,携程
一线天,1,1,,,,,,携程
2026年粤港澳大湾区灯会,10,10,,,,,,携程
广州市都城隍庙,10,10,,,,,,携程
深圳观澜海洋世界,10,10,,,,,,携程
庆云寺,10,10,,,,,,携程
紫马岭公园,10,10,,,,,,携程
长鹿旅游休博园-主题园区,1,1,,,,,,携程
香炉湾沙滩,10,10,,,,,,携程
梦里水乡景区,2,2,,,,,,携程
白云山观鸟,1,1,,,,,,携程
广州 · 白安2025《路边野餐 Summer Tryst》新专辑现场巡演,1,1,,,,,,携程
石燕岩,5,5,,,,,,携程
广州 · 新·国风全男班舞剧《翎衣》,1,1,,,,,,携程
龙门露营,1,1,,,,,,携程
中旅·阿那亚·九龙湖,10,10,,,,,,携程
中山纪念碑,1,1,,,,,,携程
火箭蹦极,1,1,,,,,,携程
幻境空间元宇宙体验馆(广州店),10,10,,,,,,携程
南方医科大学(顺德校区),6,6,,,,,,携程
佛山市顺德区大良文化中心,1,1,,,,,,携程
国内到达B12号门(白云国际机场T1航站楼),7,7,,,,,,携程
南沙客运港,10,10,,,,,,携程
顺峰山旅游区,10,10,,,,,,携程
塱头古村,10,10,,,,,,携程
正佳自然科学探索中心,9,9,,,,,,携程
珠海帆船运动,1,1,,,,,,携程
幻彩摩天轮,10,10,,,,,,携程
清远玄真溪降,10,10,,,,,,携程
海鸥岛,10,10,,,,,,携程
广州 · 百老汇摇滚音乐剧《LIZZIE丽兹》大剧场镜框式中文版巡演,1,1,,,,,,携程
紫马岭动物园,10,10,,,,,,携程
海战博物馆,1,1,,,,,,携程
南海国际会展中心,1,1,,,,,,携程
从化碧泉空中温泉,10,10,,,,,,携程
千年古道遗址,2,2,,,,,,携程
美林湖欢乐水世界,10,10,,,,,,携程
洞天仙境,10,10,,,,,,携程
广州文化公园,10,10,,,,,,携程
广东省凉茶博物馆,9,9,,,,,,携程
客村,10,10,,,,,,携程
关山肚,1,1,,,,,,携程
垂直过山车,10,10,,,,,,携程
三元宫,10,10,,,,,,携程
珠海海泉湾神秘岛乐园,10,10,,,,,,携程
中山市博物馆,10,10,,,,,,携程
仙湖植物园,10,10,,,,,,携程
深井古村,10,10,,,,,,携程
长隆香江野生动物园,8,8,,,,,,携程
珠江日游,3,3,,,,,,携程
流溪河,6,6,,,,,,携程
南沙水鸟世界生态公园,10,10,,,,,,携程
紫云谷,10,10,,,,,,携程
紫南文化旅游区,4,4,,,,,,携程
广交会展馆-A区,4,4,,,,,,携程
珠海博物馆,10,10,,,,,,携程
广州 · 亲子儿童互动魔术《许愿神灯》丨家庭温馨喜剧丨野生神奇剧场,1,1,,,,,,携程
广州 · Fly By Midnight《The Fastest Time of Our Lives》巡回演唱会,1,1,,,,,,携程
佛山花田喜事生态小镇,4,4,,,,,,携程
马岭观花植物园,10,10,,,,,,携程
广州 · 海珠客村|周一到周日持续爆笑脱口秀|笑是生活的糖果|丽影广场×野生喜剧,1,1,,,,,,携程
魔环垂直过山车,1,1,,,,,,携程
太平山-观景台,1,1,,,,,,携程
岭南明珠体育馆,10,10,,,,,,携程
二沙岛艺术公园,10,10,,,,,,携程
广州 · 【客村脱口秀】每日精品演出丨广州必看丨爆笑解压丨沉浸式喜剧丨情侣约会解压喜剧大会必看,1,1,,,,,,携程
五矿哈施塔特文旅小镇,10,10,,,,,,携程
深圳国际会展中心(宝安馆),10,10,,,,,,携程
巽寮湾,10,10,,,,,,携程
名扬里,2,2,,,,,,携程
《粤语·粤物》方言里的生活密码展览,1,1,,,,,,携程
珠海观光巴士,10,10,,,,,,携程
保利世界贸易中心博览馆,5,5,,,,,,携程
圭峰山国家森林公园,10,10,,,,,,携程
笔架山大瀑布,10,10,,,,,,携程
考拉广场,10,10,,,,,,携程
大浪淘沙(珠江新城店),4,4,,,,,,携程
熊猫乐园,5,5,,,,,,携程
崖口村,10,10,,,,,,携程
广州 · 【粤语专场】江梓浩栋笃笑《廣東佬梓浩》,1,1,,,,,,携程
进士牌楼,5,5,,,,,,携程
石门国家森林公园,10,10,,,,,,携程
广州塔-488米户外观景平台,1,1,,,,,,携程
广州海洋世界,10,10,,,,,,携程
天意莨园-国家非物质文化遗产莨绸(香云纱)保护基地,1,1,,,,,,携程
旧寨村,1,1,,,,,,携程
恩宁路,9,9,,,,,,携程
青龙阁,1,1,,,,,,携程
观音寺,12,12,,,,,,携程
广州山谷国际旅游度假区,10,10,,,,,,携程
展示区(深圳宝安国际机场T3航站楼),6,6,,,,,,携程
广交会展馆-D区,2,2,,,,,,携程
广州青少年科技馆,10,10,,,,,,携程
泮塘历史街区,2,2,,,,,,携程
广州 · 美国 One Voice 儿童合唱团新年音乐会,1,1,,,,,,携程
孙中山纪念堂公园,1,1,,,,,,携程
海寿岛,3,3,,,,,,携程
鱼珠码头(轮渡站),10,10,,,,,,携程
珠江夜景,1,1,,,,,,携程
威远炮台,1,1,,,,,,携程
大湾区中央湿地公园,10,10,,,,,,携程
东莞 · 《声声不息》王杰作品金曲篇演唱会,1,1,,,,,,携程
广州好普艺术博物馆,10,10,,,,,,携程
广州 · 沉浸式悬疑戏剧 ｜大事不妙啦《民国特烦恼》,1,1,,,,,,携程
西樵山观光索道,1,1,,,,,,携程
欢乐世界,8,8,,,,,,携程
金蛇秘境,1,1,,,,,,携程
尖叫乐园,1,1,,,,,,携程
顺峰山公园-石牌坊,1,1,,,,,,携程
云溪植物园,10,10,,,,,,携程
顺风山,1,1,,,,,,携程
火炉山森林公园,10,10,,,,,,携程
东部华侨城,10,10,,,,,,携程
水乡游船,1,1,,,,,,携程
玛雅海滩水公园,1,1,,,,,,携程
深圳 · 福田会展脱口秀天天综艺卡司|吐槽爆笑大会|开心互动|【大笑喜剧】即兴之夜精品秀,1,1,,,,,,携程
深圳 · Jessie J《心声·No Secrets》巡演,1,1,,,,,,携程
东莞博物馆,10,10,,,,,,携程
星奇塔无动力世界,10,10,,,,,,携程
欢乐海岸海洋奇梦馆,10,10,,,,,,携程
凤城老街,1,1,,,,,,携程
广州塔-观光层,1,1,,,,,,携程
深圳 · Supper Moment「谢谢你啊世界」深圳演唱会,1,1,,,,,,携程
阿农湾农耕文化园,10,10,,,,,,携程
《紫石凝英》端砚艺术展览,1,1,,,,,,携程
广州 · 海珠客村｜《笑儿频道》粤语盲盒栋笃笑,1,1,,,,,,携程
河中温泉,10,10,,,,,,携程
海珠湖公园,10,10,,,,,,携程
中山泡温泉,1,1,,,,,,携程
清远大角禾场生态度假村,8,8,,,,,,携程
孙中山纪念馆,1,1,,,,,,携程
佛山财神庙,10,10,,,,,,携程
旺林艺术花园,10,10,,,,,,携程
二十四史书院,10,10,,,,,,携程
飞鸿步行街,10,10,,,,,,携程
广州 · Ef & BRUIT≤  2026 中国巡演,1,1,,,,,,携程
海上世界文化艺术中心,10,10,,,,,,携程
芙蓉嶂水库,5,5,,,,,,携程
孙文西路,10,10,,,,,,携程
陈皮村,10,10,,,,,,携程
普陀寺,10,10,,,,,,携程
石头记矿物园,10,10,,,,,,携程
东莞植物园,10,10,,,,,,携程
东莞海之韵极地海洋公园,10,10,,,,,,携程
紫南芳华谷,1,1,,,,,,携程
广州体育馆-1号馆,1,1,,,,,,携程
下坝坊,10,10,,,,,,携程
天河体育中心,10,10,,,,,,携程
凤凰乐土·山水丽人,10,10,,,,,,携程
深圳 · 全景沉浸悬疑互动剧场《深桥迷案》,1,1,,,,,,携程
基督教沙面会堂,10,10,,,,,,携程
广东科学馆,9,9,,,,,,携程
春阳台,10,10,,,,,,携程
河口百年火车站主题公园,2,2,,,,,,携程
幻境空间体验馆(佛山店),6,6,,,,,,携程
广州 · 盲盒式结局《无良婚宴》爆笑互动沉浸喜剧@西瓜新喜剧,1,1,,,,,,携程
滨江湿地公园,10,10,,,,,,携程
顺德均安功夫特色小镇,1,1,,,,,,携程
珠江夜游省总码头,10,10,,,,,,携程
淇澳岛,10,10,,,,,,携程
黄花岗七十二烈士墓,1,1,,,,,,携程
梅溪牌坊,10,10,,,,,,携程
千寻·私汤温泉泳池网红别墅(美的鹭湖森林度假区店),1,1,,,,,,携程
新爱群大厦,10,10,,,,,,携程
广东省博物馆-免费参观领票处,1,1,,,,,,携程
珠江公园,10,10,,,,,,携程
爆笑虫子主题城市乐园,1,1,,,,,,携程
中山恒远海立方环游城,10,10,,,,,,携程
长江水世界,10,10,,,,,,携程
蒸汽小火车,1,1,,,,,,携程
豪华列车,1,1,,,,,,携程
三巷村古水窦(白坭窦),1,1,,,,,,携程
佛山文创古镇,1,1,,,,,,携程
大夫山森林公园,10,10,,,,,,携程
佛山 · 柯泯薰《冬寻》冬季巡演,1,1,,,,,,携程
九龙湖生态公园,10,10,,,,,,携程
青龙山,1,1,,,,,,携程
广州 · 用庆坊年度颠覆尺度之作《疯狂奇妙夜》｜金牌剧场爆笑沉浸式互动喜剧,1,1,,,,,,携程
明远桥,10,10,,,,,,携程
黄腾峡天门悬廊,10,10,,,,,,携程
星海广场,1,1,,,,,,携程
南海海洋馆,1,1,,,,,,携程
胥江祖庙,4,4,,,,,,携程
广州 · 海珠跨年加长版喜剧场丨客村野生喜剧爆笑脱口秀,1,1,,,,,,携程
温泉镇,1,1,,,,,,携程
虎门沙滩,1,1,,,,,,携程
梁启超故居纪念馆,1,1,,,,,,携程
中央广播电视总台南海影视城-拓展区北区,4,4,,,,,,携程
广州市文物保护单位西关大屋建筑保护区,1,1,,,,,,携程
松鼠部落(佛山三水),1,1,,,,,,携程
深圳玛雅海滩水公园,10,10,,,,,,携程
广州市麓湖公园,10,10,,,,,,携程
银盏君澜温泉,10,10,,,,,,携程
广州圆大厦,10,10,,,,,,携程
黄连,2,2,,,,,,携程
八卦村景区,7,7,,,,,,携程
广州华夏世嘉都市乐园,10,10,,,,,,携程
荔湖公园,8,8,,,,,,携程
大观博物馆,10,10,,,,,,携程
彩虹村,1,1,,,,,,携程
2026年珠海共乐灯会,1,1,,,,,,携程
珠江夜游(海心沙东区码头),10,10,,,,,,携程
广东美术馆,10,10,,,,,,携程
深圳赏落羽杉,1,1,,,,,,携程
正佳赛博运动空间,10,10,,,,,,携程
九龙城寨,1,1,,,,,,携程
海珠湿地公园,1,1,,,,,,携程
百花古寺,6,6,,,,,,携程
融创雪世界玩乐,3,3,,,,,,携程
南国丝都丝绸博物馆,10,10,,,,,,携程
佛山盈香水上乐园,1,1,,,,,,携程
礌岗公园,10,10,,,,,,携程
Hello Kitty Cosmos 光影特展(深圳站),1,1,,,,,,携程
中心小镇北区,10,10,,,,,,携程
广州 · 赵珂2026《茧界》限定live,1,1,,,,,,携程
庆云洞,9,9,,,,,,携程
广州越秀西湖花市,1,1,,,,,,携程
第一码头,10,10,,,,,,携程
奈尔宝家庭中心(悦汇城店),3,3,,,,,,携程
佛山警察博物馆(文华中路店),3,3,,,,,,携程
深圳 · 2026TopBass电音节,1,1,,,,,,携程
紫云阁,7,7,,,,,,携程
奥体中心体育场,1,1,,,,,,携程
美术馆(广州白云国际机场T2航站楼),6,6,,,,,,携程
长隆欢乐世界-欢乐摩天轮,1,1,,,,,,携程
东湖公园,10,10,,,,,,携程
桂花岛,1,1,,,,,,携程
阿里山小火车,1,1,,,,,,携程
江门观鸟,1,1,,,,,,携程
海心沙广场,5,5,,,,,,携程
琶洲塔,10,10,,,,,,携程
乐从镇,2,2,,,,,,携程
沙面公园,3,3,,,,,,携程
广州国际生物岛,10,10,,,,,,携程
卡鲁冰雪世界,10,10,,,,,,携程
快子路,1,1,,,,,,携程
熊猫基地,1,1,,,,,,携程
前进汇展中心,1,1,,,,,,携程
广州 · 【金曲音乐演唱会】浪漫表白|金曲合唱|粤语经典|超绝氛围,1,1,,,,,,携程
广州钧明欢乐世界,10,10,,,,,,携程
广州 · 沉浸去班味｜爆笑互动剧|｜微距变动物｜爷爷的魔术茶话会@薛定谔的魔盒,1,1,,,,,,携程
深圳博物馆,1,1,,,,,,携程
猛兽地带-非洲狮,10,10,,,,,,携程
华林禅寺,10,10,,,,,,携程
西樵山自然教育径,1,1,,,,,,携程
南山博物馆,10,10,,,,,,携程
韦尔比耶音乐节·深圳2026,1,1,,,,,,携程
传奇国际水汇,1,1,,,,,,携程
惠州泡温泉,1,1,,,,,,携程
佛山岭南天地-C区,3,3,,,,,,携程
塘厦三正半山酒店温泉,10,10,,,,,,携程
东山湖公园,10,10,,,,,,携程
深圳市民中心,10,10,,,,,,携程
新地休闲农场,5,5,,,,,,携程
佛山 · 《告白气球》浪漫烛光音乐会,1,1,,,,,,携程
厚街镇,10,10,,,,,,携程
广州翼·空港文旅小镇,10,10,,,,,,携程
峰林晓镇,10,10,,,,,,携程
西山寺,10,10,,,,,,携程
大岭山森林公园,10,10,,,,,,携程
时尚天河,1,1,,,,,,携程
VeRyland奇境乐园(广百百货白云新市店),1,1,,,,,,携程
魁星阁,5,5,,,,,,携程
广州 · 俄罗斯圣彼得堡古典芭蕾舞剧院《胡桃夹子》,1,1,,,,,,携程
广州沙面建筑群,2,2,,,,,,携程
灵应祠,6,6,,,,,,携程
云东海国家湿地公园,3,3,,,,,,携程
广州神农草堂中医药博物馆,10,10,,,,,,携程
酷贝e族宠物文化基地,4,4,,,,,,携程
八角壁裂池,1,1,,,,,,携程
番禺广场,10,10,,,,,,携程
顺德大良半月城游乐场,1,1,,,,,,携程
广州南沙湾,1,1,,,,,,携程
马哥孛罗天地礼堂,1,1,,,,,,携程
南汉二陵博物馆,10,10,,,,,,携程
半月岛湿地公园,6,6,,,,,,携程
美的鹭湖汽车露营地,1,1,,,,,,携程
深圳机场码头游船,5,5,,,,,,携程
BE1ST-工元超级玩运动中心(顺德领尚中心店),1,1,,,,,,携程
凌云飞渡玻璃桥,1,1,,,,,,携程
珠江日游天字码头,10,10,,,,,,携程
广州东站广场,10,10,,,,,,携程
佛山禅城,1,1,,,,,,携程
广州水上巴士,3,3,,,,,,携程
六祖寺,10,10,,,,,,携程
桔钓沙,10,10,,,,,,携程
砚洲岛,10,10,,,,,,携程
极速云霄,1,1,,,,,,携程
玫瑰海岸文化旅游度假区,10,10,,,,,,携程
西坊大院文化旅游区,10,10,,,,,,携程
YOYO Park芳华乐园,1,1,,,,,,携程
广州 · 懒惰《赵海生的游戏3.0》巡演,1,1,,,,,,携程
东莞记忆,1,1,,,,,,携程
小火车乘游区,1,1,,,,,,携程
青青世界,10,10,,,,,,携程
广州番禺长隆野生动物世界自驾区,1,1,,,,,,携程
2026第四届广州星幻动漫节,1,1,,,,,,携程
长廊生态园,10,10,,,,,,携程
欢乐时光主题公园,1,1,,,,,,携程
花山小镇,7,7,,,,,,携程
千灯湖公园-南区,2,2,,,,,,携程
黄金海岸水上乐园,10,10,,,,,,携程
港头村古村落,4,4,,,,,,携程
七彩澳游世界,10,10,,,,,,携程
禾木村·森林营地,1,1,,,,,,携程
众米乐谷,1,1,,,,,,携程
旧马路,1,1,,,,,,携程
中山奇遇时光乐园,10,10,,,,,,携程
南沙音乐秀场,1,1,,,,,,携程
光明农场大观园,10,10,,,,,,携程
佛罗伦萨小镇度假园林泳池(富罗恩斯广场店),1,1,,,,,,携程
广州鲁迅纪念馆,1,1,,,,,,携程
奇石河,10,10,,,,,,携程
顺德古城墙,1,1,,,,,,携程
珠江琶醍啤酒文化创意艺术区,10,10,,,,,,携程
广东中医药博物馆,10,10,,,,,,携程
容桂德胜创意园,9,9,,,,,,携程
广州 · 高杨、张会芳主演·外百老汇经典音乐剧《长腿叔叔》中文版,1,1,,,,,,携程
和平路公仔街,10,10,,,,,,携程
广州 · 俄罗斯圣彼得堡古典芭蕾舞剧院《天鹅湖》,1,1,,,,,,携程
深圳罗湖口岸,10,10,,,,,,携程
五仙古观,5,5,,,,,,携程
中山大学(广州校区东校园),10,10,,,,,,携程
天主教广州教区露德圣母堂,10,10,,,,,,携程
广州 · 任胤蓬2026《前言》粉丝见面会,1,1,,,,,,携程
广州市雪蕾香氛博物馆,5,5,,,,,,携程
锦绣中华,10,10,,,,,,携程
深圳 · 舞蹈诗剧《只此青绿》--舞绘《千里江山图》,1,1,,,,,,携程
三水梁家村大榕树,1,1,,,,,,携程
北江夜游1029码头(黄金1号码头),10,10,,,,,,携程
东涌里,10,10,,,,,,携程
《人与自然 和谐共处》动物标本展,1,1,,,,,,携程
云山丛林飞跃乐园,1,1,,,,,,携程
渔耕粤韵,10,10,,,,,,携程
璜溪村,1,1,,,,,,携程
南沙滨海公园,10,10,,,,,,携程
宏城公园,10,10,,,,,,携程
内乡县衙,1,1,,,,,,携程
盐步老龙,1,1,,,,,,携程
超级大摆锤,3,3,,,,,,携程
深圳 · MICKEY GUYTON 米奇·盖顿 巡回演唱会 深圳站,1,1,,,,,,携程
宇宙猜想·启程-大型宇宙探索VR沉浸体验展-广州站,1,1,,,,,,携程
乐8桐语运动乐园,10,10,,,,,,携程
广州塔探索空间展《尘封的金字塔·密钥探寻》,1,1,,,,,,携程
珠海渔女雕像,2,2,,,,,,携程
翰林湖农业公园,10,10,,,,,,携程
深圳 · 高口碑必看！环境式光影艺术悬疑剧《禁忌的色彩》,1,1,,,,,,携程
深圳会展中心（福田馆）,10,10,,,,,,携程
顺峰山公园-顺德粤剧大观园,6,6,,,,,,携程
黄埔军校,1,1,,,,,,携程
怀圣寺,10,10,,,,,,携程
深圳出海畅享海钓,1,1,,,,,,携程
三水森林公园孔圣园,4,4,,,,,,携程
伦教渔人码头C立方,1,1,,,,,,携程
玫瑰广场-许愿池,1,1,,,,,,携程
广州航天科学馆,3,3,,,,,,携程
南昆山温德姆温泉水乐园度假区,10,10,,,,,,携程
广州 · 王小帅 2026《如果爱有形状》暖冬专场,1,1,,,,,,携程
聚贤楼,1,1,,,,,,携程
大鹏半岛,10,10,,,,,,携程
亚运城综合体育馆,1,1,,,,,,携程
2026年广州白云区迎春花市,1,1,,,,,,携程
深中大桥,2,2,,,,,,携程
广州起义纪念馆,1,1,,,,,,携程
南沙慧谷超级堤,1,1,,,,,,携程
飞阅中国-无限视界(西樵山),1,1,,,,,,携程
鼎湖山国家级自然保护区-飞水潭,10,10,,,,,,携程
情侣中路,3,3,,,,,,携程
碧江村,2,2,,,,,,携程
漂流河历险,10,10,,,,,,携程
励骏庞都广场,10,10,,,,,,携程
广州 · 音乐剧《狂炎奏鸣曲》,1,1,,,,,,携程
安华汇欢乐舟主题乐园,10,10,,,,,,携程
洛溪食街,10,10,,,,,,携程
千泷沟大瀑布,10,10,,,,,,携程
深圳 · AK刘彰《致命爱人》巡演,1,1,,,,,,携程
广州塔-白云观光大厅,10,10,,,,,,携程
海心沙音乐喷泉,1,1,,,,,,携程
广州·渔人码头,10,10,,,,,,携程
MELAND SPORT·运动工厂·团建·派对·乐园(荔湾领展广场店),2,2,,,,,,携程
奥林匹克体育中心,2,2,,,,,,携程
树生桥,6,6,,,,,,携程
三水森林公园鳄鱼湖,6,6,,,,,,携程
佛山大剧院,3,3,,,,,,携程
中山红博城,10,10,,,,,,携程
百虎山,1,1,,,,,,携程
广州 · 谭耀文《In Full Character》演唱会,1,1,,,,,,携程
佛山市禅城区博物馆,1,1,,,,,,携程
岩前村,10,10,,,,,,携程
华夏至尊水汇,1,1,,,,,,携程
人民公园,20,20,,,,,,携程
香遇百花园,10,10,,,,,,携程
广东外语外贸大学(白云山校区),10,10,,,,,,携程
顺德太岁庙,10,10,,,,,,携程
黄埔军校史迹第一展馆,5,5,,,,,,携程
广州 · 韩真、周莉亚主创舞剧《杜甫》,1,1,,,,,,携程
深圳 · 青深民谣音乐会,1,1,,,,,,携程
广州chi K11艺术空间,10,10,,,,,,携程
广州大剧院歌剧厅,1,1,,,,,,携程
詹天佑故居纪念馆,1,1,,,,,,携程
六松水上乐园,8,8,,,,,,携程
星海音乐厅,10,10,,,,,,携程
先贤清真寺,5,5,,,,,,携程
大湾区文化体育中心,1,1,,,,,,携程
九号行馆(中泰国际广场店),1,1,,,,,,携程
佛山美的鹭湖趣撒野露营公园,10,10,,,,,,携程
林则徐销烟池与虎门炮台旧址,2,2,,,,,,携程
广州塔广场Canton Tower Plaza,3,3,,,,,,携程
古龙峡大瀑布群,10,10,,,,,,携程
宝安西湾红树林公园,10,10,,,,,,携程
广州 · 吴碧霞《梦系红楼》87版电视剧《红楼梦》主题歌曲音乐会,1,1,,,,,,携程
田园歌生态农场,3,3,,,,,,携程
顺德眼,1,1,,,,,,携程
华盖山,3,3,,,,,,携程
深圳 · 理查德·克莱德曼新春钢琴音乐会,1,1,,,,,,携程
流溪河国家森林公园,10,10,,,,,,携程
梅拉尼亚小镇(深圳世界之窗店),10,10,,,,,,携程
褒宠牌坊,1,1,,,,,,携程
香炉湾城市阳台,4,4,,,,,,携程
广州越秀国际会议中心,1,1,,,,,,携程
《二十世纪艺事》法国版画百年特展 - 广州站,1,1,,,,,,携程
大岭村,10,10,,,,,,携程
佛山宋城,1,1,,,,,,携程
广州起义烈士陵园,1,1,,,,,,携程
前海石公园,10,10,,,,,,携程
全国旅游年卡展览馆,1,1,,,,,,携程
西后街,1,1,,,,,,携程
2026广州新春灯会,1,1,,,,,,携程
肇庆儿童公园,10,10,,,,,,携程
第二届《时间的履历》插画艺术节暨儿童文创展,1,1,,,,,,携程
三溪村,2,2,,,,,,携程
欢乐海洋,1,1,,,,,,携程
珠海情侣路海滨浴场,10,10,,,,,,携程
江南水乡区,2,2,,,,,,携程
平沙岛水上乐园,10,10,,,,,,携程
小榄菊花园,10,10,,,,,,携程
西关大屋社区,10,10,,,,,,携程
大墩村,1,1,,,,,,携程
直升机空中游览飞行观光,9,9,,,,,,携程
大雁山风景区,10,10,,,,,,携程
珠江夜游会展中心码头,9,9,,,,,,携程
金台寺,10,10,,,,,,携程
广州长隆旅游度假区-穿梭巴士站,1,1,,,,,,携程
网易云音乐,1,1,,,,,,携程
佛山市岭南金融博物馆,9,9,,,,,,携程
广州美术馆(新馆),3,3,,,,,,携程
新天成香云纱现代农业生态园,1,1,,,,,,携程
三元里人民抗英斗争纪念馆,1,1,,,,,,携程
碧波湖,5,5,,,,,,携程
佛山市顺德区新桂自然文化博物馆,1,1,,,,,,携程
广州海事博物馆,7,7,,,,,,携程
假日广场,1,1,,,,,,携程
马降龙碉楼群,10,10,,,,,,携程
中国侨都华侨华人博物馆,10,10,,,,,,携程
均安镇文化广场,1,1,,,,,,携程
沙溪镇,3,3,,,,,,携程
小榄菊花会,10,10,,,,,,携程
展旗楼,1,1,,,,,,携程
叠滘潭头龙船训练基地,1,1,,,,,,携程
赤松宫,3,3,,,,,,携程
夏漖粮园喜文化创意基地,10,10,,,,,,携程
番禺四海城恐龙公园,5,5,,,,,,携程
广州市花都区博物馆,10,10,,,,,,携程
水立方游泳馆,5,5,,,,,,携程
琼花大剧院,5,5,,,,,,携程
西江花海,3,3,,,,,,携程
岭南金融博物馆,7,7,,,,,,携程
广州 · Mac DeMarco 2026巡演,1,1,,,,,,携程
海滨公园,10,10,,,,,,携程
电视塔,2,2,,,,,,携程
《大英图书馆·世界像素》来自“英国国家图书馆”的世界文明博物展,1,1,,,,,,携程
广州近代史广东革命历史博物馆,10,10,,,,,,携程
广州市新儿童活动中心,3,3,,,,,,携程
佛山青年公园,3,3,,,,,,携程
五桂山,10,10,,,,,,携程
中山泉林欢乐世界,10,10,,,,,,携程
三水区大南山森林公园,2,2,,,,,,携程
萝岗香雪公园,10,10,,,,,,携程
南沙滨海泳场,10,10,,,,,,携程
黄连古村文创园,1,1,,,,,,携程
广东省古村落小洲村,10,10,,,,,,携程
越秀山,10,10,,,,,,携程
古朗村,1,1,,,,,,携程
江门古兜温泉小镇温泉谷,10,10,,,,,,携程
龙风过山车,1,1,,,,,,携程
下九路摘星台,1,1,,,,,,携程
广东美术馆(白鹅潭馆区),8,8,,,,,,携程
十环过山车,1,1,,,,,,携程
广州星火动漫游戏展,1,1,,,,,,携程
白云山-观光车南门站,1,1,,,,,,携程
南沙沙滩,1,1,,,,,,携程
欧洲小镇-观景台,1,1,,,,,,携程
光明夜市美食街,10,10,,,,,,携程
白江湖森林公园,10,10,,,,,,携程
广交会展馆-B区,1,1,,,,,,携程
花溪雨·蜻度农场部落,7,7,,,,,,携程
佛山陈村花卉世界会展中心,1,1,,,,,,携程
云勇国家森林公园,5,5,,,,,,携程
深中通道西人工岛,1,1,,,,,,携程
顺德鱼灯馆,1,1,,,,,,携程
广州 · “来听你喜欢的歌”流行合唱跨年音乐会-海南聆听合唱团,1,1,,,,,,携程
佛山鸿胜纪念馆,1,1,,,,,,携程
四海马术,10,10,,,,,,携程
深圳赏格桑花,1,1,,,,,,携程
清远市博物馆,10,10,,,,,,携程
哇哇哇游乐城(正佳广场店),10,10,,,,,,携程
广州 · 饭卡2026《编辑部开放日》冬季专场巡演,1,1,,,,,,携程
鸣春谷,10,10,,,,,,携程
清远溯溪探险,1,1,,,,,,携程
广州 · 杨胖雨2026《我》巡回演唱会,1,1,,,,,,携程
红树林海滨生态公园,10,10,,,,,,携程
七星湖,10,10,,,,,,携程
赛赛卡丁车(顺德店),1,1,,,,,,携程
耀华坊,9,9,,,,,,携程
水濂山森林公园,10,10,,,,,,携程
广州白云湖公园,10,10,,,,,,携程
珠海 · 泳儿Vincy  2026《The Present》巡回音乐会,1,1,,,,,,携程
东莞 · 开心麻花惊悚爆笑戏剧《开心聊斋·三生》沉浸版,1,1,,,,,,携程
顺德德胜体育中心,1,1,,,,,,携程
滨海公园,5,5,,,,,,携程
广东花都湖国家湿地公园,10,10,,,,,,携程
披云楼,10,10,,,,,,携程
幸福里,2,2,,,,,,携程
星沐森林昆虫自然博物馆,3,3,,,,,,携程
英德石门台,1,1,,,,,,携程
光明区虹桥公园,10,10,,,,,,携程
华侨城创意文化园,10,10,,,,,,携程
叶问咏春崇华拳馆,1,1,,,,,,携程
天河大观湿地公园,10,10,,,,,,携程
陈村公园,4,4,,,,,,携程
深圳 · 黑灯《先上车》单口喜剧专场,1,1,,,,,,携程
天湖森林公园,6,6,,,,,,携程
亚洲艺术公园禅荷花岛,3,3,,,,,,携程
猫爪谷景区,10,10,,,,,,携程
中央美术学院版画系丙午马年贺年小版画展,1,1,,,,,,携程
森波拉度假森林,10,10,,,,,,携程
世博广东馆(广东科学中心),10,10,,,,,,携程
长隆儿童驾校,1,1,,,,,,携程
肇庆府宋城骑楼街,2,2,,,,,,携程
凤凰山森林公园,18,18,,,,,,携程
广州 · 沉浸式魔术脱口秀《男巫客厅》——邓男子/Tony/郭汛杰/吴波士专场,1,1,,,,,,携程
潮州凤凰单丛茶博物馆药洲遗址,10,10,,,,,,携程
黄埔军校同学会旧址,1,1,,,,,,携程
波子角,1,1,,,,,,携程
阅江楼(正东路),10,10,,,,,,携程
佛山市图书馆(主馆),10,10,,,,,,携程
高空蹦极,1,1,,,,,,携程
大梅沙海滩,10,10,,,,,,携程
广州 · 沉浸式戏剧《血色谋杀》|完美的犯罪|女性觉醒|悬念不断|举牌投凶|爆笑反转,1,1,,,,,,携程
仁威祖庙,10,10,,,,,,携程
深圳 · 鑫博单口喜剧专场《发现丑的眼睛2.0》丨Standby 出品,1,1,,,,,,携程
逍遥谷,10,10,,,,,,携程
四会山湖水上乐园,10,10,,,,,,携程
白云山国家级风景名胜区-玻璃桥,2,2,,,,,,携程
叱石风景区,10,10,,,,,,携程
另一个美术馆,10,10,,,,,,携程
广州 · 环境式庭审互动话剧《双重被告》——橙镜戏剧《切西娅》姐妹篇,1,1,,,,,,携程
星河粤宴·沉浸式粤剧文化主题宴席,1,1,,,,,,携程
2026年广州白鹅潭春节烟花汇演,1,1,,,,,,携程
顺德体育中心,7,7,,,,,,携程
欢乐沙滩,1,1,,,,,,携程
玛丝菲尔大厦,1,1,,,,,,携程
西樵黄大仙祠,10,10,,,,,,携程
德顺印象儿童乐园,1,1,,,,,,携程
玉岩书院,9,9,,,,,,携程
南村公园,2,2,,,,,,携程
森林神庙,5,5,,,,,,携程
佛山新城儿童公园,3,3,,,,,,携程
花都广场,10,10,,,,,,携程
叠滘圩,4,4,,,,,,携程
禅泉温泉,10,10,,,,,,携程
新兴天露山旅游度假区,10,10,,,,,,携程
黄大仙祠,10,10,,,,,,携程
速跑卡丁车(芳村店),2,2,,,,,,携程
天坛公园,1,1,,,,,,携程
大佛寺佛世山庄,10,10,,,,,,携程
音乐喷泉,4,4,,,,,,携程
香港故事,1,1,,,,,,携程
新河浦历史文化街区,1,1,,,,,,携程
广州 · Bangdream!only live 姬GO对邦专场,1,1,,,,,,携程
广州融创乐园-冰天雪地,1,1,,,,,,携程
观澜山水田园乡村温泉,10,10,,,,,,携程
羚羊峡古栈道森林公园,10,10,,,,,,携程
横琴星乐度·露营小镇,10,10,,,,,,携程
meland club 广州乐峰馆,9,9,,,,,,携程
节孝流芳牌坊,1,1,,,,,,携程
飞马家庭过山车,1,1,,,,,,携程
阿那亚艺术中心(广州馆),1,1,,,,,,携程
广州塔跳楼机,1,1,,,,,,携程
白鹅潭,10,10,,,,,,携程
梦幻水城,10,10,,,,,,携程
佛山公园,1,1,,,,,,携程
火箭过山车,10,10,,,,,,携程
《印象派150周年光影大展》全球巡展（中国首站）,1,1,,,,,,携程
狮子林,1,1,,,,,,携程
meland club亲子乐园,1,1,,,,,,携程
广东奥体中心,10,10,,,,,,携程
奶龙造梦游乐厂·秘密基地,1,1,,,,,,携程
时代创客小镇,2,2,,,,,,携程
广州 · 海山乐队《岁月狂想曲》BEYOND金曲演唱会,1,1,,,,,,携程
紫南船说水上游,1,1,,,,,,携程
水声水库,3,3,,,,,,携程
深圳 · 幽默油条喜剧×福田COCOPark丨大咖不定时空降丨爆笑解压脱口秀丨购物公园站,1,1,,,,,,携程
南方大厦,10,10,,,,,,携程
人和香港街,10,10,,,,,,携程
泰佛殿,1,1,,,,,,携程
顺德华侨城旅游度假区,1,1,,,,,,携程
王借岗森林公园,6,6,,,,,,携程
颠倒博物馆(捷登都会店),1,1,,,,,,携程
芙蓉水上世界,1,1,,,,,,携程
广州惠福美食花街,9,9,,,,,,携程
反弹蹦床公园(广州南站店),10,10,,,,,,携程
美陶湾·柒号陶仓,1,1,,,,,,携程
洪秀全故居,10,10,,,,,,携程
一五零六创意城,6,6,,,,,,携程
聚龙湾温泉,10,10,,,,,,携程
广州市第二少年宫,10,10,,,,,,携程
欢乐谷水上乐园,1,1,,,,,,携程
均安南沙人工沙滩,2,2,,,,,,携程
东莞 · 维也纳皇家交响乐团 2026 新年音乐会,1,1,,,,,,携程
清远长隆国家级世界珍稀野生动植物种源基地,1,1,,,,,,携程
江门泡温泉,1,1,,,,,,携程
黄沙码头,2,2,,,,,,携程
深圳华侨城旅游度假区,10,10,,,,,,携程
虎门大桥,10,10,,,,,,携程
上罗村,6,6,,,,,,携程
梵高星空艺术馆(东莞旗舰店),10,10,,,,,,携程
同沙生态公园,10,10,,,,,,携程
"广州 · Overhead,The Albatross 2026 中国巡演",1,1,,,,,,携程
广州 · 广东烂仔Zaage炸鸡2026《爱情的索嗨》巡演,1,1,,,,,,携程
三只凤凰固定翼飞行体验俱乐部(广东中山店),4,4,,,,,,携程
岭南和园-故里,1,1,,,,,,携程
华阳湖湿地公园,10,10,,,,,,携程
OMG小吃街,6,6,,,,,,携程
尼克Playtime(欢乐海岸店),10,10,,,,,,携程
翠岩,10,10,,,,,,携程
汤臣倍健透明工厂,10,10,,,,,,携程
大鹏所城,10,10,,,,,,携程
北山村,6,6,,,,,,携程
深圳 · HUSH《GO BIGGER》2026 LIVE CONCERT巡回演唱会-深圳站,1,1,,,,,,携程
中共三大会址纪念馆,1,1,,,,,,携程
车公庙,1,1,,,,,,携程
虎门公园,10,10,,,,,,携程
佛山世纪莲-花海公园,1,1,,,,,,携程
美国驻广州总领事馆旧址,1,1,,,,,,携程
翔顺金水台温泉,10,10,,,,,,携程
翔顺金水台温泉小镇,10,10,,,,,,携程
广州塔-空中漫步,1,1,,,,,,携程
白云楼,4,4,,,,,,携程
深圳华润大厦艺术中心,10,10,,,,,,携程
壹号汤泉(天一庄店),1,1,,,,,,携程
李众胜堂祖铺,1,1,,,,,,携程
乐水桨板俱乐部(海珠湖店),4,4,,,,,,携程
梦里水乡百花园不夜城,1,1,,,,,,携程
广州市南华珠宝艺术博物馆,10,10,,,,,,携程
桂城街道,1,1,,,,,,携程
东莞虎门,1,1,,,,,,携程
《航海王》—“大航海时代”亚洲巡展广州站,1,1,,,,,,携程
绿岛湖湿地公园,8,8,,,,,,携程
广东温泉宾馆景区,10,10,,,,,,携程
梦回大秦体验馆,1,1,,,,,,携程
华南国家植物园-游览区,1,1,,,,,,携程
长岐村,2,2,,,,,,携程
佛山市禅城区,1,1,,,,,,携程
顺德新世纪水上乐园,2,2,,,,,,携程
顺德工业发展馆,2,2,,,,,,携程
黄花岗公园,1,1,,,,,,携程
虎门镇,3,3,,,,,,携程
广州南岭美食街,1,1,,,,,,携程
机器人科技体验馆,1,1,,,,,,携程
塔坡古迹,3,3,,,,,,携程
东华里,10,10,,,,,,携程
广东梧桐山国家森林公园,10,10,,,,,,携程
奶龙星球乐园(广州番禺碧乐时光店),1,1,,,,,,携程
黄埔军事主题园,9,9,,,,,,携程
TaxiWay飞行中心(广州塔店),2,2,,,,,,携程
探洞工场(六元素旗舰店),8,8,,,,,,携程
广东省博物馆-海洋馆,1,1,,,,,,携程
悦城龙母祖庙(龙母庙),10,10,,,,,,携程
长隆国际大马戏-长廊,1,1,,,,,,携程
广东外事博物馆,8,8,,,,,,携程
海天娅米的阳光城堡,9,9,,,,,,携程
黄山鲁森林公园,10,10,,,,,,携程
2026年天河迎春花市,1,1,,,,,,携程
佛山咏春拳会馆,1,1,,,,,,携程
企鹅馆,10,10,,,,,,携程
三水温泉度假村-温泉中心,1,1,,,,,,携程
观澜山水田园文化园,10,10,,,,,,携程
沙围村七彩花田,3,3,,,,,,携程
西游动物城,10,10,,,,,,携程
欢乐谷,1,1,,,,,,携程
冲上云霄,1,1,,,,,,携程
盈香生态园-欢乐岛,1,1,,,,,,携程
坐看云起,1,1,,,,,,携程
左滩村,1,1,,,,,,携程
大丰门漂流,10,10,,,,,,携程
西郊游泳场,10,10,,,,,,携程
卡玛生态园缤纷花世界,1,1,,,,,,携程
顺德大良盆景园,7,7,,,,,,携程
珠海直升机体验,1,1,,,,,,携程
三水荷花世界-荷香文创街,1,1,,,,,,携程
侏罗纪恐龙乐园,1,1,,,,,,携程
汇丰银行旧址,10,10,,,,,,携程
广东革命历史博物馆·近代广州展展览,2,2,,,,,,携程
广州人民艺术中心(麓湖路店),1,1,,,,,,携程
沙角炮台,6,6,,,,,,携程
桃花涧,10,10,,,,,,携程
爱情沙滩,1,1,,,,,,携程
天龙溪自然风景区,10,10,,,,,,携程
海幢寺,10,10,,,,,,携程
长隆国际会展中心,3,3,,,,,,携程
meland club(广州天河领展广场店),1,1,,,,,,携程
长隆主题公园,1,1,,,,,,携程
花溪公园,7,7,,,,,,携程
广州艺术博物院(白云国际机场分院),4,4,,,,,,携程
广州番禺直升机观光游览区,1,1,,,,,,携程
长堤历史文化街区,2,2,,,,,,携程
广州体育馆,10,10,,,,,,携程
仁信双皮奶博物馆,1,1,,,,,,携程
北江游(南岸码头),7,7,,,,,,携程
清平古墟影视文化园,7,7,,,,,,携程
彩虹桥,1,1,,,,,,携程
千灯湖创投特色小镇,4,4,,,,,,携程
香山商业文化博物馆,10,10,,,,,,携程
东海绿岛,1,1,,,,,,携程
矿洞海洋馆,1,1,,,,,,携程
清远长隆森林大自驾,1,1,,,,,,携程
古村落,1,1,,,,,,携程
灵龟公园,2,2,,,,,,携程
观澜古墟,10,10,,,,,,携程
海珠国际会展中心,1,1,,,,,,携程
悦天下生态度假区,10,10,,,,,,携程
岭南大地百草园,10,10,,,,,,携程
南海沙滩,1,1,,,,,,携程
逆风飞行体验(珠海莲洲机场),3,3,,,,,,携程
佛山市城市展览馆,4,4,,,,,,携程
王子山森林公园,10,10,,,,,,携程
考拉园,10,10,,,,,,携程
西坑水库,1,1,,,,,,携程
海蚀洞,5,5,,,,,,携程
西江,10,10,,,,,,携程
石湾美术陶瓷厂,10,10,,,,,,携程
甘竹滩洪潮发电站,2,2,,,,,,携程
华林寺历史文化街区,1,1,,,,,,携程
海上彩虹号,10,10,,,,,,携程
红山村,10,10,,,,,,携程
灵山岛尖,5,5,,,,,,携程
摆渡船,1,1,,,,,,携程
南京中山陵,1,1,,,,,,携程
中共三大会址遗址广场,1,1,,,,,,携程
西樵山风景名胜区-宗教林,1,1,,,,,,携程
勤天熹乐谷凤凰温泉,10,10,,,,,,携程
洲头咀公园,10,10,,,,,,携程
白云山原始森林公园,1,1,,,,,,携程
罗浮山,2,2,,,,,,携程
渔人夜市,1,1,,,,,,携程
左岸公园,10,10,,,,,,携程
68滨海湾花海里公园,3,3,,,,,,携程
跃空间Rockin'Jump室内运动公园(国瑞升平里店),4,4,,,,,,携程
南越国宫署遗址,10,10,,,,,,携程
【深圳】爪马戏剧沉浸式互动悬疑剧《花见小馆》,1,1,,,,,,携程
隧道博物馆,1,1,,,,,,携程
东莞银行篮球中心,10,10,,,,,,携程
仙鹿岛,3,3,,,,,,携程
广州市城市规划展览中心,10,10,,,,,,携程
广州独角兽星空艺术馆,10,10,,,,,,携程
杨梅坑,10,10,,,,,,携程
白云山山顶广场,10,10,,,,,,携程
欢乐海岸水秀剧场,10,10,,,,,,携程
龙门泡温泉,1,1,,,,,,携程
幻境空间超级元宇宙体验馆(珠海店),4,4,,,,,,携程
东莞人民公园,10,10,,,,,,携程
佛山古镇历史风貌展示馆,1,1,,,,,,携程
沿江路酒吧街,10,10,,,,,,携程
东城风情步行街,10,10,,,,,,携程
南昆山国家森林公园,10,10,,,,,,携程
华侨城大鹏所城旅游区,3,3,,,,,,携程
双溪别墅,4,4,,,,,,携程
古镇,1,1,,,,,,携程
能仁寺,10,10,,,,,,携程
樱花园,3,3,,,,,,携程
观光车南门站,1,1,,,,,,携程
龙江龙晟生态乐园,1,1,,,,,,携程
广州大学城体育中心,1,1,,,,,,携程
广州番禺长隆野生动物世界自驾游览区-孟加拉虎,1,1,,,,,,携程
大吉沙,10,10,,,,,,携程
双月湾,10,10,,,,,,携程
南海体育中心-体育馆,1,1,,,,,,携程
蒲洲花园,10,10,,,,,,携程
深圳《三体游戏：文明碎片》沉浸式VR探索体验展,1,1,,,,,,携程
锦绣香江温泉城(原香江健康山谷),10,10,,,,,,携程
博爱湖公园,2,2,,,,,,携程
乐从国家水利风景区,10,10,,,,,,携程
大芬油画村,10,10,,,,,,携程
跳楼机,1,1,,,,,,携程
广州悬空玻璃艺术馆(天河旗舰店),2,2,,,,,,携程
龙津西路,4,4,,,,,,携程
湖蝶湾欢乐水世界,9,9,,,,,,携程
西樵香云纱丝绸博物馆,1,1,,,,,,携程
佛山电视塔,10,10,,,,,,携程
幻境空间(中山店),2,2,,,,,,携程
东莞 · 天空乐队《声声不息》·宝岛季-华语流行金曲演唱会,1,1,,,,,,携程
较场尾,10,10,,,,,,携程
广东美华航空科技有限公司,3,3,,,,,,携程
东莞市科学技术博物馆,10,10,,,,,,携程
锦岩公园,2,2,,,,,,携程
邓世昌纪念馆,1,1,,,,,,携程
百鸟飞歌,1,1,,,,,,携程
正佳世界科学人物蜡像馆(正佳广场店),1,1,,,,,,携程
横琴湾海上游(横琴码头),10,10,,,,,,携程
深中通道日出观赏点,2,2,,,,,,携程
天池,1,1,,,,,,携程
《大师风采》石湾陶艺国家级省级大师精品展,1,1,,,,,,携程
南海樵山文化中心,1,1,,,,,,携程
广州白云国际会议中心国际会堂,1,1,,,,,,携程
81天飞越五大洲·幻境飞行剧场(顺联公园里季华东店),1,1,,,,,,携程
清晖园-花亭,1,1,,,,,,携程
海底世界,1,1,,,,,,携程
江门儿童公园,10,10,,,,,,携程
清远笔架山漂流,10,10,,,,,,携程
颠倒博物馆(万达广场佛山南海店),8,8,,,,,,携程
仙女湖景区,10,10,,,,,,携程
乐从文化公园,10,10,,,,,,携程
高庙,5,5,,,,,,携程
超级大喇叭,1,1,,,,,,携程
海立方亲子乐园,1,1,,,,,,携程
中山湿地公园,6,6,,,,,,携程
大钟山公园,1,1,,,,,,携程
白云山登山步道,1,1,,,,,,携程
蛇口口岸,10,10,,,,,,携程
广汽科技馆(市南大道店),3,3,,,,,,携程
U型滑板,2,2,,,,,,携程
广州8号艺术晒谷场,10,10,,,,,,携程
六祖故里旅游度假区,10,10,,,,,,携程
虎门步行街,10,10,,,,,,携程
YOMA(南丰汇店),1,1,,,,,,携程
深圳 · 刘敏涛主演传奇话剧《俗世奇人》,1,1,,,,,,携程
北江大堤露营地,1,1,,,,,,携程
岭南酒文化博物馆,3,3,,,,,,携程
美国加拿大尼亚加拉大瀑布,10,10,,,,,,携程
深圳 · 沉浸式致敬经典金曲专场|情歌演唱|金曲合唱|浪漫表白|超绝氛围,1,1,,,,,,携程
珠江夜游(海心沙西区码头),1,1,,,,,,携程
乘船探索秘境,10,10,,,,,,携程
白云山国家级风景名胜区-游览观光车站,1,1,,,,,,携程
罗洞工匠小镇,8,8,,,,,,携程
澳洲森林,6,6,,,,,,携程
飞霞风景名胜区,10,10,,,,,,携程
极潮射击体验馆(广百广场里水里广路店),1,1,,,,,,携程
东江印象特色农业园,10,10,,,,,,携程
宝晶宫旅游景区,10,10,,,,,,携程
金钟水库,10,10,,,,,,携程
深圳直升机体验,1,1,,,,,,携程
升旗广场,10,10,,,,,,携程
虎集小镇,2,2,,,,,,携程
鼎湖,10,10,,,,,,携程
花果山公园,10,10,,,,,,携程
中山纪念堂·演出厅,1,1,,,,,,携程
大沙头游船码头,1,1,,,,,,携程
珠海长隆国际马戏城,3,3,,,,,,携程
南沙国际会展中心·广州厅,1,1,,,,,,携程
雪灵魔法世界SHELLY’S TAROT(大良桂畔里店),1,1,,,,,,携程
王府井紫薇港东门广场,1,1,,,,,,携程
银河康城水会(腾大广场店),1,1,,,,,,携程
大河马水上世界,10,10,,,,,,携程
柏林艺术馆,6,6,,,,,,携程
肇庆市博物馆(新馆),3,3,,,,,,携程
冰玉堂,3,3,,,,,,携程
长颈鹿之家,1,1,,,,,,携程
三水博物馆,1,1,,,,,,携程
金钟湖公园,5,5,,,,,,携程
清远湖蝶湾旅游度假区,1,1,,,,,,携程
长隆欢乐世界-奇妙车队,1,1,,,,,,携程
赤岗塔,10,10,,,,,,携程
南山公园,18,18,,,,,,携程
十九路军淞沪抗日阵亡将士陵园,1,1,,,,,,携程
卡洛卡太空森林亲子乐园,2,2,,,,,,携程
黄婆洞水库,10,10,,,,,,携程
龙凤山庄影视度假村,10,10,,,,,,携程
花溪,2,2,,,,,,携程
林则徐纪念园,10,10,,,,,,携程
虎英水上乐园(原棕榈谷水城),10,10,,,,,,携程
十八罗汉山森林公园,10,10,,,,,,携程
顺德之夜迎春灯会主题乐园,1,1,,,,,,携程
番禺儿童公园,10,10,,,,,,携程
《天才的对决：毕加索与达利暨》现代西班牙绘画大展,1,1,,,,,,携程
DOWN·TIME(清远新世界温泉水疗中心),2,2,,,,,,携程
颐和温泉城,10,10,,,,,,携程
石角沙滩,3,3,,,,,,携程
畅乐水上乐园,8,8,,,,,,携程
深圳美术馆(新馆),10,10,,,,,,携程
东莞33小镇,5,5,,,,,,携程
百万花海,2,2,,,,,,携程
北回归线标志塔,7,7,,,,,,携程
古董车博物馆,10,10,,,,,,携程
珠海斗门清朝古街,11,11,,,,,,携程
太和古洞,10,10,,,,,,携程
广东南海金沙岛国家湿地公园,1,1,,,,,,携程
海底互动船,10,10,,,,,,携程
樵山文化中心-C区,1,1,,,,,,携程
牛头山,6,6,,,,,,携程
船台1914,1,1,,,,,,携程
宝鼎园,8,8,,,,,,携程
纯阳观,10,10,,,,,,携程
观澜湖生态运动公社,10,10,,,,,,携程
大良街道欢乐海岸,1,1,,,,,,携程
海珠儿童公园,10,10,,,,,,携程
英国伦敦塔桥,10,10,,,,,,携程
广州华侨博物馆,3,3,,,,,,携程
南沙体育馆,1,1,,,,,,携程
广州 · Hugo2026《GO TOP》个人特别专场,1,1,,,,,,携程
卧云庐,1,1,,,,,,携程
龙翔谷养生温矿泉,10,10,,,,,,携程
六片山,10,10,,,,,,携程
探洞工场(欢乐海岸店),10,10,,,,,,携程
牛鱼嘴风景区,10,10,,,,,,携程
杏坛广场,1,1,,,,,,携程
儿童动物园,1,1,,,,,,携程
海珠桥,10,10,,,,,,携程
咪兔亲子大世界·儿童乐园·角色扮演·运动探险(东方广场店),1,1,,,,,,携程
明珠楼,5,5,,,,,,携程
《故事之城》VR大型空间展 - 广州站,1,1,,,,,,携程
东方村·流浪荒野度假露营地,4,4,,,,,,携程
紫薇星空光影艺术馆,10,10,,,,,,携程
泰康山生态旅游区,10,10,,,,,,携程
广州 · Vansdaddy 2025-2026《都市醉汉》个人巡演,1,1,,,,,,携程
广州曼古园,10,10,,,,,,携程
西汉南越王博物馆-专题展览厅,2,2,,,,,,携程
广州动物园-长颈鹿,1,1,,,,,,携程
广东珠西国际会展中心,1,1,,,,,,携程
中央演艺广场,10,10,,,,,,携程
莲花山旅游区古采石场遗址,6,6,,,,,,携程
TIT创意园,10,10,,,,,,携程
南风古灶-休闲街区,1,1,,,,,,携程
广东现代国际展览中心,7,7,,,,,,携程
马鞍山公园,10,10,,,,,,携程
佛山警察历史博物馆,1,1,,,,,,携程
余果个展《风景那边独“好”》,1,1,,,,,,携程
2026年广州番禺区迎春花市,1,1,,,,,,携程
湾区影视城,1,1,,,,,,携程
岭南文化艺术展览中心,1,1,,,,,,携程
林家厅,3,3,,,,,,携程
K11 ECOAST,4,4,,,,,,携程
九江镇望海观音寺,1,1,,,,,,携程
儿童乐园(佛罗伦萨小镇疏港路店),1,1,,,,,,携程
GNZ48星梦剧场,1,1,,,,,,携程
桂畔湖湿地公园,10,10,,,,,,携程
马头山,10,10,,,,,,携程
顺德演艺中心大剧院,1,1,,,,,,携程
蓝色海岸国际水会(三元里大道店),1,1,,,,,,携程
璜矶鹭鸟天堂,4,4,,,,,,携程
广州地铁1号线试车线,1,1,,,,,,携程
新兴泡温泉,1,1,,,,,,携程
牛牛广场,1,1,,,,,,携程
北山大院,5,5,,,,,,携程
翠亨村,10,10,,,,,,携程
北京街广百文化广场,10,10,,,,,,携程
顺德区非遗文化展示体验馆,1,1,,,,,,携程
北江小三峡,10,10,,,,,,携程
广州长隆野生动物世界-黑蜘蛛猴,2,2,,,,,,携程
东莞 · 西班牙弗拉明戈舞剧《歌剧魅影》,1,1,,,,,,携程
广州极动公园,5,5,,,,,,携程
云昕水语(太古汇万菱旗舰店),1,1,,,,,,携程
冰花雪粤·梦里雪乡,1,1,,,,,,携程
观澜湖休闲旅游区,10,10,,,,,,携程
泡泡米POPOME益智乐园(佛山王府井店),1,1,,,,,,携程
良仓新造创意园,1,1,,,,,,携程
琶洲展馆,1,1,,,,,,携程
慕轩汉服·古装摄影基地(沙湾古镇店),1,1,,,,,,携程
海傍水乡,10,10,,,,,,携程
《黄永玉：如此漫长·如此浓郁》特展 - 广州站,1,1,,,,,,携程
番禺欢乐森林,10,10,,,,,,携程
紫泥堂创意园,10,10,,,,,,携程
冰河湾真冰场(正佳广场店),10,10,,,,,,携程
上下九-第十甫历史文化街区,2,2,,,,,,携程
MELAND (佛山新DNA店),1,1,,,,,,携程
望海观音,1,1,,,,,,携程
广州活体昆虫博物馆,1,1,,,,,,携程
广州 · zZz777首场专场《开始找你了》2026巡演,1,1,,,,,,携程
广州 · AFRICAKID & ATM Hanson 2026《GAMEBOI》巡演,1,1,,,,,,携程
广州 · I'll call you.电话团 & 动物园钉子户《我爱你》特别企划,1,1,,,,,,携程
广州 · 白举纲2026《荒野爱人-伟大的冒险》巡回演唱会,1,1,,,,,,携程
广州工行·新八景“趣”漫跑 ——塔映花城挑战赛,1,1,,,,,,携程
广州美术学院(大学城校区)-美术馆,1,1,,,,,,携程
四会市贞山旅游度假区,10,10,,,,,,携程
东联步行街,10,10,,,,,,携程
罗南生态园,10,10,,,,,,携程
罗西尼钟表博物馆,2,2,,,,,,携程
奥咖HOKA光影剧场,5,5,,,,,,携程
一方乐田都市农园,10,10,,,,,,携程
南庄镇,1,1,,,,,,携程
广州白云文化广场,1,1,,,,,,携程
竹苑,1,1,,,,,,携程
白衣古寺,10,10,,,,,,携程
金龙峡漂流,1,1,,,,,,携程
碧玉洞,10,10,,,,,,携程
落日营地sunset camp,1,1,,,,,,携程
广交会展馆-C区,1,1,,,,,,携程
东王府,1,1,,,,,,携程
白鹭湾房车营地,1,1,,,,,,携程
万亩稻田,1,1,,,,,,携程
新会陈皮文化博物馆,1,1,,,,,,携程
太空舱,1,1,,,,,,携程
海上世界-明华轮,9,9,,,,,,携程
问花小院,1,1,,,,,,携程
狮头山,4,4,,,,,,携程
梦中幻境(东方广场钻石城店),1,1,,,,,,携程
飓风飞椅,1,1,,,,,,携程
"一德路173,175,177,179,181号骑楼",1,1,,,,,,携程
虎门炮台旧址(蕉门炮台),1,1,,,,,,携程
白水带公园,10,10,,,,,,携程
丛林探险-星际决战,1,1,,,,,,携程
江门狂飙拍摄地(三十三墟店),1,1,,,,,,携程
超越(西樵山)越野车基地,1,1,,,,,,携程
深圳湾公园-流花山,10,10,,,,,,携程
宝桑园,10,10,,,,,,携程
光孝寺-售票处,1,1,,,,,,携程
天星小轮香港特别行政区油尖旺区,1,1,,,,,,携程
广州雕塑公园,10,10,,,,,,携程
《小芳宇宙银行- 塱头分行》胡尹萍个展,1,1,,,,,,携程
深圳 · 涂毓麟 Oscar《梦或梦》巡回音乐会,1,1,,,,,,携程
北江白庙渔村,7,7,,,,,,携程
西樵山风景名胜区-西樵环山花海,1,1,,,,,,携程
非洲森林,1,1,,,,,,携程
瓜岭村,7,7,,,,,,携程
中山大学广州校区(北校园)-中山医科大学医学博物馆,10,10,,,,,,携程
广州美术学院(昌岗校区),10,10,,,,,,携程
珠海活体昆虫博物馆,6,6,,,,,,携程
北回归线公园,8,8,,,,,,携程
水濂山碧玉湖公园,2,2,,,,,,携程
蒋光鼐故居博物馆,4,4,,,,,,携程
大湾区文化体育中心-体育场,1,1,,,,,,携程
河口百年邮局,1,1,,,,,,携程
Pokiddo口袋屋运动梦工场(中山店),9,9,,,,,,携程
长隆大熊猫中心,1,1,,,,,,携程
七十二家房客摄影棚,1,1,,,,,,携程
珠江,3,3,,,,,,携程
本焕寺,1,1,,,,,,携程
广州空港博览中心,1,1,,,,,,携程
佛山固定翼飞行基地,1,1,,,,,,携程
梦幻空间·科技馆(时尚天河店),1,1,,,,,,携程
佛山市祖庙博物馆-前殿,1,1,,,,,,携程
北亭村,1,1,,,,,,携程
广州长隆野生动物世界-非洲猎豹,1,1,,,,,,携程
荔枝湾景区-荔湾湖,1,1,,,,,,携程
南越王墓出土文物陈列馆,1,1,,,,,,携程
新塘镇,1,1,,,,,,携程
锦江里碉楼群,10,10,,,,,,携程
均安碧桂园高尔夫球会,1,1,,,,,,携程
新慕悦游艇俱乐部(广州店),6,6,,,,,,携程
东平河石湾湿地公园,10,10,,,,,,携程
石湾古镇文创园,1,1,,,,,,携程
速马赫卡丁车·电玩·体感运动综合娱乐潮玩馆(南海店),1,1,,,,,,携程
五仙古观-五羊仙迹,1,1,,,,,,携程
梅花谷,6,6,,,,,,携程
棕榈园,10,10,,,,,,携程
凤凰古村,10,10,,,,,,携程
广州市番禺区海鸥岛露营地,1,1,,,,,,携程
白云山风景名胜区观光车-西门站,1,1,,,,,,携程
广州 · Share Me Your Love音乐会,1,1,,,,,,携程
迳下村,4,4,,,,,,携程
南沙十九涌,10,10,,,,,,携程
湾区游轮,8,8,,,,,,携程
新会石涧公园,4,4,,,,,,携程
广东艺术剧院,3,3,,,,,,携程
沙墩胡公园,1,1,,,,,,携程
恒大世纪梦幻城,6,6,,,,,,携程
急流勇进,10,10,,,,,,携程
广东省立中山图书馆,10,10,,,,,,携程
云鹭湿地公园,1,1,,,,,,携程
智谷公园,1,1,,,,,,携程
天河路商圈,10,10,,,,,,携程
猫爪野生动物世界,6,6,,,,,,携程
广州香格里拉亲子乐园,1,1,,,,,,携程
珠海国际会展中心,10,10,,,,,,携程
Nutcamp坚果露营地,1,1,,,,,,携程
金猴王国,3,3,,,,,,携程
哆哆咪娅星球乐园,2,2,,,,,,携程
七星岩摩崖石刻,1,1,,,,,,携程
平安大戏院(十甫路),10,10,,,,,,携程
金梦海湾,1,1,,,,,,携程
狂野地带,10,10,,,,,,携程
皇岗口岸,10,10,,,,,,携程
欢乐嘉年华-宝贝乐园,6,6,,,,,,携程
迪茵湖田家舍生态农场,10,10,,,,,,携程
南湖南艺术家夏宫,1,1,,,,,,携程
大雁山飞越丛林探险乐园,10,10,,,,,,携程
南沙大桥,1,1,,,,,,携程
蛇口工业区,10,10,,,,,,携程
陈铁军故居,1,1,,,,,,携程
荔枝湾大戏台,1,1,,,,,,携程
冰山过山车,3,3,,,,,,携程
宋元崖门海战文化旅游区,10,10,,,,,,携程
虎门广场,10,10,,,,,,携程
南沙耕山小寨,7,7,,,,,,携程
正佳星球酷跑卡丁,2,2,,,,,,携程
《相应》刘聪个展,1,1,,,,,,携程
三水九道谷狂野漂流景区,1,1,,,,,,携程
珠海日月贝直升机基地,7,7,,,,,,携程
佛山云东海高尔夫球会,2,2,,,,,,携程
西南公园,10,10,,,,,,携程
锦绣中华-少数民族民居,10,10,,,,,,携程
增城荔枝文化村,10,10,,,,,,携程
广东民政大楼-旧址,1,1,,,,,,携程
佛山国际会议展览中心,1,1,,,,,,携程
紫玉名陶紫砂手工体验(顺德店),1,1,,,,,,携程
龙江甘竹滩历史展示馆,1,1,,,,,,携程
三水森林赛车会,1,1,,,,,,携程
奇幻岛儿童亲子乐园,1,1,,,,,,携程
古灶陶韵公园,1,1,,,,,,携程
新会博物馆,10,10,,,,,,携程
三英温泉,10,10,,,,,,携程
滴水岩森林公园,10,10,,,,,,携程
南沙明珠农业公园,5,5,,,,,,携程
华严寺,4,4,,,,,,携程
华峰寺,6,6,,,,,,携程
"和吉新街1,3,5,7号民居",1,1,,,,,,携程
中山 · 快乐888笑年脱口秀 ——【春光炸笑】笑炸马年！,1,1,,,,,,携程
广州蓓蕾剧院,9,9,,,,,,携程
中山收音机博物馆,10,10,,,,,,携程
南越皇宫博物馆,1,1,,,,,,携程
琴澳海湾游(横琴码头),6,6,,,,,,携程
普觉楼,1,1,,,,,,携程
从化都喜泰丽度假温泉,10,10,,,,,,携程
《无界》石磊个展,1,1,,,,,,携程
中央车站展演中心,7,7,,,,,,携程
飞来寺,5,5,,,,,,携程
长隆欢乐世界-梦幻转马,1,1,,,,,,携程
感动空间-欢乐剧场(长隆欢乐世界店),10,10,,,,,,携程
状元牌坊,1,1,,,,,,携程
顺德生态乐园,10,10,,,,,,携程
观龙岛,10,10,,,,,,携程
迎恩门城楼,10,10,,,,,,携程
御温泉(江湾一路店),1,1,,,,,,携程
水乡一条街,5,5,,,,,,携程
星罗纪大森林景区(广州二龙山花园),10,10,,,,,,携程
佛山市顺德区容桂体育中心,1,1,,,,,,携程
碧桂园假日半岛高尔夫,5,5,,,,,,携程
白云山风景名胜区-天然鸟笼,1,1,,,,,,携程
深圳 · 维也纳圆舞曲乐团-世界经典歌剧名曲新春音乐会,1,1,,,,,,携程
阿卡那拉,10,10,,,,,,携程
大家元摩天轮,10,10,,,,,,携程
云梯山花海,10,10,,,,,,携程
三门海,1,1,,,,,,携程
鼎湖大峡谷,10,10,,,,,,携程
故乡里民俗文化村,10,10,,,,,,携程
泮塘路,10,10,,,,,,携程
文塔,10,10,,,,,,携程
鹤山市福伦文旅龟博园,2,2,,,,,,携程
中山美术馆,5,5,,,,,,携程
广州正佳大剧院,3,3,,,,,,携程
黄金沟森林旅游景区,9,9,,,,,,携程
广州园林博览会,1,1,,,,,,携程
BIG海珠湾艺术园区,2,2,,,,,,携程
南方剧院,3,3,,,,,,携程
碰碰车,5,5,,,,,,携程
砚阳湖公园,10,10,,,,,,携程
水沐荣华(翠竹路店),1,1,,,,,,携程
玉台寺,10,10,,,,,,携程
珠江边景观广场,2,2,,,,,,携程
珠海航展中心,10,10,,,,,,携程
桃花湖,10,10,,,,,,携程
金印游乐场,7,7,,,,,,携程
深圳 · 喻言2026《榆野岛》巡回演唱会,1,1,,,,,,携程
大稳村,10,10,,,,,,携程
虎门水上世界,1,1,,,,,,携程
国医小镇,10,10,,,,,,携程
天河儿童公园,10,10,,,,,,携程
石岐街道,10,10,,,,,,携程
富泰印象(长隆店),1,1,,,,,,携程
人和园,1,1,,,,,,携程
江门儿童公园梦主题室外游乐区,10,10,,,,,,携程
雍王府文化馆,1,1,,,,,,携程
青云塔,1,1,,,,,,携程
荔湾非遗体验中心(广州市永庆坊非遗工作站),1,1,,,,,,携程
乐高儿童乐园,1,1,,,,,,携程
广州九龙湖高尔夫球会,1,1,,,,,,携程
太姥山,1,1,,,,,,携程
滨海沙滩,1,1,,,,,,携程
旗峰公园,10,10,,,,,,携程
九龙湖房车营地,1,1,,,,,,携程
七星岩景区-龙岩洞,1,1,,,,,,携程
花都湿地公园,1,1,,,,,,携程
长隆飞鸟乐园-动物王国,1,1,,,,,,携程
广州高空跳伞基地(越秀·财富广场店),1,1,,,,,,携程
翡翠湖,1,1,,,,,,携程
陆军军官学校旧址,1,1,,,,,,携程
深圳 · 喜人奇妙夜&喜剧之王| 一把郝龚箭&真勇&南瓜 |大咖巡演×幽默油条喜剧,1,1,,,,,,携程
锦绣中华-故宫,1,1,,,,,,携程
塔坡庙和井,1,1,,,,,,携程
佛山市体育馆,1,1,,,,,,携程
荷花世界,1,1,,,,,,携程
樵山文化中心A区,1,1,,,,,,携程
顺德花卉城吉维尼小镇,2,2,,,,,,携程
摩天轮下的萌宠乐园(欢乐海岸PLUS店),1,1,,,,,,携程
九洲直升机空中游览基地,5,5,,,,,,携程
爱丽丝仙境花海,1,1,,,,,,携程
北滘都宁岗森林公园,1,1,,,,,,携程
南海花卉博览园,2,2,,,,,,携程
大旗头村古屋群,1,1,,,,,,携程
广州塔-珠江摄影观景平台,1,1,,,,,,携程
杨梅观音禅寺,1,1,,,,,,携程
西樵山宝峰寺-观景平台,1,1,,,,,,携程
阳台山森林公园,10,10,,,,,,携程
唐家湾沙滩,10,10,,,,,,携程
广州云道,6,6,,,,,,携程
金色海岸游艇,10,10,,,,,,携程
晓庐,1,1,,,,,,携程
端砚博物馆,1,1,,,,,,携程
2026荔湾区迎春花市,10,10,,,,,,携程
油麻山公园,3,3,,,,,,携程
深圳 · 大型杂技秀《奇遇》,1,1,,,,,,携程
广州 · Veco 2026《圈圈印》个人专场,1,1,,,,,,携程
羚羊峡,10,10,,,,,,携程
小王子主题乐园,1,1,,,,,,携程
龙卷风暴,9,9,,,,,,携程
十八届广州国际汽车展览会,1,1,,,,,,携程
广州爱飞乐风洞,8,8,,,,,,携程
广州科学馆项目,1,1,,,,,,携程
《世界，在窗前跳舞》卤猫作品展 - 深圳站,1,1,,,,,,携程
深中通道观景台,1,1,,,,,,携程
中山博览中心,10,10,,,,,,携程
美洲丛林,2,2,,,,,,携程
广东省非物质文化遗产馆,2,2,,,,,,携程
电子科技大学中山学院,10,10,,,,,,携程
再现山海经·大型沉浸式体验馆,1,1,,,,,,携程
六祖惠能坐像,1,1,,,,,,携程
明星动物乐园,1,1,,,,,,携程
广东时代美术馆,10,10,,,,,,携程
珠海畅玩水上桨划运动,1,1,,,,,,携程
长隆水上乐园-大件行李贮存服务,1,1,,,,,,携程
深圳恒远海立方环游城,7,7,,,,,,携程
JAM奈美术馆,1,1,,,,,,携程
金色海岸,5,5,,,,,,携程
深圳 · 舞台剧《剑网3·曲云传》,1,1,,,,,,携程
佛山祖庙百花广场,1,1,,,,,,携程
广州水博苑,10,10,,,,,,携程
龙山公园,10,10,,,,,,携程
增城金叶子温泉,10,10,,,,,,携程
花海长廊,10,10,,,,,,携程
中山大学校区旧址,1,1,,,,,,携程
佛山 · 跳跃号 SCAMPER《在前進的軌道上》全国巡演,1,1,,,,,,携程
广州国际生物岛山地公园-水墨园,10,10,,,,,,携程
中山大学(东校区)-牌坊,1,1,,,,,,携程
OMG！广州塔·沉浸式探索空间,1,1,,,,,,携程
东莞丰泰花园酒店热矿泉,10,10,,,,,,携程
大尖山露营公园,7,7,,,,,,携程
长洲岛都市农业公园,10,10,,,,,,携程
存善正街4、6、8号民居,1,1,,,,,,携程
十香园纪念馆,10,10,,,,,,携程
雨林仙踪,1,1,,,,,,携程
广州媒棚LIVE,1,1,,,,,,携程
深圳高空跳伞基地,10,10,,,,,,携程
华侨城(顺德)盒子美术馆,1,1,,,,,,携程
禾木HEMU·露营地,1,1,,,,,,携程
东部华侨城茶溪谷,10,10,,,,,,携程
北京路文化旅游区,1,1,,,,,,携程
乐民海洋世界,10,10,,,,,,携程
友谊剧院,10,10,,,,,,携程
清远市体育中心-体育场,1,1,,,,,,携程
府学西街,1,1,,,,,,携程
广州星空模拟飞行体验中心,1,1,,,,,,携程
迪士普音响博物馆,9,9,,,,,,携程
清泉湾生态旅游度假区,10,10,,,,,,携程
华艺广场,10,10,,,,,,携程
长颈鹿广场,6,6,,,,,,携程
飞虎队,1,1,,,,,,携程
晓港公园,10,10,,,,,,携程
群展《小事发生了！》,1,1,,,,,,携程
滑翔飞翼,1,1,,,,,,携程
四会博物馆,10,10,,,,,,携程
广州 · 俄罗斯前卫金属核乐队SHREZZERS成军十周年首次巡演,1,1,,,,,,携程
红博城国家AAAA旅游景区-北广场,1,1,,,,,,携程
“在蒙古包旁边跳舞”奈热乐队2026年全国巡演-广州站,1,1,,,,,,携程
逵园,10,10,,,,,,携程
西关大宅门,2,2,,,,,,携程
潭洲木趣森林公园,1,1,,,,,,携程
和梵·影院式轻奢会馆(东晓南店),1,1,,,,,,携程
南湖国家旅游度假区,5,5,,,,,,携程
学宫,1,1,,,,,,携程
林志彬2025艺术展,1,1,,,,,,携程
广州画廊十周年特展《冷热交替》,1,1,,,,,,携程
佛山威斯汀足球基地,1,1,,,,,,携程
横档岛,1,1,,,,,,携程
六榕寺花塔,2,2,,,,,,携程
中南通航直升机飞行基地,3,3,,,,,,携程
南越国木构水闸遗址(光明广场),8,8,,,,,,携程
江门梦主题儿童乐园(室内),1,1,,,,,,携程
白水寨嘉华温泉,10,10,,,,,,携程
银沙滩房车露营地,1,1,,,,,,携程
万菱汇休闲中心,1,1,,,,,,携程
长堤广场,10,10,,,,,,携程
不期馆,1,1,,,,,,携程
火烈鸟小小保育员,1,1,,,,,,携程
桑基鱼塘生态农业体验区,2,2,,,,,,携程
新塘公园,10,10,,,,,,携程
荷兰花卉小镇,10,10,,,,,,携程
顺德深潜赛艇龙舟中心,1,1,,,,,,携程
琶洲塔公园,10,10,,,,,,携程
佛山市南海,1,1,,,,,,携程
觉园,1,1,,,,,,携程
华侨城光影梦幻恐龙纪,1,1,,,,,,携程
同庆坊,1,1,,,,,,携程
开心农场,1,1,,,,,,携程
佛山南海,1,1,,,,,,携程
赛卡联盟卡丁车馆(超级180文娱综合体店),1,1,,,,,,携程
佛山市(国际)陶瓷展览中心,1,1,,,,,,携程
半江桥,1,1,,,,,,携程
点将台,1,1,,,,,,携程
顺博创意园,3,3,,,,,,携程
三字经文化公园,1,1,,,,,,携程
佛山开元寺,1,1,,,,,,携程
白云楼鲁迅故居,1,1,,,,,,携程
云上汤泉,3,3,,,,,,携程
广州 · PP KRIT林祎凯《THE TIME WE SLOW DOWN》粉丝签名会,1,1,,,,,,携程
北京师范大学(珠海校区),10,10,,,,,,携程
广州市三元里抗英斗争纪念公园,1,1,,,,,,携程
罗行圩,1,1,,,,,,携程
音乐唐人馆,1,1,,,,,,携程
广州市越秀区博物馆,10,10,,,,,,携程
广州市文化馆(海珠分馆),3,3,,,,,,携程
侏罗纪恐龙主题乐园,1,1,,,,,,携程
广州 · 李霄云2026《Pull & Push》巡演,1,1,,,,,,携程
大旺大南山森林文化公园,1,1,,,,,,携程
广州东圃美食街,10,10,,,,,,携程
广州冠伦蹦极基地,1,1,,,,,,携程
东莞可园-古建筑区,1,1,,,,,,携程
桔子小镇,7,7,,,,,,携程
蟠龙洞,10,10,,,,,,携程
溪峡街13 13-1民居,1,1,,,,,,携程
慢慢生活馆·中泰式按摩·SPA(北京路金铂宫店),1,1,,,,,,携程
广州国际采购中心,2,2,,,,,,携程
三山花海乐田,1,1,,,,,,携程
灯都古镇灯文化博物馆,5,5,,,,,,携程
中新广州知识城凤凰湖,8,8,,,,,,携程
乐民游艺园,10,10,,,,,,携程
海洋王国,1,1,,,,,,携程
文昌苑,1,1,,,,,,携程
虎门威远观景台,1,1,,,,,,携程
马耳山风景区,1,1,,,,,,携程
岭南美术馆,4,4,,,,,,携程
芙蓉嶂,1,1,,,,,,携程
北迹露营1号露营地,10,10,,,,,,携程
聚龙村民居,10,10,,,,,,携程
黄埔军校旧址纪念馆-观众接待中心,1,1,,,,,,携程
泰迪熊主题乐园(大信·新都汇店),1,1,,,,,,携程
黄埔军事装备展览馆,1,1,,,,,,携程
双水镇,3,3,,,,,,携程
肇庆将军山旅游风景区,10,10,,,,,,携程
《唐朝诡事录·西行》国潮沉浸剧场,1,1,,,,,,携程
易航航空飞行基地,8,8,,,,,,携程
白虎跳水,1,1,,,,,,携程
容桂养云庄园,1,1,,,,,,携程
磨碟沙公园,10,10,,,,,,携程
孙中山纪念堂公园售票处,1,1,,,,,,携程
疯狂巴士,1,1,,,,,,携程
云台花园-白云山索道下站,1,1,,,,,,携程
1906科技园扬韬广场中央广场(陈家祠地铁A口),3,3,,,,,,携程
石基,1,1,,,,,,携程
海底小纵队成长乐园,1,1,,,,,,携程
广州 · 西瓜剧场呈献：《那一个烟花璀璨的晚上》光芒公演,1,1,,,,,,携程
尖峰岭公园,2,2,,,,,,携程
万雪汇,10,10,,,,,,携程
中山大学(广州校区南校园)-生物博物馆,1,1,,,,,,携程
大角炮台,1,1,,,,,,携程
桃园高尔夫,1,1,,,,,,携程
犁头尖,7,7,,,,,,携程
拾野部落星空露营,10,10,,,,,,携程
马尔代夫欢乐岛,1,1,,,,,,携程
香云纱文化创意园,1,1,,,,,,携程
广州云岭湖酒店心湖会所,9,9,,,,,,携程
广东警官学院(嘉禾校区),1,1,,,,,,携程
广州悬空玻璃剧场,1,1,,,,,,携程
广州 · Happy Days幸福时光广州专场,1,1,,,,,,携程
《诗性的光谱》杨尧艺术研究展,1,1,,,,,,携程
龙头山森林公园,8,8,,,,,,携程
桑巴气球,1,1,,,,,,携程
欢乐嘉年华-欢乐跳跳,1,1,,,,,,携程
集美云曼,1,1,,,,,,携程
建设六马路,10,10,,,,,,携程
《微光同尘》王璜生个展,1,1,,,,,,携程
珠江夜游(白鹅潭艺术中心码头),1,1,,,,,,携程
朔溪,1,1,,,,,,携程
滨海湾-花海里亲子乐园,9,9,,,,,,携程
琶醍码头广场,5,5,,,,,,携程
疆进酒OMNI SPACE(广州奥体优托邦店),1,1,,,,,,携程
千岛湖,1,1,,,,,,携程
史努比(嘉信城市广场店),1,1,,,,,,携程
天河棠下智汇park,10,10,,,,,,携程
广州站-西广场,1,1,,,,,,携程
黄埔公园,10,10,,,,,,携程
南莲湾,2,2,,,,,,携程
鳒鱼洲文创园,2,2,,,,,,携程
广州客天下山谷露营基地,1,1,,,,,,携程
新滘龙舟文化公园,1,1,,,,,,携程
陈寅恪教授故居,10,10,,,,,,携程
奇妙亲子水城,1,1,,,,,,携程
肇庆新区体育中心-体育馆,1,1,,,,,,携程
七星岗公园,1,1,,,,,,携程
白鹤岗炮台,8,8,,,,,,携程
海鸥岛红树林湿地公园,1,1,,,,,,携程
古梅生态农业园,10,10,,,,,,携程
欢乐海岸plus·火箭蹦极(华侨城店),1,1,,,,,,携程
猎德鼓塔,8,8,,,,,,携程
中华全国总工会旧址,1,1,,,,,,携程
广州基督教锡安堂,10,10,,,,,,携程
白云山三特极限运动中心,1,1,,,,,,携程
本尼家艺术馆,1,1,,,,,,携程
顺德区沙富道观,1,1,,,,,,携程
三山荷花湿地公园,1,1,,,,,,携程
佛山高明银海高尔夫,3,3,,,,,,携程
西南武庙,1,1,,,,,,携程
沙面大街红楼,4,4,,,,,,携程
碧溪草堂,1,1,,,,,,携程
广州 · 那些还没吼完的青春,1,1,,,,,,携程
好玩亲子乐园,1,1,,,,,,携程
巽美术馆,1,1,,,,,,携程
中国兵器馆,10,10,,,,,,携程
周氏大宗祠,2,2,,,,,,携程
孙文纪念公园,10,10,,,,,,携程
霹雳转车,1,1,,,,,,携程
广州动物园-游乐园,1,1,,,,,,携程
灯都生态湿地公园,2,2,,,,,,携程
圣托利温泉庄园,10,10,,,,,,携程
慢慢生活馆·中泰式按摩·SPA(客村丽影店),1,1,,,,,,携程
大丰门景区,10,10,,,,,,携程
五邑华侨广场,3,3,,,,,,携程
霍英东纪念馆,4,4,,,,,,携程
西城智汇park,7,7,,,,,,携程
O2PARK创客公园,10,10,,,,,,携程
广州外婆家泉林秘境营地,2,2,,,,,,携程
明园,5,5,,,,,,携程
宝墨堂,10,10,,,,,,携程
深圳 · 福田COCOPark·沉浸式亲子魔术互动剧丨乘奇幻之旅享合家欢丨尽情体验趣味魔法幻境,1,1,,,,,,携程
潮连珍珠沙滩,1,1,,,,,,携程
保利会展中心,1,1,,,,,,携程
西班牙小镇,1,1,,,,,,携程
广州团一大纪念广场,10,10,,,,,,携程
中山 · 《追忆家驹 致敬王杰》乐坛双杰金曲演唱会,1,1,,,,,,携程
莱苏鸿园景区,1,1,,,,,,携程
杜马禅园(南山镇店),1,1,,,,,,携程
南海湿地公园,10,10,,,,,,携程
河谷雨林区,2,2,,,,,,携程
黄花风铃生态园,2,2,,,,,,携程
凌云山,6,6,,,,,,携程
竖店短剧基地,1,1,,,,,,携程
中山纪念堂,1,1,,,,,,携程
黄埔群英馆第二展馆,1,1,,,,,,携程
沙井古墟,1,1,,,,,,携程
九龙湖公园,1,1,,,,,,携程
状元坊,10,10,,,,,,携程
健儿欢乐世界,10,10,,,,,,携程
水濂山乐民水上乐园,10,10,,,,,,携程
奈尔宝家庭中心(东莞汇一城店),1,1,,,,,,携程
云栖竹径,1,1,,,,,,携程
广州天河体育中心帕迪潜水体验,1,1,,,,,,携程
滨江新区体育中心-体育馆,1,1,,,,,,携程
牌坊公园,10,10,,,,,,携程
广州 · 刘力菲《飞~~~吧！》个人LIVESHOW,1,1,,,,,,携程
花间词·繁花世界艺术大展,1,1,,,,,,携程
观景阁,1,1,,,,,,携程
铁军公园,2,2,,,,,,携程
陈白沙纪念馆,10,10,,,,,,携程
厨邦酱油文化博览馆,2,2,,,,,,携程
荔枝公园,7,7,,,,,,携程
鸿鹄楼,2,2,,,,,,携程
广州 · StarDiary 定期公演 Vol.4,1,1,,,,,,携程
珍稀濒危植物,2,2,,,,,,携程
T28OAK橡树院,1,1,,,,,,携程
深圳大运中心,10,10,,,,,,携程
冰雪世界(魔幻城堡店),6,6,,,,,,携程
黄埔村,10,10,,,,,,携程
会同村,10,10,,,,,,携程
世界之窗-窝窝萌宠森友会,10,10,,,,,,携程
明朝风情演艺城,1,1,,,,,,携程
南香山森林公园,3,3,,,,,,携程
广州 · 【OMNI SPACE九周年呈现】方言&民乐联合室内音乐节,1,1,,,,,,携程
高明滨江湿地公园,1,1,,,,,,携程
狮子湖国际休闲旅游度假区,3,3,,,,,,携程
广州足球公园,1,1,,,,,,携程
永华艺术馆,1,1,,,,,,携程
万木草堂陈列馆,10,10,,,,,,携程
广州 · 《声声不息》王杰作品金曲篇演唱会,1,1,,,,,,携程
江门熊猫亲子乐园,1,1,,,,,,携程
芬麦儿童自然探索博物馆(欢乐海岸PLUS购物中心店),1,1,,,,,,携程
塘口墟天下粮仓,6,6,,,,,,携程
沙面介绍,1,1,,,,,,携程
临江带状公园,10,10,,,,,,携程
叙宴(深圳首店),8,8,,,,,,携程
玻璃云桥,3,3,,,,,,携程
阳光沙滩,2,2,,,,,,携程
隅园,10,10,,,,,,携程
奶龙造梦游乐厂(顺德乐从店),1,1,,,,,,携程
佛山DiveHub国际潜水乐园,1,1,,,,,,携程
一速国际卡丁车(广州店),1,1,,,,,,携程
《互利天下：广东外贸一千年》展览,1,1,,,,,,携程
慢慢生活馆·中泰式按摩·SPA（太古汇店）,1,1,,,,,,携程
悦天下森林谷温泉,10,10,,,,,,携程
童趣乐园,1,1,,,,,,携程
深圳 · 天津人艺曹禺经典话剧《雷雨》,1,1,,,,,,携程
石砚百果园山庄,1,1,,,,,,携程
蒲洲炮台,2,2,,,,,,携程
慢慢生活馆·中泰式按摩·SPA(体育西店),1,1,,,,,,携程
肇庆恒大梦幻奇趣园,10,10,,,,,,携程
红树林,2,2,,,,,,携程
深圳 · 福田卓悦中心脱口秀《喜单》贤鱼、啊水、小贤领衔@追光灯喜剧,1,1,,,,,,携程
深圳国际园林花卉博览园,10,10,,,,,,携程
中国紫檀博物馆横琴分馆,10,10,,,,,,携程
台山喜运来温泉,10,10,,,,,,携程
广州直升机飞行观光旅游区,1,1,,,,,,携程
美林湖大家元演艺中心,1,1,,,,,,携程
包公祠,10,10,,,,,,携程
侨鑫超越越野车基地,1,1,,,,,,携程
广州壹泉湾温泉,10,10,,,,,,携程
番禺极核赛道,1,1,,,,,,携程
天适樱花悠乐园,10,10,,,,,,携程
穿越火线:火线战场(广州钧明欢乐世界店),2,2,,,,,,携程
小白云山风景区,4,4,,,,,,携程
陈氏祠堂,1,1,,,,,,携程
华南农业大学-湿地公园,10,10,,,,,,携程
西关大屋文化展馆,1,1,,,,,,携程
十周年特别邀请展《拾阶》,1,1,,,,,,携程
广州 · 返校日2026《毕业季》巡演,1,1,,,,,,携程
大马戏剧场,1,1,,,,,,携程
佛山市演艺中心,1,1,,,,,,携程
东莞 · 粤剧《白蛇传·情》,1,1,,,,,,携程
广州 · The Will On Kill《依然相信》特别专场,1,1,,,,,,携程
龟岗民国建筑群,10,10,,,,,,携程
云浮漂流,1,1,,,,,,携程
石板沙村,10,10,,,,,,携程
广州 · 郭剑星Sin《岚07》星光派对,1,1,,,,,,携程
大雁山风景区-大雁山海会寺,1,1,,,,,,携程
南平静修小镇,10,10,,,,,,携程
洪宝个展《心象成诗》,1,1,,,,,,携程
葵博园,10,10,,,,,,携程
星湖博物馆,3,3,,,,,,携程
广州 · 小P哥哥《不做你的前男友·巡演》,1,1,,,,,,携程
清远花卉庄园,10,10,,,,,,携程
自由落体,1,1,,,,,,携程
广州 · 沉舟乐队 2026《山风穿堂过》特别专场,1,1,,,,,,携程
广东历史文化展厅,1,1,,,,,,携程
OAO艺术空间,1,1,,,,,,携程
越秀公园四方炮台,1,1,,,,,,携程
广州直升机飞行体验基地,1,1,,,,,,携程
接霞庄,10,10,,,,,,携程
开心麻花(正佳广场店),2,2,,,,,,携程
广州开发区科技馆,1,1,,,,,,携程
广州 · SwagCheck 2026《其利断金》厂牌专场,1,1,,,,,,携程
清明上河图,1,1,,,,,,携程
红专厂当代艺术馆1号馆,10,10,,,,,,携程
西湖乐园,7,7,,,,,,携程
越秀公园-游艇部,10,10,,,,,,携程
深圳 · 《霓虹派对》复古港风迪厅沉浸式悬疑喜剧,1,1,,,,,,携程
2026第五届广州星幻动漫节,1,1,,,,,,携程
广州 · 因你而在的梦《康复日记》专场演出,1,1,,,,,,携程
珠水百年,1,1,,,,,,携程
儿童成长主题乐园,2,2,,,,,,携程
铰接式无轨电车,1,1,,,,,,携程
广州园林博物馆,6,6,,,,,,携程
广州 · 次元火花-ACG专场歌会,1,1,,,,,,携程
瑜舍,1,1,,,,,,携程
北海银滩,1,1,,,,,,携程
壹号新空间-男巫客厅,1,1,,,,,,携程
文德楼,1,1,,,,,,携程
中心广场,10,10,,,,,,携程
龙眼洞森林公园,10,10,,,,,,携程
三二九起义指挥部旧址,1,1,,,,,,携程
九洲船说·相约大海,10,10,,,,,,携程
东非草原,5,5,,,,,,携程
飞天魔轮,1,1,,,,,,携程
慢慢生活馆·中泰式按摩·SPA(昌岗店),1,1,,,,,,携程
深圳 · 全男班沉浸式舞剧《M境·DRUMK》,1,1,,,,,,携程
广东奥林匹克体育场-10区,1,1,,,,,,携程
琶洲国际会展中心B区南广场,1,1,,,,,,携程
小榄民俗博物馆,1,1,,,,,,携程
1850创意园,10,10,,,,,,携程
广州如约观光巴士,1,1,,,,,,携程
长隆水上乐园-正门广场,1,1,,,,,,携程
派潭镇,7,7,,,,,,携程
广州 · TRAP CN《跨年特辑》演出,1,1,,,,,,携程
巨大创意产业园,1,1,,,,,,携程
珠海淇澳红树林保护区,10,10,,,,,,携程
逆水流龟村堡,1,1,,,,,,携程
深圳湾文化广场,7,7,,,,,,携程
哪吒宫,1,1,,,,,,携程
广州 · RAVE ARENA III 困兽锐舞赛III丨电子音乐、电音演出、Techno、电音派对,1,1,,,,,,携程
东莞 · 舞剧《醒·狮》,1,1,,,,,,携程
《什么是现代艺术啊：你好啊，大艺术家》特展,1,1,,,,,,携程
广州 · 新春贺岁·经典百老汇爆笑喜剧《乱打神厨秀》,1,1,,,,,,携程
鹤山博物馆,2,2,,,,,,携程
广州塔剧场,1,1,,,,,,携程
飞来湖湿地公园,10,10,,,,,,携程
梅江农业生态园,2,2,,,,,,携程
飞帆山地世界,4,4,,,,,,携程
B.Duck造梦游乐厂(欢乐海岸),1,1,,,,,,携程
梦幻时光欢乐岛,7,7,,,,,,携程
广州大厦-泳池,1,1,,,,,,携程
东莞十里童话,1,1,,,,,,携程
南沙天后宫-天后广场,10,10,,,,,,携程
莲花禅寺,1,1,,,,,,携程
沿江西路55、57号骑楼,1,1,,,,,,携程
越秀山体育场,10,10,,,,,,携程
超级造浪池,1,1,,,,,,携程
广州 · 河西暮浪2026《我点雪》巡演,1,1,,,,,,携程
摩天轮,1,1,,,,,,携程
东莞展览馆,10,10,,,,,,携程
全球通大厦-广场,4,4,,,,,,携程
婚庆堂,6,6,,,,,,携程
群展《22世纪》,1,1,,,,,,携程
广州融创乐园欢乐动物小镇,1,1,,,,,,携程
苏联驻华商务代表团广州办事处领事馆,1,1,,,,,,携程
松林山庄,1,1,,,,,,携程
FullHills满山丘艺术农场,1,1,,,,,,携程
白云仙馆,10,10,,,,,,携程
情侣南路,1,1,,,,,,携程
广州 · 磊落《1000 U》二〇二六专场,1,1,,,,,,携程
FUNSEA自由潜水美人鱼学院,1,1,,,,,,携程
中国国际美博会,1,1,,,,,,携程
石牙顶,2,2,,,,,,携程
肇庆市体育中心,1,1,,,,,,携程
月亮桥,1,1,,,,,,携程
广州市基督教东山堂,10,10,,,,,,携程
创业公园,10,10,,,,,,携程
东壹水上乐园,10,10,,,,,,携程
群展《The月whip's亮shadow不never曾touched被the鞭moon打》,1,1,,,,,,携程
运动派(广州店),1,1,,,,,,携程
华南农业博物馆,1,1,,,,,,携程
仙掌岩,10,10,,,,,,携程
百万葵园,10,10,,,,,,携程
简园,3,3,,,,,,携程
广州 · 箱琴鼓手 Petteri Sariola 2026新专辑 《Voyager》指弹吉他音乐会,1,1,,,,,,携程
鹦鹉过山车,6,6,,,,,,携程
广州体育文化博物馆,10,10,,,,,,携程
蕉门公园,10,10,,,,,,携程
海珠湖桨板皮划艇水上运动中心,1,1,,,,,,携程
北极熊馆,10,10,,,,,,携程
观澳平台,10,10,,,,,,携程
深圳乘游艇追海赏日落,1,1,,,,,,携程
森波拉火山温泉,10,10,,,,,,携程
黄娟个展《写轮工程》,1,1,,,,,,携程
广州设计之都设计殿堂,2,2,,,,,,携程
广州速马赫卡丁车运动馆,1,1,,,,,,携程
华南植物园-水生植物园,1,1,,,,,,携程
鹿鸣山公园,2,2,,,,,,携程
黄花园,4,4,,,,,,携程
广州塔-科普游览厅,1,1,,,,,,携程
科学城科学广场(开泰大道),10,10,,,,,,携程
邮政博物馆,1,1,,,,,,携程
大夫山WAWA亲子欢乐世界(番禺店),1,1,,,,,,携程
斗门印象小镇,1,1,,,,,,携程
超级飞侠游乐园,1,1,,,,,,携程
守护号国防科技馆,1,1,,,,,,携程
嘉贝亲子乐园,1,1,,,,,,携程
巴贝高世界比比亲子乐园,3,3,,,,,,携程
前海湾,10,10,,,,,,携程
深南大道,10,10,,,,,,携程
资政大夫祠,1,1,,,,,,携程
NBA HOOP PARK(广州增城馆),1,1,,,,,,携程
亚洲象园,1,1,,,,,,携程
创艺生态园,1,1,,,,,,携程
激浪旋艇,1,1,,,,,,携程
广东理工学院(鼎湖校区),1,1,,,,,,携程
龙湾湿地乐跑公园,10,10,,,,,,携程
广州增城直升机观光旅游区,7,7,,,,,,携程
江海区白水带风景区,3,3,,,,,,携程
小榄水乡民俗馆,5,5,,,,,,携程
《华彩欢歌》格拉斯哥博物馆藏文艺复兴大师真迹展,1,1,,,,,,携程
千亩桃园,2,2,,,,,,携程
广州工商学院(广州校区)-图书馆,1,1,,,,,,携程
深井烧鹅博物馆(长洲岛店),1,1,,,,,,携程
COCOLAND可可乐园,2,2,,,,,,携程
古井镇烧鹅历史文化街区,6,6,,,,,,携程
新塘海贝公园,2,2,,,,,,携程
西湾公园沙滩,1,1,,,,,,携程
鬼国神宫,1,1,,,,,,携程
番禹广场,1,1,,,,,,携程
柏园,1,1,,,,,,携程
广州东站广场水景瀑布,10,10,,,,,,携程
丹顶鹤生态园,7,7,,,,,,携程
莱苏紫花风铃木花海,2,2,,,,,,携程
石牙顶天坑,1,1,,,,,,携程
东莞 · 《好爱港台》黄金年代华流金曲演唱会,1,1,,,,,,携程
东莞 · 《我心永恒》爱之旋律·浪漫情人节音乐会,1,1,,,,,,携程
大皇宫,1,1,,,,,,携程
南沙恐龙主题公园,1,1,,,,,,携程
一起卡丁赛车乐园,1,1,,,,,,携程
中山大学北门广场,10,10,,,,,,携程
大佛古寺牌坊,1,1,,,,,,携程
南湖游乐园-实弹射击场,1,1,,,,,,携程
客天下,1,1,,,,,,携程
凤梨园,6,6,,,,,,携程
嬉水乐园(祈福缤纷世界店),10,10,,,,,,携程
长城,7,7,,,,,,携程
猎德牌坊,1,1,,,,,,携程
大夫山观音古寺庙,1,1,,,,,,携程
东涌油菜花,1,1,,,,,,携程
荔枝湾泮塘,1,1,,,,,,携程
香山湖公园,10,10,,,,,,携程
广州之夜一方乐田不夜城,1,1,,,,,,携程
墨西哥草帽,1,1,,,,,,携程
宝墨园-玫瑰园,1,1,,,,,,携程
千年古楼遗址,9,9,,,,,,携程
布达拉宫(西藏),1,1,,,,,,携程
广州少年儿童图书馆,1,1,,,,,,携程
李溪坝,1,1,,,,,,携程
中共中央机关旧址春园,10,10,,,,,,携程
文搏3D打印科普研学基地,1,1,,,,,,携程
108层星光观光大厅,1,1,,,,,,携程
大佛寺-弘法大楼,1,1,,,,,,携程
清远金鸡岩,10,10,,,,,,携程
铭丰广场,1,1,,,,,,携程
白云儿童公园,1,1,,,,,,携程
广船滨江公园,1,1,,,,,,携程
海军黄埔军事博览中心,2,2,,,,,,携程
深圳 · 三脚猪喜剧 | 戴为/大番领衔 | 线上卡司常出没 | 每天爆笑脱口秀,1,1,,,,,,携程
深圳蛇口海洋科普馆,10,10,,,,,,携程
丹水坑风景旅游区,7,7,,,,,,携程
中山AS27动漫展,1,1,,,,,,携程
明城墙,2,2,,,,,,携程
广州美术学院-美术馆,1,1,,,,,,携程
ivl场馆,1,1,,,,,,携程
建筑模型博物馆(广州馆),1,1,,,,,,携程
东莞图书馆,10,10,,,,,,携程
大吉沙岛,1,1,,,,,,携程
南屏街,10,10,,,,,,携程
考拉星球亲子乐园,1,1,,,,,,携程
华连射击场,1,1,,,,,,携程
陈氏书院广场,3,3,,,,,,携程
南沙儿童公园,8,8,,,,,,携程
广州花仙子房车帐篷露营基地,10,10,,,,,,携程
陵园西路,2,2,,,,,,携程
反弹蹦床公园(优托邦·奥体超级mall店),10,10,,,,,,携程
广东国际赛车场(肇庆大旺站),1,1,,,,,,携程
国际交流中心,1,1,,,,,,携程
东莞可园,1,1,,,,,,携程
南岭塔,2,2,,,,,,携程
九湖村王氏大宗祠,1,1,,,,,,携程
耀华大街,10,10,,,,,,携程
超级飞侠主题乐园(华发商都中山店),1,1,,,,,,携程
岭南剧场,1,1,,,,,,携程
寰球游艇,8,8,,,,,,携程
东湖公园-观光游览车起止站,1,1,,,,,,携程
儿童城堡游乐场,1,1,,,,,,携程
东莞 · 互动亲子剧《科学 show》,1,1,,,,,,携程
香山云道,4,4,,,,,,携程
鹤鸣奇乐星球农文旅乐园,1,1,,,,,,携程
何香凝美术馆,10,10,,,,,,携程
米果动物城(大信·新都汇B座店),2,2,,,,,,携程
富力天海湾,1,1,,,,,,携程
岭南园,1,1,,,,,,携程
万景楼,8,8,,,,,,携程
广州黄村路步行街,10,10,,,,,,携程
增城广场,10,10,,,,,,携程
堂会(天河店),1,1,,,,,,携程
帽峰山森林公园铜锣湾生态旅游景区,3,3,,,,,,携程
理想童话亲子乐园,1,1,,,,,,携程
天南第一峰,10,10,,,,,,携程
山魈,1,1,,,,,,携程
生态设计小镇,1,1,,,,,,携程
太平手袋厂陈列馆,1,1,,,,,,携程
【广州】《塱头·墨光宝盒·心画中国》沉浸式光影艺术展,1,1,,,,,,携程
花厅坊古街,2,2,,,,,,携程
南村镇七星岗森林公园,10,10,,,,,,携程
289艺术园区,10,10,,,,,,携程
长隆旅游度假区-折衷鹦鹉,1,1,,,,,,携程
从前慢森林书房咖啡(火炉山店),1,1,,,,,,携程
秦始皇兵马俑,1,1,,,,,,携程
麻涌飞鸭开心农场,8,8,,,,,,携程
夜市街(下三村小区店),1,1,,,,,,携程
马丁叔叔的农场,1,1,,,,,,携程
周恩来同志主持的中共两广区委军委旧址,1,1,,,,,,携程
南沙活力乐园,1,1,,,,,,携程
南美休闲会馆,1,1,,,,,,携程
中山市华佗山公园-动物园,2,2,,,,,,携程
海星沙滩,1,1,,,,,,携程
中山大学(广州校区南校园)-图书馆,10,10,,,,,,携程
中共广东区委旧址纪念馆,1,1,,,,,,携程
中心湖公园,10,10,,,,,,携程
东莞 · 儿童剧《锛儿头小辫儿之疯狂的唐诗》,1,1,,,,,,携程
深圳中心公园,10,10,,,,,,携程
沙面街文化站,3,3,,,,,,携程
灯都古镇会议展览中心,1,1,,,,,,携程
清真先贤墓,2,2,,,,,,携程
广州市花都区芙蓉温泉渡假村,1,1,,,,,,携程
广州市南沙区浅海钓鱼场,1,1,,,,,,携程
秀全公园,10,10,,,,,,携程
清远世界风情女人街,1,1,,,,,,携程
逸翠园,1,1,,,,,,携程
广州货币金融博物馆,1,1,,,,,,携程
水濂山欢乐世界,1,1,,,,,,携程
广州华侨新村,3,3,,,,,,携程
深圳博物馆(古代艺术馆),10,10,,,,,,携程
孙中山大元帅府纪念馆广场,3,3,,,,,,携程
科学公园,1,1,,,,,,携程
绿轴广场,8,8,,,,,,携程
广东华侨博物馆,10,10,,,,,,携程
广州野恩动物乐园,7,7,,,,,,携程
钱岗古村,6,6,,,,,,携程
越秀公园-游览观光车站,1,1,,,,,,携程
新塘万田生态公园,3,3,,,,,,携程
深圳科学馆,9,9,,,,,,携程
国际航空航天军事模型博览会,1,1,,,,,,携程
易发商业街,10,10,,,,,,携程
夏威夷水城,1,1,,,,,,携程
广州合汇温泉,6,6,,,,,,携程
白天鹅湖休闲水汇,1,1,,,,,,携程
2026中国羽毛球大师赛,1,1,,,,,,携程
咏声动画科技馆,1,1,,,,,,携程
羊城创意产业园,10,10,,,,,,携程
江心岛,1,1,,,,,,携程
长岭街醒狮文化馆,1,1,,,,,,携程
万物破元电子游戏博物馆,1,1,,,,,,携程
暨南大学(广州石牌校区)-邵逸夫体育馆,1,1,,,,,,携程
莲花山郊野公园,10,10,,,,,,携程
深圳风味美食街,2,2,,,,,,携程
宋洋美术馆(官方售票),1,1,,,,,,携程
莲塘古村建筑群,1,1,,,,,,携程
白沙龙母庙,10,10,,,,,,携程
广州长隆度假区音乐节广场,1,1,,,,,,携程
融创体育水上滑雪场,1,1,,,,,,携程
深圳大运中心-体育馆,1,1,,,,,,携程
东澳湾,1,1,,,,,,携程
深圳 · 婺剧《孙悟空三打白骨精》,1,1,,,,,,携程
梵兮·头疗(北京路店),1,1,,,,,,携程
岭南印象园湾区穿越体验馆,1,1,,,,,,携程
银盏森林公园,1,1,,,,,,携程
玉兰大剧院,10,10,,,,,,携程
芳村花海,1,1,,,,,,携程
长洲岛亲水小镇,1,1,,,,,,携程
广东省文化馆,1,1,,,,,,携程
大罗山,3,3,,,,,,携程
亲水公园,6,6,,,,,,携程
二沙岛体育公园,10,10,,,,,,携程
“珠江红船”号游船,10,10,,,,,,携程
浪漫花岛,1,1,,,,,,携程
帆鲨海洋文化馆,10,10,,,,,,携程
孙中山文献馆,7,7,,,,,,携程
儿童天地站,1,1,,,,,,携程
松山湖生态景区-烟雨景区,1,1,,,,,,携程
叶剑英同志纪念碑,1,1,,,,,,携程
陈皮古道,3,3,,,,,,携程
及象·科创咖啡·图书馆(创意大道店),2,2,,,,,,携程
冼星海纪念馆,1,1,,,,,,携程
梁启超故居纪念馆-非遗体验区,1,1,,,,,,携程
熊猫馆,1,1,,,,,,携程
大旺公园,3,3,,,,,,携程
风云岭森林公园,10,10,,,,,,携程
华南理工大学(大学城校区)-体育场,1,1,,,,,,携程
珠江大桥,10,10,,,,,,携程
省港罢工纪念馆,1,1,,,,,,携程
广州大桥,5,5,,,,,,携程
农民工博物馆,10,10,,,,,,携程
融创由心谷旅游度假区,10,10,,,,,,携程
星海公园,10,10,,,,,,携程
广州起义纪念碑,1,1,,,,,,携程
海曼岛国际水汇,1,1,,,,,,携程
W11美术馆,1,1,,,,,,携程
海蚀遗址风景区,2,2,,,,,,携程
第一次全国劳动大会旧址,1,1,,,,,,携程
格林东庄(番禺店),10,10,,,,,,携程
飞越广东,1,1,,,,,,携程
鹰飞跳伞砚洲岛基地,1,1,,,,,,携程
末未宇宙艺术中心,1,1,,,,,,携程
广州白云湖公园-西湖,1,1,,,,,,携程
鹤山公园,10,10,,,,,,携程
广州长隆野生动物世界-科莫多龙,1,1,,,,,,携程
中山人才公园,3,3,,,,,,携程
嘉火娱乐,1,1,,,,,,携程
醉观公园,10,10,,,,,,携程
浮生六季生态园,10,10,,,,,,携程
广州塔探索空间展《时空迷局·恐龙危机》,1,1,,,,,,携程
增江画廊,10,10,,,,,,携程
速马赫卡丁车馆(时尚天河商业广场体育西路店),1,1,,,,,,携程
郭兰英剧院,1,1,,,,,,携程
迪乐尼儿童乐园(榕景路店),1,1,,,,,,携程
华南理工大学五山校区-运动场,1,1,,,,,,携程
山涧溪流,1,1,,,,,,携程
厚街镇会展中心,1,1,,,,,,携程
宋子文旧居,1,1,,,,,,携程
1906科技园扬韬广场,2,2,,,,,,携程
广州东方博物馆,8,8,,,,,,携程
执信公园,10,10,,,,,,携程
虎门国际公馆水上乐园,1,1,,,,,,携程
国政生态园,10,10,,,,,,携程
大夫山自然科普(昆虫)博物馆,1,1,,,,,,携程
太和文化广场,1,1,,,,,,携程
发展中心大厦,10,10,,,,,,携程
中山仙踪龙园,10,10,,,,,,携程
新银盏温泉度假村,1,1,,,,,,携程
月影楼,1,1,,,,,,携程
松山湖中心公园,10,10,,,,,,携程
广州长隆野生动物世界-白犀牛,1,1,,,,,,携程
天人山水度假区·溪谷营地,1,1,,,,,,携程
增埗公园,10,10,,,,,,携程
富力环球时尚博览中心,1,1,,,,,,携程
基督教救主堂,10,10,,,,,,携程
七星岩景区-观光车站,1,1,,,,,,携程
红线女旧居,10,10,,,,,,携程
陈廉伯公馆,3,3,,,,,,携程
茶庵古寺,5,5,,,,,,携程
大野牧乡国际牧场,2,2,,,,,,携程
北岭山森林公园,10,10,,,,,,携程
广东树木公园,10,10,,,,,,携程
广东中山翠亨国家湿地公园,10,10,,,,,,携程
新会陈皮文化博物馆(迎宾南路),1,1,,,,,,携程
泊安飞广航生态园,1,1,,,,,,携程
珠海国际赛车场,8,8,,,,,,携程
无公害自摘草莓园,1,1,,,,,,携程
广州杂技团第一剧院,2,2,,,,,,携程
北江小三峡游船,1,1,,,,,,携程
华侨城古劳水乡横海浪荷花世界,2,2,,,,,,携程
小榄湿地公园,1,1,,,,,,携程
御盛国际马术庄园,10,10,,,,,,携程
横栏西江花海,1,1,,,,,,携程
云台花园生态谷,1,1,,,,,,携程
再现大师-世界名画感映艺术大展（深圳),2,2,,,,,,携程
观澜版画村,10,10,,,,,,携程
深圳 · 沉浸式亲子儿童剧《科学城堡大爆炸》,1,1,,,,,,携程
崖山史迹陈列馆,1,1,,,,,,携程
乐8小城(广州嘉大广场店),1,1,,,,,,携程
中国东方大马戏团,1,1,,,,,,携程
许广平故居,1,1,,,,,,携程
广东竞速国际赛车场(麻涌店),1,1,,,,,,携程
中山市树木园,10,10,,,,,,携程
逢源大街历史文化街区,10,10,,,,,,携程
猎德村史馆,1,1,,,,,,携程
南沙IFC空中图书馆,1,1,,,,,,携程
华林寺舍利塔,1,1,,,,,,携程
东莞 · 《铁血丹心》国潮经典武侠专题音乐会,1,1,,,,,,携程
观几美术馆(广州正佳馆),1,1,,,,,,携程
ZK射箭馆(体育西店),1,1,,,,,,携程
和贵广场,1,1,,,,,,携程
星空博物馆(大信新都汇斗门店),1,1,,,,,,携程
MELAND CLUB(中山富逸城店),1,1,,,,,,携程
天河体育馆,1,1,,,,,,携程
黄埔军事夏令营,1,1,,,,,,携程
珠海直升机日月贝空中游览基地,10,10,,,,,,携程
中山纪念图书馆,2,2,,,,,,携程
珠海金湾艺术中心,2,2,,,,,,携程
中山温泉水上乐园,1,1,,,,,,携程
叠翠园,1,1,,,,,,携程
南沙凤凰湖公园,10,10,,,,,,携程
羚羊峡古道,2,2,,,,,,携程
滨江体育公园,1,1,,,,,,携程
广州恒大足球场,1,1,,,,,,携程
诺亚方舟天台烤肉烧烤,1,1,,,,,,携程
檀香岛,1,1,,,,,,携程
4d影院,1,1,,,,,,携程
南坦葵林生态湿地公园,10,10,,,,,,携程
大英图书馆·世界像素-深圳馆,4,4,,,,,,携程
长隆地铁广场,1,1,,,,,,携程
清远泡温泉,1,1,,,,,,携程
曹边村,7,7,,,,,,携程
东莞 · ACG动漫狂欢派对,1,1,,,,,,携程
螺涌公园,10,10,,,,,,携程
穗小营露营地,6,6,,,,,,携程
浔峰山生态公园,10,10,,,,,,携程
梦幻世界动漫城,1,1,,,,,,携程
钓台故址,1,1,,,,,,携程
钧明欢乐世界-刺猬索尼克乐园,1,1,,,,,,携程
航空科普馆,2,2,,,,,,携程
观音圣境,3,3,,,,,,携程
凤举湖公园,1,1,,,,,,携程
十九路军陵园-牌坊,1,1,,,,,,携程
深圳 · 伦敦西区原版音乐剧《玛蒂尔达》,1,1,,,,,,携程
无界美术馆,6,6,,,,,,携程
东莞黄旗山城市公园,10,10,,,,,,携程
海昌·乐漫冰雪王国(深圳海雅店),10,10,,,,,,携程
七星岩音乐喷泉,10,10,,,,,,携程
流书小公园,1,1,,,,,,携程
中国科学院华南植物园鼎湖山树木园,1,1,,,,,,携程
中山市儿童公园,10,10,,,,,,携程
岭南印象园-亲子乐园,1,1,,,,,,携程
宁徽园旅游度假区,1,1,,,,,,携程
《南风西渡》胡宇基世纪回顾特展,1,1,,,,,,携程
五指耙公园,6,6,,,,,,携程
万里长城(北京),1,1,,,,,,携程
广州国际游艇俱乐部,1,1,,,,,,携程
基督教光孝堂,10,10,,,,,,携程
七星岩景区-双源洞,1,1,,,,,,携程
世外桃源水上乐园,1,1,,,,,,携程
海印大桥,10,10,,,,,,携程
澳洲植物园,2,2,,,,,,携程
孙总理纪念碑,1,1,,,,,,携程
眉山寺,10,10,,,,,,携程
怀圣清真寺,1,1,,,,,,携程
水东街国家级夜间文化和旅游消费集聚区(国家级旅游休闲街区),10,10,,,,,,携程
珠村,10,10,,,,,,携程
海山仙馆,1,1,,,,,,携程
南站A公园,1,1,,,,,,携程
奇趣博物馆,1,1,,,,,,携程
永庆坊吉祥广场,1,1,,,,,,携程
梅花园,1,1,,,,,,携程
特成沙公园,2,2,,,,,,携程
比奇(广州)军事主题园,1,1,,,,,,携程
江会游乐园-动物园,10,10,,,,,,携程
从化温泉度假村,1,1,,,,,,携程
拱北莲花路商业步行街,10,10,,,,,,携程
荔湾区儿童公园,10,10,,,,,,携程
太平湖,1,1,,,,,,携程
广东东江纵队纪念馆,1,1,,,,,,携程
玉虚宫(泰兴直街),10,10,,,,,,携程
新河浦路,10,10,,,,,,携程
培正中学,10,10,,,,,,携程
深圳市天文台,10,10,,,,,,携程
海鸥岛渔人码头公园,1,1,,,,,,携程
意大利比萨斜塔,5,5,,,,,,携程
广州美术学院现在教学实践基名家作品展示基地,1,1,,,,,,携程
开心麻花-广州站,10,10,,,,,,携程
中山大学孙逸仙纪念医院院史馆,1,1,,,,,,携程
【珠海】海洋保卫战,7,7,,,,,,携程
广州市工人文化宫,1,1,,,,,,携程
铭培·科学玩家,1,1,,,,,,携程
中山大学(广州校区南校园)-人类学博物馆,4,4,,,,,,携程
暨南大学(番禺校区)-图书馆,1,1,,,,,,携程
森波拉奇妙世界,10,10,,,,,,携程
广东工业大学(东风路校区)-图书馆(农林下路),10,10,,,,,,携程
珠村牌坊,1,1,,,,,,携程
康辉旅游(大石地铁A出口),1,1,,,,,,携程
麓湖儿童乐园,10,10,,,,,,携程
《停云艺脉》文徵明家族书画作品展,1,1,,,,,,携程
退役军人保障法法治公园,1,1,,,,,,携程
广东省财政厅大楼,8,8,,,,,,携程
四季梦幻,3,3,,,,,,携程
卓思道温泉,10,10,,,,,,携程
增城新塘倚岩寺,2,2,,,,,,携程
广州市七彩游乐园,1,1,,,,,,携程
枫下湿地公园,1,1,,,,,,携程
长隆恒温水会馆,1,1,,,,,,携程
广东省科学院琶洲科普中心,1,1,,,,,,携程
天空之城,1,1,,,,,,携程
南非高原,1,1,,,,,,携程
天河科技,1,1,,,,,,携程
Hello cat猫咪王国儿童乐园,1,1,,,,,,携程
大班公馆TAI PAN(兴盛路店),1,1,,,,,,携程
正果老街,10,10,,,,,,携程
石博园,10,10,,,,,,携程
中山大学天文台旧址,4,4,,,,,,携程
威远岛,1,1,,,,,,携程
环湖栈道,1,1,,,,,,携程
广州科学城体育公园,10,10,,,,,,携程
大玩家-真人游戏体验馆(江南西店),10,10,,,,,,携程
奇幻冰雪世界(虎门店),1,1,,,,,,携程
坑贝村古建筑群,3,3,,,,,,携程
南华路/南村商业步行街(路口),10,10,,,,,,携程
东莞星河不夜城,1,1,,,,,,携程
南沙滨海绿道湿地公园,1,1,,,,,,携程
南沙超燃乐玩天地,1,1,,,,,,携程
大山乸森林公园,1,1,,,,,,携程
七彩游乐园(奥体优托邦店),1,1,,,,,,携程
耀华大街历史文化街区,1,1,,,,,,携程
深圳 · 宋思衡 & 长青合唱团《来自地球的钢琴诗》,1,1,,,,,,携程
廖仲恺何香凝纪念馆,1,1,,,,,,携程
萝岗湿地公园,10,10,,,,,,携程
中山大学(广州校区南校园)-北门牌坊,1,1,,,,,,携程
实弹射击,1,1,,,,,,携程
白云山风景名胜区-蒲谷,1,1,,,,,,携程
情趣公园,1,1,,,,,,携程
云璟大草原,1,1,,,,,,携程
帽峰山森林公园天湖,1,1,,,,,,携程
莲花城,1,1,,,,,,携程
暨南大学华文学院图书馆,1,1,,,,,,携程
紫洞舫,1,1,,,,,,携程
椰林长廊,1,1,,,,,,携程
元气森林肇庆工业旅游景区,1,1,,,,,,携程
黄埔红岭头红茶创意园,1,1,,,,,,携程
毛泽东旧居遗址,1,1,,,,,,携程
福神岗公园,8,8,,,,,,携程
奇幻萌宠部落(新塘永旺梦乐城店),1,1,,,,,,携程
三元里历史文化展览馆,1,1,,,,,,携程
辛亥革命烈士墓园,1,1,,,,,,携程
大沙河湿地公园,10,10,,,,,,携程
南沙图书馆,2,2,,,,,,携程
格林东庄（白云钟落潭店）,1,1,,,,,,携程
日月贝歌剧院,2,2,,,,,,携程
七星岩东门广场,10,10,,,,,,携程
厚街景区,1,1,,,,,,携程
创新公园,10,10,,,,,,携程
考拉无动力亲子乐园(番禺区雄峰城店),1,1,,,,,,携程
黄旗观音古寺,5,5,,,,,,携程
神石,10,10,,,,,,携程
慢节奏自驾游,1,1,,,,,,携程
长坑瀑布,1,1,,,,,,携程
大湾区体育中心体育馆,1,1,,,,,,携程
白云山三特极限运动中心游乐园,1,1,,,,,,携程
御水泉休闲娱乐中心,1,1,,,,,,携程
金坑水库,3,3,,,,,,携程
小谷围岛,1,1,,,,,,携程
极速跳跃,1,1,,,,,,携程
‌清远磁浮旅游专线,1,1,,,,,,携程
广州融创文旅城-梦回岭南剧场,1,1,,,,,,携程
深圳 · Ef & BRUIT≤  2026 中国巡演,1,1,,,,,,携程
广东画院,2,2,,,,,,携程
中山崖口幸福花海,1,1,,,,,,携程
星高度梦想水世界,10,10,,,,,,携程
广州空中步道,10,10,,,,,,携程
深圳市当代艺术与城市规划馆,10,10,,,,,,携程
深圳图书馆,10,10,,,,,,携程
萝岗儿童公园,10,10,,,,,,携程
平和大押,4,4,,,,,,携程
砚洲岛航空运动旅游营地,1,1,,,,,,携程
海天公园沙滩,6,6,,,,,,携程
隐秀寺,3,3,,,,,,携程
渔人码头,1,1,,,,,,携程
飞鹅岭,1,1,,,,,,携程
富华里,10,10,,,,,,携程
鸡笼山,2,2,,,,,,携程
岭南印象园-西关骑楼,1,1,,,,,,携程
南沙高尔夫球场,1,1,,,,,,携程
白水带风景区-法治权益区,1,1,,,,,,携程
广州市黄埔区博物馆,1,1,,,,,,携程
丛林发现,1,1,,,,,,携程
华南农业大学-树木园,10,10,,,,,,携程
聚芳园,10,10,,,,,,携程
香云乐苑,1,1,,,,,,携程
西关民俗馆,1,1,,,,,,携程
金茂湾商业街,5,5,,,,,,携程
CFC城市飞行会(广州中心),1,1,,,,,,携程
红花山公园,10,10,,,,,,携程
法雨寺,1,1,,,,,,携程
广九铁路纪念园,1,1,,,,,,携程
隐秀寺-大雄宝殿,3,3,,,,,,携程
快乐干线,1,1,,,,,,携程
岁集见山水上乐园,1,1,,,,,,携程
头号玩家跳伞俱乐部(珠海旗舰店),10,10,,,,,,携程
大梅沙海滨栈道,10,10,,,,,,携程
永泰牌坊,1,1,,,,,,携程
广州十三行展览馆,1,1,,,,,,携程
皇帝山,1,1,,,,,,携程
广府茶文化博物馆,1,1,,,,,,携程
潮连沙滩公园,1,1,,,,,,携程
广州保龄球馆,10,10,,,,,,携程
立新湖公园,10,10,,,,,,携程
雪乐山滑雪(万达广场广州海珠店),1,1,,,,,,携程
花都区盘古王公园,2,2,,,,,,携程
南汉二陵(康陵),1,1,,,,,,携程
海天公园,1,1,,,,,,携程
东莞中心公园,10,10,,,,,,携程
广州·百度Apollo Park,1,1,,,,,,携程
余荫山房-深柳堂,1,1,,,,,,携程
新慕悦游艇俱乐部（南沙店）,1,1,,,,,,携程
广东省奥林匹克体育中心网球中心,1,1,,,,,,携程
梅家大院,10,10,,,,,,携程
小东营清真寺,1,1,,,,,,携程
陈皮文化体验馆,1,1,,,,,,携程
荔湾城市记忆馆(永庆坊),1,1,,,,,,携程
东莞 · 龙婷 Stacey story《旅程》巡回音乐会,1,1,,,,,,携程
广州碑林,9,9,,,,,,携程
中山海立方海洋公园,1,1,,,,,,携程
逸仙湖公园,8,8,,,,,,携程
龙王公园,1,1,,,,,,携程
得窝青少年素养游学营地,1,1,,,,,,携程
广州番禺长隆野生动物世界自驾游览区-羊驼,1,1,,,,,,携程
南台山,1,1,,,,,,携程
深圳滨海艺术中心,2,2,,,,,,携程
深圳 · 沉浸式互动魔术剧《魔界之门》魔术戏剧|爆笑互动|惊悚魔术|悬念不断|老少皆宜,1,1,,,,,,携程
广州解放纪念像,10,10,,,,,,携程
恩平锦江温泉,10,10,,,,,,携程
南沙钧泰国际网球中心,1,1,,,,,,携程
河马空间-河马投喂服务,1,1,,,,,,携程
悦华大厦-会议厅,1,1,,,,,,携程
太古仓珠澋游艇会,1,1,,,,,,携程
Partyday能量补给站(深圳龙岗万达广场店),7,7,,,,,,携程
黄埔村牌坊,1,1,,,,,,携程
江门船厂户外博物馆(江门船厂旧址),5,5,,,,,,携程
贝趣亲子游乐园,2,2,,,,,,携程
莽山五指峰景区,10,10,,,,,,携程
广东电视塔文化游乐中心,10,10,,,,,,携程
大信新都汇商业街,10,10,,,,,,携程
哈特曼航空体验馆,7,7,,,,,,携程
天河飘绢,10,10,,,,,,携程
千年瑶寨,10,10,,,,,,携程
长廊水上乐园,1,1,,,,,,携程
盛悦居网球场(盛悦广场店),1,1,,,,,,携程
梯面绿道(一线天),1,1,,,,,,携程
跑马场,1,1,,,,,,携程
晶博馆,1,1,,,,,,携程
深圳大运中心-体育场,3,3,,,,,,携程
广州珠海夜游游艇出海中心,1,1,,,,,,携程
天河体育中心南广场,1,1,,,,,,携程
罗西尼工业旅游园区,1,1,,,,,,携程
欢乐老爷车,1,1,,,,,,携程
长洲岛历史文化街区,1,1,,,,,,携程
横石基沙滩,2,2,,,,,,携程
十八罗汉公园财神庙景区,1,1,,,,,,携程
"开国大典,朝鲜战争,中印,中越边境自卫反击战小品",1,1,,,,,,携程
中山市天主教(圣母无染原罪堂),1,1,,,,,,携程
熹乐谷水世界,10,10,,,,,,携程
文峰塔,4,4,,,,,,携程
青龙山侏罗纪森林-红尾蚺,1,1,,,,,,携程
越南青年革命同志会旧址,3,3,,,,,,携程
MELAND CLUB(万象天地店),10,10,,,,,,携程
猪猪侠小镇-广府新次元,1,1,,,,,,携程
八旗博物馆,2,2,,,,,,携程
龙舟观景台,1,1,,,,,,携程
广交会堂,1,1,,,,,,携程
香港旅游发展局,1,1,,,,,,携程
燕岭公园,1,1,,,,,,携程
沙湾古镇-西广场,1,1,,,,,,携程
大浪淘沙国际水会(虎门国际中心店),1,1,,,,,,携程
中山纪念堂-主体建筑,1,1,,,,,,携程
南沙蕉门河景区,1,1,,,,,,携程
《山花迷人眼》彭康隆水墨画展,1,1,,,,,,携程
赵泰来艺术宫,1,1,,,,,,携程
沙溪水库,1,1,,,,,,携程
广东省木偶艺术剧院,4,4,,,,,,携程
葫芦山风景区,2,2,,,,,,携程
知识城东湖,1,1,,,,,,携程
下沙公园,3,3,,,,,,携程
奥园英德巧克力王国度假区,10,10,,,,,,携程
大型室内游乐场(大信·新都汇118广场店),1,1,,,,,,携程
何少霞故居,2,2,,,,,,携程
艾米稻香小镇,9,9,,,,,,携程
头号玩家跳伞俱乐部(东莞旗舰店),1,1,,,,,,携程
一号港湾国际水汇,1,1,,,,,,携程
泮塘牌坊,1,1,,,,,,携程
古镇文化公园,1,1,,,,,,携程
梦幻童年亲子游乐园(今洲新天地店),1,1,,,,,,携程
赤坎南楼,10,10,,,,,,携程
南方创意都市现代农业价值创新园,2,2,,,,,,携程
超极限攀岩馆(六元素店),1,1,,,,,,携程
广州塔-西登塔,1,1,,,,,,携程
童玩室内游乐场,1,1,,,,,,携程
珠江钢琴创梦园,1,1,,,,,,携程
深圳 · JS哥哥妹妹《做自己的光》26周年专场,1,1,,,,,,携程
华发绿洋湾,7,7,,,,,,携程
水月阁,1,1,,,,,,携程
活力真冰溜冰场(优托邦奥体店),2,2,,,,,,携程
时尚夜上海（时尚天河商业广场店）,1,1,,,,,,携程
花都赤坭岭南盆景小镇,3,3,,,,,,携程
广州火车站越秀公园店,1,1,,,,,,携程
RONG WOOD榕·空间,1,1,,,,,,携程
海洋大街,10,10,,,,,,携程
文冲船厂,1,1,,,,,,携程
中国雪都·阿勒泰,1,1,,,,,,携程
红花山森林公园,1,1,,,,,,携程
月光流域,1,1,,,,,,携程
华南师范大学(大学城校区)-图书馆,1,1,,,,,,携程
弘源寺,5,5,,,,,,携程
海月岩,8,8,,,,,,携程
珠江英博国际啤酒博物馆,10,10,,,,,,携程
龙穴岛,4,4,,,,,,携程
陈李济中药博物馆,10,10,,,,,,携程
招工广场,1,1,,,,,,携程
国民革命军北伐誓师大会遗址,1,1,,,,,,携程
广州 · 沼泽乐队 2025《琴晚 未归人》巡演 Part 2,1,1,,,,,,携程
大班公馆PLUS(侨鑫国际店),1,1,,,,,,携程
天后宫,1,1,,,,,,携程
康韵颐景·沐足水汇(客村店),1,1,,,,,,携程
水西村,8,8,,,,,,携程
华南农业大学综合体育馆奥冠竞赛馆,1,1,,,,,,携程
粤剧艺术博物馆-西园,1,1,,,,,,携程
从一蓝莓采摘园(长洲岛店),1,1,,,,,,携程
广州鲁迅纪念公园,1,1,,,,,,携程
桃花小镇,1,1,,,,,,携程
溯榭映,4,4,,,,,,携程
AD KIDS CLUB恐龙园,1,1,,,,,,携程
莲花寺,2,2,,,,,,携程
报告问题,1,1,,,,,,携程
广州市天河区博物馆,10,10,,,,,,携程
灯塔图书馆,1,1,,,,,,携程
金狮水上乐园,3,3,,,,,,携程
朴真营地,1,1,,,,,,携程
东莞市袁崇焕纪念园,10,10,,,,,,携程
弹跳塔,1,1,,,,,,携程
天鹅谷·森氧Camp(鹅谷森氧营地),1,1,,,,,,携程
番禺天河城中心广场,1,1,,,,,,携程
南头古城博物馆,10,10,,,,,,携程
中山黄圃国际会展中心,2,2,,,,,,携程
韩国园,5,5,,,,,,携程
云里梦想乐园,10,10,,,,,,携程
泡面博物馆,1,1,,,,,,携程
森晖自然博物馆,10,10,,,,,,携程
东征阵亡烈士纪念坊,1,1,,,,,,携程
广州帽峰山生态园,2,2,,,,,,携程
桃花岛,6,6,,,,,,携程
广州仙村国际高尔夫球场,1,1,,,,,,携程
和秧合社,2,2,,,,,,携程
玩咖营地之南岗浪淘沙,1,1,,,,,,携程
广州翔云跳伞俱乐部(增城基地),2,2,,,,,,携程
客天下山谷间露营地,1,1,,,,,,携程
天河电影城(天娱广场店),1,1,,,,,,携程
小火车,1,1,,,,,,携程
广交会A场馆,1,1,,,,,,携程
锦纶会馆,7,7,,,,,,携程
incamp隐营·围炉煮茶·露营,2,2,,,,,,携程
粤海第一关纪念馆,6,6,,,,,,携程
东莞科学馆,10,10,,,,,,携程
爱启程单身相亲交友联谊活动,1,1,,,,,,携程
动物博物馆,10,10,,,,,,携程
星湖游船-禅林码头,1,1,,,,,,携程
滨海文化公园,10,10,,,,,,携程
名树园,10,10,,,,,,携程
南沙皮划艇基地,1,1,,,,,,携程
臻湖高尔夫球会,1,1,,,,,,携程
罗浮山冲虚观,5,5,,,,,,携程
JC动漫馆,1,1,,,,,,携程
水东古村落,1,1,,,,,,携程
凤城生态园,1,1,,,,,,携程
旗峰公园-旗峰山,1,1,,,,,,携程
深井公园-诸葛亮纪念堂,1,1,,,,,,携程
沙基惨案纪念碑,1,1,,,,,,携程
琴姐荔枝园,1,1,,,,,,携程
中国沉香文化博物馆,8,8,,,,,,携程
庆盛村,1,1,,,,,,携程
凤山公园,2,2,,,,,,携程
幻境空间(谢石公路店),1,1,,,,,,携程
丽谯楼,6,6,,,,,,携程
小喇叭,1,1,,,,,,携程
漆木精华——潮州木雕艺术展览,1,1,,,,,,携程
威远公园,10,10,,,,,,携程
广州从化国际赛车场,1,1,,,,,,携程
香蜜湖,10,10,,,,,,携程
桐语小镇(中山汇丰城店),1,1,,,,,,携程
假日半岛高尔夫球会,1,1,,,,,,携程
摇摆屋,1,1,,,,,,携程
龙山温泉,10,10,,,,,,携程
天湖鹭鸟生态风景区,3,3,,,,,,携程
网易游戏,1,1,,,,,,携程
森波拉冰川水谷,10,10,,,,,,携程
十四涌,10,10,,,,,,携程
广东省科技图书馆,1,1,,,,,,携程
广州总统府,1,1,,,,,,携程
西岛,2,2,,,,,,携程
广东食品药品职业学院-岭南中药博物馆,1,1,,,,,,携程
人民南历史文化街区,1,1,,,,,,携程
海湾酒吧街,3,3,,,,,,携程
英西峰林走廊,10,10,,,,,,携程
增城欢乐湾,1,1,,,,,,携程
南越国宫署遗址-秦代造船遗址,1,1,,,,,,携程
深圳 · 亲子童谣音乐会|童谣演唱会【童谣专场|合家欢之夜】经典儿童剧亲子港台动漫,1,1,,,,,,携程
清远体育中心体育馆,1,1,,,,,,携程
水月宫,3,3,,,,,,携程
琶洲SKATE滑板公园,1,1,,,,,,携程
广州市档案馆,6,6,,,,,,携程
港珠澳大桥蓝海豚岛,2,2,,,,,,携程
儿童沙滩乐园,1,1,,,,,,携程
乐民冰雪世界,2,2,,,,,,携程
暨南大学(广州石牌校区)-图书馆,1,1,,,,,,携程
电车主题公园,3,3,,,,,,携程
青云书院,5,5,,,,,,携程
长安公园,10,10,,,,,,携程
新市墟,1,1,,,,,,携程
广州融创乐园-高空漂流,1,1,,,,,,携程
肇庆市包公文化园,8,8,,,,,,携程
蘑菇精灵乐园,10,10,,,,,,携程
华师图文中心(打印复印),1,1,,,,,,携程
梯面镇,4,4,,,,,,携程
虎跳峡,1,1,,,,,,携程
欢乐湾水上乐园,1,1,,,,,,携程
《巴黎1874·印象派之夜》沉浸式探索体验-深圳站,3,3,,,,,,携程
多宝路,8,8,,,,,,携程
公坑寺旅游区,1,1,,,,,,携程
肇庆市鼎湖区砚洲包公楼,1,1,,,,,,携程
马尔代夫欢乐世界,1,1,,,,,,携程
穿越广州,1,1,,,,,,携程
美嘉华休闲会馆,1,1,,,,,,携程
大西坑公园,1,1,,,,,,携程
维多利亚广场,1,1,,,,,,携程
星露谷营地,1,1,,,,,,携程
仁和公园,1,1,,,,,,携程
洛浦公园,10,10,,,,,,携程
珠江大厦,10,10,,,,,,携程
流溪湾丰华园,3,3,,,,,,携程
三元古庙,1,1,,,,,,携程
扉美术馆,1,1,,,,,,携程
东莞峰景高尔夫,5,5,,,,,,携程
南湾村,10,10,,,,,,携程
重庆朝天门,1,1,,,,,,携程
蒋光鼐故居,1,1,,,,,,携程
惠新西街牌坊,4,4,,,,,,携程
香市影视城,1,1,,,,,,携程
清泉湾漂流,8,8,,,,,,携程
鹿鸣湖,2,2,,,,,,携程
长岭现代农业公园,3,3,,,,,,携程
乐伴泡泡浴,1,1,,,,,,携程
东平大押,10,10,,,,,,携程
凌云塔,1,1,,,,,,携程
小马森林乐园,1,1,,,,,,携程
茶坑村,1,1,,,,,,携程
爱飞客飞行体验(珠海莲洲机场),1,1,,,,,,携程
三江飞行基地,1,1,,,,,,携程
陈皮博物馆,1,1,,,,,,携程
广州五洲游艇会,1,1,,,,,,携程
环游嘉年华(天河城店),10,10,,,,,,携程
广州从化流溪河露营地,1,1,,,,,,携程
西固炮台抗英遗址,1,1,,,,,,携程
沙园公园,10,10,,,,,,携程
古埃及法老与王后,1,1,,,,,,携程
北极星营地,2,2,,,,,,携程
红莲水榭,3,3,,,,,,携程
香蜜公园,11,11,,,,,,携程
伦洲岛,6,6,,,,,,携程
翠竹林漂流乐园,2,2,,,,,,携程
昆仑山风景区,1,1,,,,,,携程
黄埔古村人文历史展览馆,6,6,,,,,,携程
华佗山公园,11,11,,,,,,携程
陈垣故居,1,1,,,,,,携程
鼎湖山国家级自然保护区-负离子最佳呼吸区,1,1,,,,,,携程
